/*
SQLyog Ultimate v12.08 (64 bit)
MySQL - 8.0.15 : Database - base_upms
*********************************************************************
*/

/*!40101 SET NAMES utf8 */;

/*!40101 SET SQL_MODE=''*/;

/*!40014 SET @OLD_UNIQUE_CHECKS=@@UNIQUE_CHECKS, UNIQUE_CHECKS=0 */;
/*!40014 SET @OLD_FOREIGN_KEY_CHECKS=@@FOREIGN_KEY_CHECKS, FOREIGN_KEY_CHECKS=0 */;
/*!40101 SET @OLD_SQL_MODE=@@SQL_MODE, SQL_MODE='NO_AUTO_VALUE_ON_ZERO' */;
/*!40111 SET @OLD_SQL_NOTES=@@SQL_NOTES, SQL_NOTES=0 */;
CREATE DATABASE /*!32312 IF NOT EXISTS*/`base_upms` /*!40100 DEFAULT CHARACTER SET utf8mb4 COLLATE utf8mb4_general_ci */;

USE `base_upms`;

/*Table structure for table `sys_datasource_conf` */

DROP TABLE IF EXISTS `sys_datasource_conf`;

CREATE TABLE `sys_datasource_conf` (
  `id` int(11) NOT NULL AUTO_INCREMENT COMMENT '主键',
  `name` varchar(255) DEFAULT NULL COMMENT '名称',
  `url` varchar(255) DEFAULT NULL,
  `username` varchar(255) DEFAULT NULL,
  `password` varchar(255) DEFAULT NULL,
  `create_date` datetime DEFAULT CURRENT_TIMESTAMP COMMENT '创建时间',
  `update_date` datetime DEFAULT CURRENT_TIMESTAMP ON UPDATE CURRENT_TIMESTAMP COMMENT '更新',
  `del_flag` char(50) DEFAULT '0' COMMENT '删除标记',
  `tenant_id` int(11) DEFAULT NULL COMMENT '租户ID',
  PRIMARY KEY (`id`)
) ENGINE=InnoDB AUTO_INCREMENT=12 DEFAULT CHARSET=utf8mb4 COLLATE=utf8mb4_0900_ai_ci COMMENT='数据源表';

/*Data for the table `sys_datasource_conf` */

insert  into `sys_datasource_conf`(`id`,`name`,`url`,`username`,`password`,`create_date`,`update_date`,`del_flag`,`tenant_id`) values (10,'base_wx','jdbc:mysql://base-mysql:3306/base_wx?characterEncoding=utf8&zeroDateTimeBehavior=convertToNull&useSSL=false&useJDBCCompliantTimezoneShift=true&useLegacyDatetimeCode=false&serverTimezone=GMT%2B8&allowMultiQueries=true','root','po7KKIgFGQjGtZFdIXhcR9ShRSAeNcI9+8s+4y6kThQ=','2019-05-14 14:50:32','2019-05-24 21:47:24','1',1),(11,'base_wx','jdbc:mysql://base-mysql:3306/base_wx?characterEncoding=utf8&zeroDateTimeBehavior=convertToNull&useSSL=false&useJDBCCompliantTimezoneShift=true&useLegacyDatetimeCode=false&serverTimezone=GMT%2B8&allowMultiQueries=true','root','NWd160CII26XSgTMYuY29w==','2019-05-24 21:47:43','2019-05-24 21:47:43','0',1);

/*Table structure for table `sys_dept` */

DROP TABLE IF EXISTS `sys_dept`;

CREATE TABLE `sys_dept` (
  `dept_id` int(20) NOT NULL AUTO_INCREMENT,
  `name` varchar(50) DEFAULT NULL COMMENT '部门名称',
  `sort` int(11) DEFAULT '1' COMMENT '排序',
  `create_time` timestamp NULL DEFAULT CURRENT_TIMESTAMP COMMENT '创建时间',
  `update_time` timestamp NULL DEFAULT NULL ON UPDATE CURRENT_TIMESTAMP COMMENT '修改时间',
  `del_flag` char(1) DEFAULT '0' COMMENT '是否删除  -1：已删除  0：正常',
  `parent_id` int(11) DEFAULT NULL,
  `tenant_id` int(11) DEFAULT NULL,
  PRIMARY KEY (`dept_id`) USING BTREE,
  KEY `ids_tenant_id` (`tenant_id`)
) ENGINE=InnoDB AUTO_INCREMENT=13 DEFAULT CHARSET=utf8 ROW_FORMAT=DYNAMIC COMMENT='部门管理';

/*Data for the table `sys_dept` */

insert  into `sys_dept`(`dept_id`,`name`,`sort`,`create_time`,`update_time`,`del_flag`,`parent_id`,`tenant_id`) values (1,'腾讯公司',1,'2018-01-22 19:00:23','2019-06-12 12:35:00','0',0,1),(2,'阿里公司',2,'2018-01-22 19:00:38','2019-06-12 12:35:02','0',0,1),(3,'腾讯一部门',1,'2018-01-22 19:00:44','2019-06-12 12:35:03','0',1,1),(4,'腾讯二部门',2,'2018-01-22 19:00:52','2019-06-12 12:47:20','0',3,1),(5,'腾讯三部门',3,'2018-01-22 19:00:57','2019-06-12 12:35:06','0',4,1),(7,'阿里一公司',1,'2018-01-22 19:01:57','2019-06-12 12:35:29','0',2,1),(8,'阿里二公司',2,'2018-01-22 19:02:03','2019-06-12 12:35:31','0',7,1),(11,'阿里三公司',3,'2018-12-10 21:19:26','2019-06-12 12:35:34','0',8,1),(12,'457547',5,'2019-06-12 14:20:36','2019-06-12 14:20:42','1',0,1);

/*Table structure for table `sys_dept_relation` */

DROP TABLE IF EXISTS `sys_dept_relation`;

CREATE TABLE `sys_dept_relation` (
  `ancestor` int(11) NOT NULL COMMENT '祖先节点',
  `descendant` int(11) NOT NULL COMMENT '后代节点',
  PRIMARY KEY (`ancestor`,`descendant`) USING BTREE,
  KEY `idx1` (`ancestor`) USING BTREE,
  KEY `idx2` (`descendant`) USING BTREE
) ENGINE=InnoDB DEFAULT CHARSET=latin1 ROW_FORMAT=DYNAMIC COMMENT='部门关系表';

/*Data for the table `sys_dept_relation` */

insert  into `sys_dept_relation`(`ancestor`,`descendant`) values (1,1),(1,3),(1,4),(1,5),(2,2),(2,7),(2,8),(2,11),(3,3),(3,4),(3,5),(4,4),(4,5),(5,5),(7,7),(7,8),(7,11),(8,8),(8,11),(10,10),(11,11);

/*Table structure for table `sys_dict` */

DROP TABLE IF EXISTS `sys_dict`;

CREATE TABLE `sys_dict` (
  `id` int(64) NOT NULL AUTO_INCREMENT COMMENT '编号',
  `type` varchar(100) NOT NULL COMMENT '类型',
  `description` varchar(100) NOT NULL COMMENT '描述',
  `create_time` timestamp NOT NULL DEFAULT CURRENT_TIMESTAMP COMMENT '创建时间',
  `update_time` timestamp NOT NULL DEFAULT CURRENT_TIMESTAMP ON UPDATE CURRENT_TIMESTAMP COMMENT '更新时间',
  `remarks` varchar(255) DEFAULT NULL COMMENT '备注信息',
  `is_system` char(1) CHARACTER SET utf8 COLLATE utf8_general_ci NOT NULL COMMENT '0-是|1-否',
  `del_flag` char(1) NOT NULL DEFAULT '0' COMMENT '删除标记',
  `tenant_id` int(11) NOT NULL DEFAULT '0' COMMENT '所属租户',
  PRIMARY KEY (`id`) USING BTREE,
  KEY `sys_dict_del_flag` (`del_flag`) USING BTREE,
  KEY `ids_tenant_id` (`tenant_id`)
) ENGINE=InnoDB AUTO_INCREMENT=25 DEFAULT CHARSET=utf8 ROW_FORMAT=DYNAMIC COMMENT='字典表';

/*Data for the table `sys_dict` */

insert  into `sys_dict`(`id`,`type`,`description`,`create_time`,`update_time`,`remarks`,`is_system`,`del_flag`,`tenant_id`) values (1,'log_type','日志类型','2019-03-19 11:06:44','2019-06-11 21:34:24','异常、正常','0','0',1),(2,'social_type','社交登录','2019-03-19 11:09:44','2019-06-11 21:34:24','微信、QQ','0','0',1),(11,'wx_rep_type','微信回复消息类型','2019-04-23 16:46:24','2019-06-11 21:34:24','text：文本；image：图片；voice：语音；video：视频；music：音乐；news：图文','0','0',1),(12,'wx_req_type','微信请求消息类型','2019-04-24 10:23:41','2019-06-15 17:26:05','text：文本；image：图片；voice：语音；video：视频；shortvideo：小视频；location：地理位置；event：事件推送','0','0',1),(13,'wx_rep_mate','微信回复类型文本匹配类型','2019-04-24 11:11:57','2019-06-11 21:34:24','微信回复类型文本匹配类型','0','0',1),(14,'weixin_type','公众号类型','2019-04-29 09:35:56','2019-06-11 21:34:24','公众号类型','0','0',1),(15,'wx_qr_scene_str','微信二维码扫码场景','2019-04-29 11:50:57','2019-06-11 21:34:24','微信二维码扫码场景','0','0',1),(16,'param_type','参数配置','2019-04-29 18:20:47','2019-06-11 21:34:24','检索、原文、报表、安全、文档、消息、其他','0','0',1),(17,'wx_subscribe','微信用户关注状态','2019-06-02 10:21:59','2019-06-11 21:34:24','微信用户关注状态','0','0',1),(18,'wx_subscribe_scene','微信用户关注渠道','2019-06-02 10:27:25','2019-06-11 21:34:24','微信用户关注渠道','0','0',1),(19,'wx_sex','微信性别','2019-06-02 10:31:16','2019-06-11 21:34:24','微信性别','0','0',1),(20,'yes_no','是/否','2019-06-09 12:37:37','2019-06-11 21:34:24','是/否','0','0',1),(21,'wx_event','微信事件类型','2019-06-09 12:42:02','2019-06-11 21:34:24','微信事件类型','0','0',1),(24,'wx_verify_type','认证类型','2019-06-25 10:27:39','2019-06-25 10:27:39','认证类型','0','0',1);

/*Table structure for table `sys_dict_item` */

DROP TABLE IF EXISTS `sys_dict_item`;

CREATE TABLE `sys_dict_item` (
  `id` int(64) NOT NULL AUTO_INCREMENT COMMENT '编号',
  `dict_id` int(11) NOT NULL,
  `value` varchar(100) NOT NULL COMMENT '数据值',
  `label` varchar(100) NOT NULL COMMENT '标签名',
  `type` varchar(100) NOT NULL COMMENT '类型',
  `description` varchar(100) NOT NULL COMMENT '描述',
  `sort` int(10) NOT NULL COMMENT '排序（升序）',
  `create_time` timestamp NOT NULL DEFAULT CURRENT_TIMESTAMP COMMENT '创建时间',
  `update_time` timestamp NOT NULL DEFAULT CURRENT_TIMESTAMP ON UPDATE CURRENT_TIMESTAMP COMMENT '更新时间',
  `remarks` varchar(255) DEFAULT NULL COMMENT '备注信息',
  `del_flag` char(1) NOT NULL DEFAULT '0' COMMENT '删除标记',
  `tenant_id` int(11) NOT NULL DEFAULT '0' COMMENT '所属租户',
  PRIMARY KEY (`id`) USING BTREE,
  KEY `sys_dict_value` (`value`) USING BTREE,
  KEY `sys_dict_label` (`label`) USING BTREE,
  KEY `sys_dict_del_flag` (`del_flag`) USING BTREE,
  KEY `ids_tenant_id` (`tenant_id`)
) ENGINE=InnoDB AUTO_INCREMENT=84 DEFAULT CHARSET=utf8 ROW_FORMAT=DYNAMIC COMMENT='字典项';

/*Data for the table `sys_dict_item` */

insert  into `sys_dict_item`(`id`,`dict_id`,`value`,`label`,`type`,`description`,`sort`,`create_time`,`update_time`,`remarks`,`del_flag`,`tenant_id`) values (1,1,'9','异常','log_type','日志异常',1,'2019-03-19 11:08:59','2019-03-25 12:49:13','','0',1),(2,1,'0','正常','log_type','日志正常',0,'2019-03-19 11:09:17','2019-03-25 12:49:18','','0',1),(3,2,'WX','微信','social_type','微信登录',0,'2019-03-19 11:10:02','2019-03-25 12:49:36','','0',1),(4,2,'QQ','QQ','social_type','QQ登录',1,'2019-03-19 11:10:14','2019-03-25 12:49:36','','0',1),(5,3,'0','未提交','leave_status','未提交',0,'2019-03-19 11:18:34','2019-03-25 12:49:36','','0',1),(6,3,'1','审批中','leave_status','审批中',1,'2019-03-19 11:18:45','2019-03-25 12:49:36','','0',1),(7,3,'2','完成','leave_status','完成',2,'2019-03-19 11:19:02','2019-03-25 12:49:36','','0',1),(8,3,'9','驳回','leave_status','驳回',9,'2019-03-19 11:19:20','2019-03-25 12:49:36','','0',1),(9,4,'1','java类','job_type','java类',1,'2019-03-19 11:22:37','2019-03-25 12:49:36','','0',1),(10,4,'2','spring bean','job_type','spring bean容器实例',2,'2019-03-19 11:23:05','2019-03-25 12:49:36','','0',1),(11,4,'9','其他','job_type','其他类型',9,'2019-03-19 11:23:31','2019-03-25 12:49:36','','0',1),(12,4,'3','Rest 调用','job_type','Rest 调用',3,'2019-03-19 11:23:57','2019-03-25 12:49:36','','0',1),(13,4,'4','jar','job_type','jar类型',4,'2019-03-19 11:24:20','2019-03-25 12:49:36','','0',1),(14,5,'1','未发布','job_status','未发布',1,'2019-03-19 11:25:18','2019-03-25 12:49:36','','0',1),(15,5,'2','运行中','job_status','运行中',2,'2019-03-19 11:25:31','2019-03-25 12:49:36','','0',1),(16,5,'3','暂停','job_status','暂停',3,'2019-03-19 11:25:42','2019-03-25 12:49:36','','0',1),(17,6,'0','正常','job_execute_status','正常',0,'2019-03-19 11:26:27','2019-03-25 12:49:36','','0',1),(18,6,'1','异常','job_execute_status','异常',1,'2019-03-19 11:26:41','2019-03-25 12:49:36','','0',1),(19,7,'1','错失周期立即执行','misfire_policy','错失周期立即执行',1,'2019-03-19 11:27:45','2019-03-25 12:49:36','','0',1),(20,7,'2','错失周期执行一次','misfire_policy','错失周期执行一次',2,'2019-03-19 11:27:57','2019-03-25 12:49:36','','0',1),(21,7,'3','下周期执行','misfire_policy','下周期执行',3,'2019-03-19 11:28:08','2019-03-25 12:49:36','','0',1),(22,8,'1','男','gender','微信-男',0,'2019-03-27 13:45:13','2019-03-27 13:45:13','微信-男','0',1),(23,8,'2','女','gender','女-微信',1,'2019-03-27 13:45:34','2019-03-27 13:45:34','女-微信','0',1),(24,8,'0','未知','gender','x性别未知',3,'2019-03-27 13:45:57','2019-03-27 13:45:57','x性别未知','0',1),(25,9,'0','未关注','subscribe','公众号-未关注',0,'2019-03-27 13:49:07','2019-03-27 13:49:07','公众号-未关注','0',1),(26,9,'1','已关注','subscribe','公众号-已关注',1,'2019-03-27 13:49:26','2019-03-27 13:49:26','公众号-已关注','0',1),(27,10,'0','未回复','response_type','微信消息-未回复',0,'2019-03-28 21:29:47','2019-03-28 21:29:47','微信消息-未回复','0',1),(28,10,'1','已回复','response_type','微信消息-已回复',1,'2019-03-28 21:30:08','2019-03-28 21:30:08','微信消息-已回复','0',1),(29,11,'text','文本','wx_rep_type','文本',1,'2019-04-23 16:47:14','2019-04-23 16:47:14','文本','0',1),(30,11,'image','图片','wx_rep_type','图片',2,'2019-04-23 16:47:36','2019-04-23 16:47:36','图片','0',1),(31,11,'voice','语音','wx_rep_type','语音',3,'2019-04-23 16:47:57','2019-04-23 16:47:57','语音','0',1),(32,11,'video','视频','wx_rep_type','视频',4,'2019-04-23 16:48:12','2019-04-23 16:48:12','视频','0',1),(33,11,'music','音乐','wx_rep_type','音乐',5,'2019-04-23 16:48:27','2019-04-23 16:48:27','音乐','0',1),(34,11,'news','图文','wx_rep_type','图文',6,'2019-04-23 16:48:42','2019-04-23 16:48:42','图文','0',1),(35,12,'text','文本','wx_req_type','文本',1,'2019-04-24 10:24:03','2019-04-24 10:24:03','文本','0',1),(36,12,'image','图片','wx_req_type','图片',2,'2019-04-24 10:24:18','2019-04-24 10:24:18','图片','0',1),(37,12,'voice','语音','wx_req_type','语音',3,'2019-04-24 10:24:32','2019-04-24 10:24:32','语音','0',1),(38,12,'video','视频','wx_req_type','视频',4,'2019-04-24 10:24:46','2019-04-24 10:24:46','视频','0',1),(39,12,'shortvideo','小视频','wx_req_type','小视频',5,'2019-04-24 10:25:01','2019-04-24 10:25:01','小视频','0',1),(40,12,'location','地理位置','wx_req_type','地理位置',6,'2019-04-24 10:25:15','2019-04-24 10:25:15','地理位置','0',1),(41,13,'1','全匹配','wx_rep_mate','全匹配',1,'2019-04-24 11:12:12','2019-04-24 11:12:12','全匹配','0',1),(42,13,'2','半匹配','wx_rep_mate','半匹配',2,'2019-04-24 11:12:26','2019-04-24 11:12:26','半匹配','0',1),(43,14,'0','订阅号','weixin_type','订阅号',0,'2019-04-29 09:36:12','2019-06-21 09:49:12','订阅号','0',1),(44,14,'2','服务号','weixin_type','服务号',1,'2019-04-29 09:36:30','2019-06-21 09:51:09','服务号','0',1),(45,14,'1','老帐号升级后的订阅号','weixin_type','老帐号升级后的订阅号',2,'2019-04-29 09:36:41','2019-06-21 09:51:10','老帐号升级后的订阅号','0',1),(46,15,'1','后台默认二维码','wx_qr_scene_str','后台默认二维码',1,'2019-04-29 11:51:51','2019-04-29 11:51:51','后台默认二维码','0',1),(47,16,'1','检索','param_type','检索',0,'2019-04-29 18:22:17','2019-04-29 18:22:17','检索','0',1),(48,16,'2','原文','param_type','原文',0,'2019-04-29 18:22:27','2019-04-29 18:22:27','原文','0',1),(49,16,'3','报表','param_type','报表',0,'2019-04-29 18:22:36','2019-04-29 18:22:36','报表','0',1),(50,16,'4','安全','param_type','安全',0,'2019-04-29 18:22:46','2019-04-29 18:22:46','安全','0',1),(51,16,'5','文档','param_type','文档',0,'2019-04-29 18:22:56','2019-04-29 18:22:56','文档','0',1),(52,16,'6','消息','param_type','消息',0,'2019-04-29 18:23:05','2019-04-29 18:23:05','消息','0',1),(53,16,'9','其他','param_type','其他',0,'2019-04-29 18:23:16','2019-04-29 18:23:16','其他','0',1),(54,16,'0','默认','param_type','默认',0,'2019-04-29 18:23:30','2019-04-29 18:23:30','默认','0',1),(55,12,'link','链接消息','wx_req_type','链接消息',7,'2019-05-30 11:05:00','2019-05-30 11:05:00','链接消息','0',1),(56,17,'0','已关注','wx_subscribe','已关注',0,'2019-06-02 10:23:46','2019-06-02 10:23:46','已关注','0',1),(57,17,'1','取消关注','wx_subscribe','取消关注',1,'2019-06-02 10:24:11','2019-06-02 10:24:11','取消关注','0',1),(58,17,'2','网页授权用户','wx_subscribe','网页授权用户',2,'2019-06-02 10:24:34','2019-06-02 10:24:34','网页授权用户','0',1),(59,18,'ADD_SCENE_SEARCH','公众号搜索','wx_subscribe_scene','公众号搜索',0,'2019-06-02 10:28:04','2019-06-02 10:28:04','公众号搜索','0',1),(60,18,'ADD_SCENE_ACCOUNT_MIGRATION','公众号迁移','wx_subscribe_scene','公众号迁移',1,'2019-06-02 10:28:21','2019-06-02 10:28:21','公众号迁移','0',1),(61,18,'ADD_SCENE_PROFILE_CARD','名片分享','wx_subscribe_scene','名片分享',2,'2019-06-02 10:28:40','2019-06-02 10:28:40','名片分享','0',1),(62,18,'ADD_SCENE_QR_CODE','扫描二维码','wx_subscribe_scene','扫描二维码',3,'2019-06-02 10:28:58','2019-06-02 10:28:58','扫描二维码','0',1),(63,18,'ADD_SCENE_PROFILE_LINK','图文页内名称点击','wx_subscribe_scene','图文页内名称点击',4,'2019-06-02 10:29:18','2019-06-02 10:29:18','图文页内名称点击','0',1),(64,18,'ADD_SCENE_PROFILE_ITEM','图文页右上角菜单','wx_subscribe_scene','图文页右上角菜单',5,'2019-06-02 10:29:36','2019-06-02 10:29:36','图文页右上角菜单','0',1),(65,18,'ADD_SCENE_PAID','支付后关注','wx_subscribe_scene','支付后关注',7,'2019-06-02 10:29:50','2019-06-02 10:29:50','支付后关注','0',1),(66,18,'ADD_SCENE_OTHERS','其他','wx_subscribe_scene','其他',7,'2019-06-02 10:30:06','2019-06-02 10:30:06','其他','0',1),(67,19,'0','未知','wx_sex','未知',0,'2019-06-02 10:31:31','2019-06-02 10:31:31','未知','0',1),(68,19,'1','男','wx_sex','男',1,'2019-06-02 10:31:43','2019-06-02 10:31:43','男','0',1),(69,19,'2','女','wx_sex','女',2,'2019-06-02 10:31:55','2019-06-02 10:31:55','女','0',1),(70,12,'event','事件推送','wx_req_type','事件推送',7,'2019-06-09 12:31:18','2019-06-09 12:31:18','事件推送','0',1),(71,20,'0','是','yes_no','是',0,'2019-06-09 12:37:54','2019-06-09 12:37:54','是','0',1),(72,20,'1','否','yes_no','否',1,'2019-06-09 12:38:06','2019-06-09 12:38:06','否','0',1),(73,21,'subscribe','关注','wx_event','关注',0,'2019-06-09 12:42:37','2019-06-09 12:42:37','关注','0',1),(74,21,'unsubscribe','取关','wx_event','取关',1,'2019-06-09 12:42:55','2019-06-09 12:42:55','取关','0',1),(75,21,'CLICK','点击菜单','wx_event','点击菜单',2,'2019-06-09 12:43:32','2019-06-09 12:43:32','点击菜单','0',1),(76,21,'VIEW','点击菜单链接','wx_event','点击菜单链接',3,'2019-06-09 12:43:59','2019-06-09 12:43:59','点击菜单链接','0',1),(77,24,'-1','未认证','wx_verify_type','未认证',0,'2019-06-25 10:28:39','2019-06-25 10:28:39','未认证','0',1),(78,24,'0','微信认证','wx_verify_type','微信认证',1,'2019-06-25 10:28:56','2019-06-25 10:28:56','微信认证','0',1),(79,24,'1','新浪微博认证','wx_verify_type','新浪微博认证',2,'2019-06-25 10:29:10','2019-06-25 10:29:10','新浪微博认证','0',1),(80,24,'2','腾讯微博认证','wx_verify_type','腾讯微博认证',3,'2019-06-25 10:29:22','2019-06-25 10:29:22','腾讯微博认证','0',1),(81,24,'3','已资质认证通过但还未通过名称认证','wx_verify_type','已资质认证通过但还未通过名称认证',4,'2019-06-25 10:29:38','2019-06-25 10:29:38','已资质认证通过但还未通过名称认证','0',1),(82,24,'4','已资质认证通过、还未通过名称认证，但通过了新浪微博认证','wx_verify_type','已资质认证通过、还未通过名称认证，但通过了新浪微博认证',5,'2019-06-25 10:29:52','2019-06-25 10:29:52','已资质认证通过、还未通过名称认证，但通过了新浪微博认证','0',1),(83,24,'5','已资质认证通过、还未通过名称认证，但通过了腾讯微博认证','wx_verify_type','已资质认证通过、还未通过名称认证，但通过了腾讯微博认证',6,'2019-06-25 10:30:05','2019-06-25 10:30:05','已资质认证通过、还未通过名称认证，但通过了腾讯微博认证','0',1);

/*Table structure for table `sys_log` */

DROP TABLE IF EXISTS `sys_log`;

CREATE TABLE `sys_log` (
  `id` bigint(64) NOT NULL AUTO_INCREMENT COMMENT '编号',
  `type` char(1) DEFAULT '1' COMMENT '日志类型',
  `title` varchar(255) DEFAULT '' COMMENT '日志标题',
  `service_id` varchar(32) DEFAULT NULL COMMENT '服务ID',
  `create_by` varchar(64) DEFAULT NULL COMMENT '创建者',
  `create_time` datetime DEFAULT CURRENT_TIMESTAMP COMMENT '创建时间',
  `update_time` datetime DEFAULT NULL ON UPDATE CURRENT_TIMESTAMP COMMENT '更新时间',
  `remote_addr` varchar(255) DEFAULT NULL COMMENT '操作IP地址',
  `user_agent` varchar(1000) DEFAULT NULL COMMENT '用户代理',
  `request_uri` varchar(255) DEFAULT NULL COMMENT '请求URI',
  `method` varchar(10) DEFAULT NULL COMMENT '操作方式',
  `params` text COMMENT '操作提交的数据',
  `time` mediumtext COMMENT '执行时间',
  `del_flag` char(1) DEFAULT '0' COMMENT '删除标记',
  `exception` text COMMENT '异常信息',
  `tenant_id` int(11) DEFAULT '0' COMMENT '所属租户',
  PRIMARY KEY (`id`) USING BTREE,
  KEY `sys_log_create_by` (`create_by`) USING BTREE,
  KEY `sys_log_request_uri` (`request_uri`) USING BTREE,
  KEY `sys_log_type` (`type`) USING BTREE,
  KEY `sys_log_create_date` (`create_time`) USING BTREE
) ENGINE=InnoDB AUTO_INCREMENT=1032 DEFAULT CHARSET=utf8 ROW_FORMAT=DYNAMIC COMMENT='日志表';

/*Data for the table `sys_log` */

insert  into `sys_log`(`id`,`type`,`title`,`service_id`,`create_by`,`create_time`,`update_time`,`remote_addr`,`user_agent`,`request_uri`,`method`,`params`,`time`,`del_flag`,`exception`,`tenant_id`) values (61,'0','更新角色菜单','upms','admin','2019-03-23 22:14:14',NULL,'127.0.0.1','Mozilla/5.0 (Windows NT 10.0; Win64; x64) AppleWebKit/537.36 (KHTML, like Gecko) Chrome/73.0.3683.75 Safari/537.36','/role/menu','PUT','roleId=%5B1%5D&menuIds=%5B1000%2C1100%2C1101%2C1102%2C1103%2C1200%2C1201%2C1202%2C1203%2C1300%2C1301%2C1302%2C1303%2C1304%2C1400%2C1401%2C1402%2C1403%2C2000%2C2100%2C2101%2C2200%2C2201%2C2202%2C2203%2C2300%2C2400%2C2401%2C2402%2C2403%2C2500%2C2501%2C2502%2C2503%2C2600%2C2601%2C2700%2C3000%2C3100%2C3200%2C3300%2C3400%2C3500%2C3600%2C3601%2C3700%2C3800%2C3900%2C3901%2C4000%2C4100%2C4101%2C4200%2C4201%2C4300%2C4301%2C4302%2C4303%2C4400%2C4401%2C8000%2C8100%2C8110%2C8111%2C8112%2C8113%2C8200%2C8210%2C8211%2C8212%2C8213%2C%5D','101','0',NULL,1),(62,'0','更新角色菜单','upms','admin','2019-03-25 15:35:49',NULL,'127.0.0.1','Mozilla/5.0 (Windows NT 10.0; Win64; x64) AppleWebKit/537.36 (KHTML, like Gecko) Chrome/73.0.3683.86 Safari/537.36','/role/menu','PUT','roleId=%5B1%5D&menuIds=%5B1000%2C1100%2C1101%2C1102%2C1103%2C1200%2C1201%2C1202%2C1203%2C1300%2C1301%2C1302%2C1303%2C1304%2C1400%2C1401%2C1402%2C1403%2C2000%2C2100%2C2101%2C2200%2C2201%2C2202%2C2203%2C2300%2C2400%2C2401%2C2402%2C2403%2C2500%2C2501%2C2502%2C2503%2C2600%2C2601%2C2700%2C3000%2C3100%2C3200%2C3300%2C3400%2C3500%2C3600%2C3601%2C3700%2C3800%2C3900%2C3901%2C4000%2C4100%2C4101%2C4200%2C4201%2C4300%2C4301%2C4302%2C4303%2C4400%2C4401%2C8000%2C8100%2C8110%2C8111%2C8112%2C8113%2C8120%2C8121%2C8122%2C8123%2C8200%2C8210%2C8211%2C8212%2C8213%2C%5D','176','0',NULL,1),(63,'0','更新角色菜单','upms','admin','2019-03-27 16:55:46',NULL,'127.0.0.1','Mozilla/5.0 (Windows NT 10.0; Win64; x64) AppleWebKit/537.36 (KHTML, like Gecko) Chrome/73.0.3683.86 Safari/537.36','/role/menu','PUT','roleId=%5B1%5D&menuIds=%5B1000%2C1100%2C1101%2C1102%2C1103%2C1200%2C1201%2C1202%2C1203%2C1300%2C1301%2C1302%2C1303%2C1304%2C1400%2C1401%2C1402%2C1403%2C2000%2C2100%2C2101%2C2200%2C2201%2C2202%2C2203%2C2300%2C2400%2C2401%2C2402%2C2403%2C2500%2C2501%2C2502%2C2503%2C2600%2C2601%2C2700%2C3000%2C3100%2C3200%2C3300%2C3400%2C3500%2C3600%2C3601%2C3700%2C3800%2C3900%2C3901%2C4000%2C4100%2C4101%2C4200%2C4201%2C4300%2C4301%2C4302%2C4303%2C4400%2C4401%2C8000%2C8100%2C8110%2C8111%2C8112%2C8113%2C8120%2C8121%2C8122%2C8123%2C8130%2C8131%2C8132%2C8133%2C8200%2C8210%2C8211%2C8212%2C8213%2C%5D','209','0',NULL,1),(64,'9','render',NULL,NULL,'2019-03-28 10:19:54',NULL,NULL,NULL,'http://localhost:8081/#/weixin/wxmp/wxmenu',NULL,'Cannot read property \'length\' of undefined',NULL,'0','TypeError: Cannot read property \'length\' of undefined\n    at VueComponent.menuKeyLength (webpack-internal:///./node_modules/cache-loader/dist/cjs.js?!./node_modules/babel-loader/lib/index.js!./node_modules/cache-loader/dist/cjs.js?!./node_modules/vue-loader/lib/index.js?!./src/views/wxmp/wxmenu/index.vue?vue&type=script&lang=js&:391:29)\n    at Watcher.get (http://localhost:8081/cdn/vue/2.5.2/vue.min.js:3035:25)\n    at Watcher.evaluate (http://localhost:8081/cdn/vue/2.5.2/vue.min.js:3142:21)\n    at VueComponent.computedGetter [as menuKeyLength] (http://localhost:8081/cdn/vue/2.5.2/vue.min.js:3425:17)\n    at Object.get (http://localhost:8081/cdn/vue/2.5.2/vue.min.js:1896:20)\n    at Proxy.render (eval at ./node_modules/cache-loader/dist/cjs.js?{\"cacheDirectory\":\"node_modules/.cache/vue-loader\",\"cacheIdentifier\":\"3702b0d9-vue-loader-template\"}!./node_modules/vue-loader/lib/loaders/templateLoader.js?!./node_modules/cache-loader/dist/cjs.js?!./node_modules/vue-loader/lib/index.js?!./src/views/wxmp/wxmenu/index.vue?vue&type=template&id=561f97f8&scoped=true& (http://localhost:8081/0.js:551:1), <anonymous>:80:17)\n    at VueComponent.Vue._render (http://localhost:8081/cdn/vue/2.5.2/vue.min.js:4385:22)\n    at VueComponent.updateComponent (http://localhost:8081/cdn/vue/2.5.2/vue.min.js:2694:21)\n    at Watcher.get (http://localhost:8081/cdn/vue/2.5.2/vue.min.js:3035:25)\n    at Watcher.run (http://localhost:8081/cdn/vue/2.5.2/vue.min.js:3112:22)',1),(65,'9','render',NULL,NULL,'2019-03-28 10:19:54',NULL,NULL,NULL,'http://localhost:8081/#/weixin/wxmp/wxmenu',NULL,'Cannot read property \'length\' of undefined',NULL,'0','TypeError: Cannot read property \'length\' of undefined\n    at VueComponent.menuKeyLength (webpack-internal:///./node_modules/cache-loader/dist/cjs.js?!./node_modules/babel-loader/lib/index.js!./node_modules/cache-loader/dist/cjs.js?!./node_modules/vue-loader/lib/index.js?!./src/views/wxmp/wxmenu/index.vue?vue&type=script&lang=js&:391:29)\n    at Watcher.get (http://localhost:8081/cdn/vue/2.5.2/vue.min.js:3035:25)\n    at Watcher.evaluate (http://localhost:8081/cdn/vue/2.5.2/vue.min.js:3142:21)\n    at VueComponent.computedGetter [as menuKeyLength] (http://localhost:8081/cdn/vue/2.5.2/vue.min.js:3425:17)\n    at Object.get (http://localhost:8081/cdn/vue/2.5.2/vue.min.js:1896:20)\n    at Proxy.render (eval at ./node_modules/cache-loader/dist/cjs.js?{\"cacheDirectory\":\"node_modules/.cache/vue-loader\",\"cacheIdentifier\":\"3702b0d9-vue-loader-template\"}!./node_modules/vue-loader/lib/loaders/templateLoader.js?!./node_modules/cache-loader/dist/cjs.js?!./node_modules/vue-loader/lib/index.js?!./src/views/wxmp/wxmenu/index.vue?vue&type=template&id=561f97f8&scoped=true& (http://localhost:8081/0.js:551:1), <anonymous>:80:17)\n    at VueComponent.Vue._render (http://localhost:8081/cdn/vue/2.5.2/vue.min.js:4385:22)\n    at VueComponent.updateComponent (http://localhost:8081/cdn/vue/2.5.2/vue.min.js:2694:21)\n    at Watcher.get (http://localhost:8081/cdn/vue/2.5.2/vue.min.js:3035:25)\n    at Watcher.run (http://localhost:8081/cdn/vue/2.5.2/vue.min.js:3112:22)',1),(66,'9','render',NULL,NULL,'2019-03-28 10:19:54',NULL,NULL,NULL,'http://localhost:8081/#/weixin/wxmp/wxmenu',NULL,'Cannot read property \'length\' of undefined',NULL,'0','TypeError: Cannot read property \'length\' of undefined\n    at VueComponent.menuKeyLength (webpack-internal:///./node_modules/cache-loader/dist/cjs.js?!./node_modules/babel-loader/lib/index.js!./node_modules/cache-loader/dist/cjs.js?!./node_modules/vue-loader/lib/index.js?!./src/views/wxmp/wxmenu/index.vue?vue&type=script&lang=js&:391:29)\n    at Watcher.get (http://localhost:8081/cdn/vue/2.5.2/vue.min.js:3035:25)\n    at Watcher.evaluate (http://localhost:8081/cdn/vue/2.5.2/vue.min.js:3142:21)\n    at VueComponent.computedGetter [as menuKeyLength] (http://localhost:8081/cdn/vue/2.5.2/vue.min.js:3425:17)\n    at Object.get (http://localhost:8081/cdn/vue/2.5.2/vue.min.js:1896:20)\n    at Proxy.render (eval at ./node_modules/cache-loader/dist/cjs.js?{\"cacheDirectory\":\"node_modules/.cache/vue-loader\",\"cacheIdentifier\":\"3702b0d9-vue-loader-template\"}!./node_modules/vue-loader/lib/loaders/templateLoader.js?!./node_modules/cache-loader/dist/cjs.js?!./node_modules/vue-loader/lib/index.js?!./src/views/wxmp/wxmenu/index.vue?vue&type=template&id=561f97f8&scoped=true& (http://localhost:8081/0.js:551:1), <anonymous>:80:17)\n    at VueComponent.Vue._render (http://localhost:8081/cdn/vue/2.5.2/vue.min.js:4385:22)\n    at VueComponent.updateComponent (http://localhost:8081/cdn/vue/2.5.2/vue.min.js:2694:21)\n    at Watcher.get (http://localhost:8081/cdn/vue/2.5.2/vue.min.js:3035:25)\n    at Watcher.run (http://localhost:8081/cdn/vue/2.5.2/vue.min.js:3112:22)',1),(67,'9','render',NULL,NULL,'2019-03-28 10:19:54',NULL,NULL,NULL,'http://localhost:8081/#/weixin/wxmp/wxmenu',NULL,'Cannot read property \'length\' of undefined',NULL,'0','TypeError: Cannot read property \'length\' of undefined\n    at eval (eval at ./node_modules/cache-loader/dist/cjs.js?{\"cacheDirectory\":\"node_modules/.cache/vue-loader\",\"cacheIdentifier\":\"3702b0d9-vue-loader-template\"}!./node_modules/vue-loader/lib/loaders/templateLoader.js?!./node_modules/cache-loader/dist/cjs.js?!./node_modules/vue-loader/lib/index.js?!./src/views/wxmp/wxmenu/index.vue?vue&type=template&id=561f97f8&scoped=true& (http://localhost:8081/0.js:551:1), <anonymous>:60:41)\n    at Proxy.renderList (http://localhost:8081/cdn/vue/2.5.2/vue.min.js:3621:16)\n    at Proxy.render (eval at ./node_modules/cache-loader/dist/cjs.js?{\"cacheDirectory\":\"node_modules/.cache/vue-loader\",\"cacheIdentifier\":\"3702b0d9-vue-loader-template\"}!./node_modules/vue-loader/lib/loaders/templateLoader.js?!./node_modules/cache-loader/dist/cjs.js?!./node_modules/vue-loader/lib/index.js?!./src/views/wxmp/wxmenu/index.vue?vue&type=template&id=561f97f8&scoped=true& (http://localhost:8081/0.js:551:1), <anonymous>:17:17)\n    at VueComponent.Vue._render (http://localhost:8081/cdn/vue/2.5.2/vue.min.js:4385:22)\n    at VueComponent.updateComponent (http://localhost:8081/cdn/vue/2.5.2/vue.min.js:2694:21)\n    at Watcher.get (http://localhost:8081/cdn/vue/2.5.2/vue.min.js:3035:25)\n    at Watcher.run (http://localhost:8081/cdn/vue/2.5.2/vue.min.js:3112:22)\n    at flushSchedulerQueue (http://localhost:8081/cdn/vue/2.5.2/vue.min.js:2880:13)\n    at Array.<anonymous> (http://localhost:8081/cdn/vue/2.5.2/vue.min.js:1789:12)\n    at MessagePort.flushCallbacks (http://localhost:8081/cdn/vue/2.5.2/vue.min.js:1710:14)',1),(68,'9','render',NULL,NULL,'2019-03-28 10:19:54',NULL,NULL,NULL,'http://localhost:8081/#/weixin/wxmp/wxmenu',NULL,'Cannot read property \'length\' of undefined',NULL,'0','TypeError: Cannot read property \'length\' of undefined\n    at eval (eval at ./node_modules/cache-loader/dist/cjs.js?{\"cacheDirectory\":\"node_modules/.cache/vue-loader\",\"cacheIdentifier\":\"3702b0d9-vue-loader-template\"}!./node_modules/vue-loader/lib/loaders/templateLoader.js?!./node_modules/cache-loader/dist/cjs.js?!./node_modules/vue-loader/lib/index.js?!./src/views/wxmp/wxmenu/index.vue?vue&type=template&id=561f97f8&scoped=true& (http://localhost:8081/0.js:551:1), <anonymous>:60:41)\n    at Proxy.renderList (http://localhost:8081/cdn/vue/2.5.2/vue.min.js:3621:16)\n    at Proxy.render (eval at ./node_modules/cache-loader/dist/cjs.js?{\"cacheDirectory\":\"node_modules/.cache/vue-loader\",\"cacheIdentifier\":\"3702b0d9-vue-loader-template\"}!./node_modules/vue-loader/lib/loaders/templateLoader.js?!./node_modules/cache-loader/dist/cjs.js?!./node_modules/vue-loader/lib/index.js?!./src/views/wxmp/wxmenu/index.vue?vue&type=template&id=561f97f8&scoped=true& (http://localhost:8081/0.js:551:1), <anonymous>:17:17)\n    at VueComponent.Vue._render (http://localhost:8081/cdn/vue/2.5.2/vue.min.js:4385:22)\n    at VueComponent.updateComponent (http://localhost:8081/cdn/vue/2.5.2/vue.min.js:2694:21)\n    at Watcher.get (http://localhost:8081/cdn/vue/2.5.2/vue.min.js:3035:25)\n    at Watcher.run (http://localhost:8081/cdn/vue/2.5.2/vue.min.js:3112:22)\n    at flushSchedulerQueue (http://localhost:8081/cdn/vue/2.5.2/vue.min.js:2880:13)\n    at Array.<anonymous> (http://localhost:8081/cdn/vue/2.5.2/vue.min.js:1789:12)\n    at MessagePort.flushCallbacks (http://localhost:8081/cdn/vue/2.5.2/vue.min.js:1710:14)',1),(69,'9','render',NULL,NULL,'2019-03-28 10:19:54',NULL,NULL,NULL,'http://localhost:8081/#/weixin/wxmp/wxmenu',NULL,'Cannot read property \'length\' of undefined',NULL,'0','TypeError: Cannot read property \'length\' of undefined\n    at eval (eval at ./node_modules/cache-loader/dist/cjs.js?{\"cacheDirectory\":\"node_modules/.cache/vue-loader\",\"cacheIdentifier\":\"3702b0d9-vue-loader-template\"}!./node_modules/vue-loader/lib/loaders/templateLoader.js?!./node_modules/cache-loader/dist/cjs.js?!./node_modules/vue-loader/lib/index.js?!./src/views/wxmp/wxmenu/index.vue?vue&type=template&id=561f97f8&scoped=true& (http://localhost:8081/0.js:551:1), <anonymous>:60:41)\n    at Proxy.renderList (http://localhost:8081/cdn/vue/2.5.2/vue.min.js:3621:16)\n    at Proxy.render (eval at ./node_modules/cache-loader/dist/cjs.js?{\"cacheDirectory\":\"node_modules/.cache/vue-loader\",\"cacheIdentifier\":\"3702b0d9-vue-loader-template\"}!./node_modules/vue-loader/lib/loaders/templateLoader.js?!./node_modules/cache-loader/dist/cjs.js?!./node_modules/vue-loader/lib/index.js?!./src/views/wxmp/wxmenu/index.vue?vue&type=template&id=561f97f8&scoped=true& (http://localhost:8081/0.js:551:1), <anonymous>:17:17)\n    at VueComponent.Vue._render (http://localhost:8081/cdn/vue/2.5.2/vue.min.js:4385:22)\n    at VueComponent.updateComponent (http://localhost:8081/cdn/vue/2.5.2/vue.min.js:2694:21)\n    at Watcher.get (http://localhost:8081/cdn/vue/2.5.2/vue.min.js:3035:25)\n    at Watcher.run (http://localhost:8081/cdn/vue/2.5.2/vue.min.js:3112:22)\n    at flushSchedulerQueue (http://localhost:8081/cdn/vue/2.5.2/vue.min.js:2880:13)\n    at Array.<anonymous> (http://localhost:8081/cdn/vue/2.5.2/vue.min.js:1789:12)\n    at MessagePort.flushCallbacks (http://localhost:8081/cdn/vue/2.5.2/vue.min.js:1710:14)',1),(70,'9','render',NULL,NULL,'2019-03-28 10:19:54',NULL,NULL,NULL,'http://localhost:8081/#/weixin/wxmp/wxmenu',NULL,'Cannot read property \'length\' of undefined',NULL,'0','TypeError: Cannot read property \'length\' of undefined\n    at eval (eval at ./node_modules/cache-loader/dist/cjs.js?{\"cacheDirectory\":\"node_modules/.cache/vue-loader\",\"cacheIdentifier\":\"3702b0d9-vue-loader-template\"}!./node_modules/vue-loader/lib/loaders/templateLoader.js?!./node_modules/cache-loader/dist/cjs.js?!./node_modules/vue-loader/lib/index.js?!./src/views/wxmp/wxmenu/index.vue?vue&type=template&id=561f97f8&scoped=true& (http://localhost:8081/0.js:551:1), <anonymous>:60:41)\n    at Proxy.renderList (http://localhost:8081/cdn/vue/2.5.2/vue.min.js:3621:16)\n    at Proxy.render (eval at ./node_modules/cache-loader/dist/cjs.js?{\"cacheDirectory\":\"node_modules/.cache/vue-loader\",\"cacheIdentifier\":\"3702b0d9-vue-loader-template\"}!./node_modules/vue-loader/lib/loaders/templateLoader.js?!./node_modules/cache-loader/dist/cjs.js?!./node_modules/vue-loader/lib/index.js?!./src/views/wxmp/wxmenu/index.vue?vue&type=template&id=561f97f8&scoped=true& (http://localhost:8081/0.js:551:1), <anonymous>:17:17)\n    at VueComponent.Vue._render (http://localhost:8081/cdn/vue/2.5.2/vue.min.js:4385:22)\n    at VueComponent.updateComponent (http://localhost:8081/cdn/vue/2.5.2/vue.min.js:2694:21)\n    at Watcher.get (http://localhost:8081/cdn/vue/2.5.2/vue.min.js:3035:25)\n    at Watcher.run (http://localhost:8081/cdn/vue/2.5.2/vue.min.js:3112:22)\n    at flushSchedulerQueue (http://localhost:8081/cdn/vue/2.5.2/vue.min.js:2880:13)\n    at Array.<anonymous> (http://localhost:8081/cdn/vue/2.5.2/vue.min.js:1789:12)\n    at MessagePort.flushCallbacks (http://localhost:8081/cdn/vue/2.5.2/vue.min.js:1710:14)',1),(71,'9','render',NULL,NULL,'2019-03-28 10:19:54',NULL,NULL,NULL,'http://localhost:8081/#/weixin/wxmp/wxmenu',NULL,'Cannot read property \'length\' of undefined',NULL,'0','TypeError: Cannot read property \'length\' of undefined\n    at eval (eval at ./node_modules/cache-loader/dist/cjs.js?{\"cacheDirectory\":\"node_modules/.cache/vue-loader\",\"cacheIdentifier\":\"3702b0d9-vue-loader-template\"}!./node_modules/vue-loader/lib/loaders/templateLoader.js?!./node_modules/cache-loader/dist/cjs.js?!./node_modules/vue-loader/lib/index.js?!./src/views/wxmp/wxmenu/index.vue?vue&type=template&id=561f97f8&scoped=true& (http://localhost:8081/0.js:551:1), <anonymous>:60:41)\n    at Proxy.renderList (http://localhost:8081/cdn/vue/2.5.2/vue.min.js:3621:16)\n    at Proxy.render (eval at ./node_modules/cache-loader/dist/cjs.js?{\"cacheDirectory\":\"node_modules/.cache/vue-loader\",\"cacheIdentifier\":\"3702b0d9-vue-loader-template\"}!./node_modules/vue-loader/lib/loaders/templateLoader.js?!./node_modules/cache-loader/dist/cjs.js?!./node_modules/vue-loader/lib/index.js?!./src/views/wxmp/wxmenu/index.vue?vue&type=template&id=561f97f8&scoped=true& (http://localhost:8081/0.js:551:1), <anonymous>:17:17)\n    at VueComponent.Vue._render (http://localhost:8081/cdn/vue/2.5.2/vue.min.js:4385:22)\n    at VueComponent.updateComponent (http://localhost:8081/cdn/vue/2.5.2/vue.min.js:2694:21)\n    at Watcher.get (http://localhost:8081/cdn/vue/2.5.2/vue.min.js:3035:25)\n    at Watcher.run (http://localhost:8081/cdn/vue/2.5.2/vue.min.js:3112:22)\n    at flushSchedulerQueue (http://localhost:8081/cdn/vue/2.5.2/vue.min.js:2880:13)\n    at Array.<anonymous> (http://localhost:8081/cdn/vue/2.5.2/vue.min.js:1789:12)\n    at MessagePort.flushCallbacks (http://localhost:8081/cdn/vue/2.5.2/vue.min.js:1710:14)',1),(72,'0','更新角色菜单','upms','admin','2019-03-28 16:12:09',NULL,'127.0.0.1','Mozilla/5.0 (Windows NT 10.0; Win64; x64) AppleWebKit/537.36 (KHTML, like Gecko) Chrome/73.0.3683.86 Safari/537.36','/role/menu','PUT','roleId=%5B1%5D&menuIds=%5B1000%2C1100%2C1101%2C1102%2C1103%2C1200%2C1201%2C1202%2C1203%2C1300%2C1301%2C1302%2C1303%2C1304%2C1400%2C1401%2C1402%2C1403%2C2000%2C2100%2C2101%2C2200%2C2201%2C2202%2C2203%2C2300%2C2400%2C2401%2C2402%2C2403%2C2500%2C2501%2C2502%2C2503%2C2600%2C2601%2C2700%2C3000%2C3100%2C3200%2C3300%2C3400%2C3500%2C3600%2C3601%2C3700%2C3800%2C3900%2C3901%2C4000%2C4100%2C4101%2C4200%2C4201%2C4300%2C4301%2C4302%2C4303%2C4400%2C4401%2C8110%2C8111%2C8112%2C8113%2C8120%2C8121%2C8122%2C8123%2C8200%2C8210%2C8211%2C8212%2C8213%2C8000%2C8100%5D','175','0',NULL,1),(73,'0','删除菜单','upms','admin','2019-03-28 16:12:55',NULL,'127.0.0.1','Mozilla/5.0 (Windows NT 10.0; Win64; x64) AppleWebKit/537.36 (KHTML, like Gecko) Chrome/73.0.3683.86 Safari/537.36','/menu/8130','DELETE','','18','0',NULL,1),(74,'0','删除菜单','upms','admin','2019-03-28 16:13:02',NULL,'127.0.0.1','Mozilla/5.0 (Windows NT 10.0; Win64; x64) AppleWebKit/537.36 (KHTML, like Gecko) Chrome/73.0.3683.86 Safari/537.36','/menu/8133','DELETE','','73','0',NULL,1),(75,'0','删除菜单','upms','admin','2019-03-28 16:13:05',NULL,'127.0.0.1','Mozilla/5.0 (Windows NT 10.0; Win64; x64) AppleWebKit/537.36 (KHTML, like Gecko) Chrome/73.0.3683.86 Safari/537.36','/menu/8132','DELETE','','79','0',NULL,1),(76,'0','删除菜单','upms','admin','2019-03-28 16:13:08',NULL,'127.0.0.1','Mozilla/5.0 (Windows NT 10.0; Win64; x64) AppleWebKit/537.36 (KHTML, like Gecko) Chrome/73.0.3683.86 Safari/537.36','/menu/8131','DELETE','','74','0',NULL,1),(77,'0','删除菜单','upms','admin','2019-03-28 16:13:13',NULL,'127.0.0.1','Mozilla/5.0 (Windows NT 10.0; Win64; x64) AppleWebKit/537.36 (KHTML, like Gecko) Chrome/73.0.3683.86 Safari/537.36','/menu/8130','DELETE','','87','0',NULL,1),(78,'0','更新角色菜单','upms','admin','2019-03-28 18:04:04',NULL,'127.0.0.1','Mozilla/5.0 (Windows NT 10.0; Win64; x64) AppleWebKit/537.36 (KHTML, like Gecko) Chrome/73.0.3683.86 Safari/537.36','/role/menu','PUT','roleId=%5B1%5D&menuIds=%5B1000%2C1100%2C1101%2C1102%2C1103%2C1200%2C1201%2C1202%2C1203%2C1300%2C1301%2C1302%2C1303%2C1304%2C1400%2C1401%2C1402%2C1403%2C2000%2C2100%2C2101%2C2200%2C2201%2C2202%2C2203%2C2300%2C2400%2C2401%2C2402%2C2403%2C2500%2C2501%2C2502%2C2503%2C2600%2C2601%2C2700%2C3000%2C3100%2C3200%2C3300%2C3400%2C3500%2C3600%2C3601%2C3700%2C3800%2C3900%2C3901%2C4000%2C4100%2C4101%2C4200%2C4201%2C4300%2C4301%2C4302%2C4303%2C4400%2C4401%2C8000%2C8100%2C8110%2C8111%2C8112%2C8113%2C8114%2C8120%2C8121%2C8122%2C8123%2C8200%2C8210%2C8211%2C8212%2C8213%2C%5D','222','0',NULL,1),(79,'0','更新菜单','upms','admin','2019-03-28 18:04:44',NULL,'127.0.0.1','Mozilla/5.0 (Windows NT 10.0; Win64; x64) AppleWebKit/537.36 (KHTML, like Gecko) Chrome/73.0.3683.86 Safari/537.36','/menu','PUT','','87','0',NULL,1),(80,'0','更新菜单','upms','admin','2019-03-28 18:04:53',NULL,'127.0.0.1','Mozilla/5.0 (Windows NT 10.0; Win64; x64) AppleWebKit/537.36 (KHTML, like Gecko) Chrome/73.0.3683.86 Safari/537.36','/menu','PUT','','53','0',NULL,1),(81,'0','更新菜单','upms','admin','2019-03-28 18:04:58',NULL,'127.0.0.1','Mozilla/5.0 (Windows NT 10.0; Win64; x64) AppleWebKit/537.36 (KHTML, like Gecko) Chrome/73.0.3683.86 Safari/537.36','/menu','PUT','','62','0',NULL,1),(82,'0','更新菜单','upms','admin','2019-03-28 18:05:02',NULL,'127.0.0.1','Mozilla/5.0 (Windows NT 10.0; Win64; x64) AppleWebKit/537.36 (KHTML, like Gecko) Chrome/73.0.3683.86 Safari/537.36','/menu','PUT','','60','0',NULL,1),(83,'0','更新菜单','upms','admin','2019-03-28 18:05:08',NULL,'127.0.0.1','Mozilla/5.0 (Windows NT 10.0; Win64; x64) AppleWebKit/537.36 (KHTML, like Gecko) Chrome/73.0.3683.86 Safari/537.36','/menu','PUT','','69','0',NULL,1),(84,'0','更新菜单','upms','admin','2019-03-28 18:05:12',NULL,'127.0.0.1','Mozilla/5.0 (Windows NT 10.0; Win64; x64) AppleWebKit/537.36 (KHTML, like Gecko) Chrome/73.0.3683.86 Safari/537.36','/menu','PUT','','89','0',NULL,1),(85,'0','更新菜单','upms','admin','2019-03-28 18:05:16',NULL,'127.0.0.1','Mozilla/5.0 (Windows NT 10.0; Win64; x64) AppleWebKit/537.36 (KHTML, like Gecko) Chrome/73.0.3683.86 Safari/537.36','/menu','PUT','','73','0',NULL,1),(86,'0','保存并发布菜单','upms','admin','2019-03-28 18:31:49',NULL,'127.0.0.1','PostmanRuntime/7.6.1','/wxmenu/saveAndRelease','POST','','4','0',NULL,1),(87,'0','保存并发布菜单','upms','admin','2019-03-28 18:33:11',NULL,'127.0.0.1','PostmanRuntime/7.6.1','/wxmenu/saveAndRelease','POST','','23','0',NULL,1),(88,'0','保存并发布菜单','upms','admin','2019-03-28 18:40:16',NULL,'127.0.0.1','PostmanRuntime/7.6.1','/wxmenu/saveAndRelease','POST','','24','0',NULL,1),(89,'0','保存并发布菜单','upms','admin','2019-03-28 18:41:44',NULL,'127.0.0.1','PostmanRuntime/7.6.1','/wxmenu/saveAndRelease','POST','','24','0',NULL,1),(90,'0','保存并发布菜单','upms','admin','2019-03-29 10:58:14',NULL,'127.0.0.1','Mozilla/5.0 (Windows NT 10.0; Win64; x64) AppleWebKit/537.36 (KHTML, like Gecko) Chrome/73.0.3683.86 Safari/537.36','/wxmenu/saveAndRelease','POST','','16628','0',NULL,1),(91,'0','保存并发布菜单','upms','admin','2019-03-29 11:03:49',NULL,'127.0.0.1','Mozilla/5.0 (Windows NT 10.0; Win64; x64) AppleWebKit/537.36 (KHTML, like Gecko) Chrome/73.0.3683.86 Safari/537.36','/wxmenu/saveAndRelease','POST','','475','0',NULL,1),(92,'0','保存并发布菜单','upms','admin','2019-03-29 12:52:01',NULL,'127.0.0.1','Mozilla/5.0 (Windows NT 10.0; Win64; x64) AppleWebKit/537.36 (KHTML, like Gecko) Chrome/73.0.3683.86 Safari/537.36','/wxmenu/saveAndRelease','POST','','412','0',NULL,1),(93,'0','保存并发布菜单','upms','admin','2019-03-29 16:39:50',NULL,'127.0.0.1','Mozilla/5.0 (Windows NT 10.0; Win64; x64) AppleWebKit/537.36 (KHTML, like Gecko) Chrome/73.0.3683.86 Safari/537.36','/wxmenu/saveAndRelease','POST','','436','0',NULL,1),(94,'0','保存并发布菜单','upms','admin','2019-03-29 16:57:10',NULL,'127.0.0.1','Mozilla/5.0 (Windows NT 10.0; Win64; x64) AppleWebKit/537.36 (KHTML, like Gecko) Chrome/73.0.3683.86 Safari/537.36','/wxmenu/saveAndRelease','POST','','1869','0',NULL,1),(95,'0','保存并发布菜单','upms','admin','2019-03-29 16:58:57',NULL,'127.0.0.1','Mozilla/5.0 (Windows NT 10.0; Win64; x64) AppleWebKit/537.36 (KHTML, like Gecko) Chrome/73.0.3683.86 Safari/537.36','/wxmenu/saveAndRelease','POST','','451','0',NULL,1),(96,'0','保存并发布菜单','upms','admin','2019-03-29 17:04:52',NULL,'127.0.0.1','Mozilla/5.0 (Windows NT 10.0; Win64; x64) AppleWebKit/537.36 (KHTML, like Gecko) Chrome/73.0.3683.86 Safari/537.36','/wxmenu/saveAndRelease','POST','','894','0',NULL,1),(97,'0','保存并发布菜单','upms','admin','2019-03-29 17:25:57',NULL,'127.0.0.1','Mozilla/5.0 (Windows NT 10.0; Win64; x64) AppleWebKit/537.36 (KHTML, like Gecko) Chrome/73.0.3683.86 Safari/537.36','/wxmenu/saveAndRelease','POST','','919','0',NULL,1),(98,'0','保存并发布菜单','upms','admin','2019-03-29 17:32:22',NULL,'127.0.0.1','Mozilla/5.0 (Windows NT 10.0; Win64; x64) AppleWebKit/537.36 (KHTML, like Gecko) Chrome/73.0.3683.86 Safari/537.36','/wxmenu/saveAndRelease','POST','','909','0',NULL,1),(99,'0','保存并发布菜单','upms','admin','2019-03-29 17:32:33',NULL,'127.0.0.1','Mozilla/5.0 (Windows NT 10.0; Win64; x64) AppleWebKit/537.36 (KHTML, like Gecko) Chrome/73.0.3683.86 Safari/537.36','/wxmenu/saveAndRelease','POST','','417','0',NULL,1),(100,'0','保存并发布菜单','upms','admin','2019-03-29 17:32:56',NULL,'127.0.0.1','Mozilla/5.0 (Windows NT 10.0; Win64; x64) AppleWebKit/537.36 (KHTML, like Gecko) Chrome/73.0.3683.86 Safari/537.36','/wxmenu/saveAndRelease','POST','','405','0',NULL,1),(101,'0','保存并发布菜单','upms','admin','2019-03-29 17:34:44',NULL,'127.0.0.1','Mozilla/5.0 (Windows NT 10.0; Win64; x64) AppleWebKit/537.36 (KHTML, like Gecko) Chrome/73.0.3683.86 Safari/537.36','/wxmenu/saveAndRelease','POST','','400','0',NULL,1),(102,'0','保存并发布菜单','upms','admin','2019-03-29 17:37:03',NULL,'127.0.0.1','Mozilla/5.0 (Windows NT 10.0; Win64; x64) AppleWebKit/537.36 (KHTML, like Gecko) Chrome/73.0.3683.86 Safari/537.36','/wxmenu/saveAndRelease','POST','','905','0',NULL,1),(103,'0','保存并发布菜单','upms','admin','2019-03-29 17:59:41',NULL,'127.0.0.1','Mozilla/5.0 (Windows NT 10.0; Win64; x64) AppleWebKit/537.36 (KHTML, like Gecko) Chrome/73.0.3683.86 Safari/537.36','/wxmenu/saveAndRelease','POST','','399','0',NULL,1),(104,'0','保存并发布菜单','upms','admin','2019-03-29 18:02:24',NULL,'127.0.0.1','Mozilla/5.0 (Windows NT 10.0; Win64; x64) AppleWebKit/537.36 (KHTML, like Gecko) Chrome/73.0.3683.86 Safari/537.36','/wxmenu/saveAndRelease','POST','','886','0',NULL,1),(105,'0','保存并发布菜单','upms','admin','2019-03-29 18:05:40',NULL,'127.0.0.1','Mozilla/5.0 (Windows NT 10.0; Win64; x64) AppleWebKit/537.36 (KHTML, like Gecko) Chrome/73.0.3683.86 Safari/537.36','/wxmenu/saveAndRelease','POST','','1161','0',NULL,1),(106,'0','保存并发布菜单','upms','admin','2019-03-29 18:06:30',NULL,'127.0.0.1','Mozilla/5.0 (Windows NT 10.0; Win64; x64) AppleWebKit/537.36 (KHTML, like Gecko) Chrome/73.0.3683.86 Safari/537.36','/wxmenu/saveAndRelease','POST','','827','0',NULL,1),(107,'0','保存并发布菜单','upms','admin','2019-03-29 18:08:46',NULL,'127.0.0.1','Mozilla/5.0 (Windows NT 10.0; Win64; x64) AppleWebKit/537.36 (KHTML, like Gecko) Chrome/73.0.3683.86 Safari/537.36','/wxmenu/saveAndRelease','POST','','1341','0',NULL,1),(108,'0','保存并发布菜单','upms','admin','2019-03-29 18:09:55',NULL,'127.0.0.1','Mozilla/5.0 (Windows NT 10.0; Win64; x64) AppleWebKit/537.36 (KHTML, like Gecko) Chrome/73.0.3683.86 Safari/537.36','/wxmenu/saveAndRelease','POST','','1216','0',NULL,1),(109,'0','保存并发布菜单','upms','admin','2019-03-29 18:11:29',NULL,'127.0.0.1','Mozilla/5.0 (Windows NT 10.0; Win64; x64) AppleWebKit/537.36 (KHTML, like Gecko) Chrome/73.0.3683.86 Safari/537.36','/wxmenu/saveAndRelease','POST','','1014','0',NULL,1),(110,'0','保存并发布菜单','upms','admin','2019-03-29 18:15:30',NULL,'127.0.0.1','Mozilla/5.0 (Windows NT 10.0; Win64; x64) AppleWebKit/537.36 (KHTML, like Gecko) Chrome/73.0.3683.86 Safari/537.36','/wxmenu/saveAndRelease','POST','','1017','0',NULL,1),(111,'0','添加角色','upms','admin','2019-03-30 17:44:21',NULL,'127.0.0.1','Mozilla/5.0 (Windows NT 10.0; Win64; x64) AppleWebKit/537.36 (KHTML, like Gecko) Chrome/73.0.3683.75 Safari/537.36','/role','POST','','12','0',NULL,1),(112,'0','添加用户','upms','admin','2019-03-30 17:45:24',NULL,'127.0.0.1','Mozilla/5.0 (Windows NT 10.0; Win64; x64) AppleWebKit/537.36 (KHTML, like Gecko) Chrome/73.0.3683.75 Safari/537.36','/user','POST','','152','0',NULL,1),(113,'0','更新角色菜单','upms','admin','2019-03-30 17:45:38',NULL,'127.0.0.1','Mozilla/5.0 (Windows NT 10.0; Win64; x64) AppleWebKit/537.36 (KHTML, like Gecko) Chrome/73.0.3683.75 Safari/537.36','/role/menu','PUT','roleId=%5B3%5D&menuIds=%5B1000%2C1100%2C1101%2C1102%2C1103%2C1200%2C1201%2C1202%2C1203%2C1300%2C1301%2C1302%2C1303%2C1304%2C1400%2C1401%2C1402%2C1403%2C%5D','49','0',NULL,1),(114,'0','更新用户信息','upms','test','2019-03-30 17:48:35',NULL,'127.0.0.1','Mozilla/5.0 (Windows NT 10.0; Win64; x64) AppleWebKit/537.36 (KHTML, like Gecko) Chrome/73.0.3683.75 Safari/537.36','/user','PUT','','154','0',NULL,1),(115,'0','更新角色菜单','upms','admin','2019-03-30 19:56:18',NULL,'127.0.0.1','Mozilla/5.0 (Windows NT 10.0; Win64; x64) AppleWebKit/537.36 (KHTML, like Gecko) Chrome/73.0.3683.75 Safari/537.36','/role/menu','PUT','roleId=%5B1%5D&menuIds=%5B1000%2C1100%2C1101%2C1102%2C1103%2C1200%2C1201%2C1202%2C1203%2C1300%2C1301%2C1302%2C1303%2C1304%2C1400%2C1401%2C1402%2C1403%2C2000%2C2100%2C2101%2C2200%2C2201%2C2202%2C2203%2C2300%2C2400%2C2401%2C2402%2C2403%2C2500%2C2501%2C2502%2C2503%2C2600%2C2601%2C2700%2C3000%2C3100%2C3200%2C3300%2C3400%2C3500%2C3600%2C3601%2C3700%2C3800%2C3900%2C3901%2C4000%2C4100%2C4101%2C4200%2C4201%2C4300%2C4301%2C4302%2C4303%2C4400%2C4401%2C8111%2C8112%2C8113%2C8114%2C8116%2C8121%2C8122%2C8123%2C8211%2C8212%2C8213%2C8000%2C8100%2C8110%2C8120%2C8200%2C8210%5D','127','0',NULL,1),(116,'0','更新角色菜单','upms','admin','2019-03-30 19:57:47',NULL,'127.0.0.1','Mozilla/5.0 (Windows NT 10.0; Win64; x64) AppleWebKit/537.36 (KHTML, like Gecko) Chrome/73.0.3683.75 Safari/537.36','/role/menu','PUT','roleId=%5B1%5D&menuIds=%5B1000%2C1100%2C1101%2C1102%2C1103%2C1200%2C1201%2C1202%2C1203%2C1300%2C1301%2C1302%2C1303%2C1304%2C1400%2C1401%2C1402%2C1403%2C2000%2C2100%2C2101%2C2200%2C2201%2C2202%2C2203%2C2300%2C2400%2C2401%2C2402%2C2403%2C2500%2C2501%2C2502%2C2503%2C2600%2C2601%2C2700%2C3000%2C3100%2C3200%2C3300%2C3400%2C3500%2C3600%2C3601%2C3700%2C3800%2C3900%2C3901%2C4000%2C4100%2C4101%2C4200%2C4201%2C4300%2C4301%2C4302%2C4303%2C4400%2C4401%2C8111%2C8112%2C8113%2C8114%2C8115%2C8121%2C8122%2C8123%2C8211%2C8212%2C8213%2C8000%2C8100%2C8110%2C8120%2C8200%2C8210%5D','62','0',NULL,1),(117,'0','更新角色菜单','upms','admin','2019-03-30 20:12:08',NULL,'127.0.0.1','Mozilla/5.0 (Windows NT 10.0; Win64; x64) AppleWebKit/537.36 (KHTML, like Gecko) Chrome/73.0.3683.75 Safari/537.36','/role/menu','PUT','roleId=%5B1%5D&menuIds=%5B1000%2C1100%2C1101%2C1102%2C1103%2C1200%2C1201%2C1202%2C1203%2C1300%2C1301%2C1302%2C1303%2C1304%2C1400%2C1401%2C1402%2C1403%2C2000%2C2100%2C2101%2C2200%2C2201%2C2202%2C2203%2C2300%2C2400%2C2401%2C2402%2C2403%2C2500%2C2501%2C2502%2C2503%2C2600%2C2601%2C2700%2C3000%2C3100%2C3200%2C3300%2C3400%2C3500%2C3600%2C3601%2C3700%2C3800%2C3900%2C3901%2C4000%2C4100%2C4101%2C4200%2C4201%2C4300%2C4301%2C4302%2C4303%2C4400%2C4401%2C8000%2C8100%2C8110%2C8111%2C8112%2C8113%2C8114%2C8115%2C8116%2C8120%2C8121%2C8122%2C8123%2C8124%2C8200%2C8210%2C8211%2C8212%2C8213%2C8214%2C%5D','63','0',NULL,1),(118,'0','修改微信账号配置','upms','admin','2019-04-01 13:55:55',NULL,'127.0.0.1','Mozilla/5.0 (Windows NT 10.0; Win64; x64) AppleWebKit/537.36 (KHTML, like Gecko) Chrome/73.0.3683.86 Safari/537.36','/wxapp','PUT','','115','0',NULL,1),(119,'0','保存并发布菜单','upms','admin','2019-04-01 14:49:12',NULL,'127.0.0.1','Mozilla/5.0 (Windows NT 10.0; Win64; x64) AppleWebKit/537.36 (KHTML, like Gecko) Chrome/73.0.3683.86 Safari/537.36','/wxmenu/saveAndRelease','POST','','1009','0',NULL,1),(120,'0','修改微信账号配置','upms','admin','2019-04-01 14:49:36',NULL,'127.0.0.1','Mozilla/5.0 (Windows NT 10.0; Win64; x64) AppleWebKit/537.36 (KHTML, like Gecko) Chrome/73.0.3683.86 Safari/537.36','/wxapp','PUT','','9','0',NULL,1),(121,'0','保存并发布菜单','upms','admin','2019-04-01 15:17:59',NULL,'127.0.0.1','Mozilla/5.0 (Windows NT 10.0; Win64; x64) AppleWebKit/537.36 (KHTML, like Gecko) Chrome/73.0.3683.86 Safari/537.36','/wxmenu/saveAndRelease','POST','','905','0',NULL,1),(122,'0','保存并发布菜单','upms','admin','2019-04-01 17:08:13',NULL,'127.0.0.1','Mozilla/5.0 (Windows NT 10.0; Win64; x64) AppleWebKit/537.36 (KHTML, like Gecko) Chrome/73.0.3683.86 Safari/537.36','/wxmenu/saveAndRelease','POST','','1527','0',NULL,1),(123,'0','更新角色菜单','upms','admin','2019-04-02 08:58:45',NULL,'127.0.0.1','Mozilla/5.0 (Windows NT 10.0; Win64; x64) AppleWebKit/537.36 (KHTML, like Gecko) Chrome/73.0.3683.86 Safari/537.36','/role/menu','PUT','roleId=%5B1%5D&menuIds=%5B1000%2C1100%2C1101%2C1102%2C1103%2C1200%2C1201%2C1202%2C1203%2C1300%2C1301%2C1302%2C1303%2C1304%2C1400%2C1401%2C1402%2C1403%2C2000%2C2100%2C2101%2C2200%2C2201%2C2202%2C2203%2C2300%2C2400%2C2401%2C2402%2C2403%2C2500%2C2501%2C2502%2C2503%2C2600%2C2601%2C2700%2C3000%2C3100%2C3200%2C3300%2C3400%2C3500%2C3600%2C3601%2C3700%2C3800%2C3900%2C3901%2C4000%2C4100%2C4101%2C4200%2C4201%2C4300%2C4301%2C4302%2C4303%2C4400%2C4401%2C8000%2C8100%2C8110%2C8111%2C8112%2C8113%2C8114%2C8115%2C8116%2C8120%2C8121%2C8122%2C8123%2C8124%2C8130%2C8131%2C8132%2C8133%2C8134%2C8200%2C8210%2C8211%2C8212%2C8213%2C8214%2C%5D','366','0',NULL,1),(124,'0','更新角色菜单','upms','admin','2019-04-02 09:27:22',NULL,'127.0.0.1','Mozilla/5.0 (Windows NT 10.0; Win64; x64) AppleWebKit/537.36 (KHTML, like Gecko) Chrome/73.0.3683.86 Safari/537.36','/role/menu','PUT','roleId=%5B1%5D&menuIds=%5B1000%2C1100%2C1101%2C1102%2C1103%2C1200%2C1201%2C1202%2C1203%2C1300%2C1301%2C1302%2C1303%2C1304%2C1400%2C1401%2C1402%2C1403%2C2000%2C2100%2C2101%2C2200%2C2201%2C2202%2C2203%2C2300%2C2400%2C2401%2C2402%2C2403%2C2500%2C2501%2C2502%2C2503%2C2600%2C2601%2C2700%2C3000%2C3100%2C3200%2C3300%2C3400%2C3500%2C3600%2C3601%2C3700%2C3800%2C3900%2C3901%2C4000%2C4100%2C4101%2C4200%2C4201%2C4300%2C4301%2C4302%2C4303%2C4400%2C4401%2C8110%2C8111%2C8112%2C8113%2C8114%2C8120%2C8121%2C8122%2C8123%2C8124%2C8200%2C8210%2C8211%2C8212%2C8213%2C8214%2C8000%2C8100%5D','177','0',NULL,1),(125,'0','更新角色菜单','upms','admin','2019-04-02 09:28:32',NULL,'127.0.0.1','Mozilla/5.0 (Windows NT 10.0; Win64; x64) AppleWebKit/537.36 (KHTML, like Gecko) Chrome/73.0.3683.86 Safari/537.36','/role/menu','PUT','roleId=%5B1%5D&menuIds=%5B1000%2C1100%2C1101%2C1102%2C1103%2C1200%2C1201%2C1202%2C1203%2C1300%2C1301%2C1302%2C1303%2C1304%2C1400%2C1401%2C1402%2C1403%2C2000%2C2100%2C2101%2C2200%2C2201%2C2202%2C2203%2C2300%2C2400%2C2401%2C2402%2C2403%2C2500%2C2501%2C2502%2C2503%2C2600%2C2601%2C2700%2C3000%2C3100%2C3200%2C3300%2C3400%2C3500%2C3600%2C3601%2C3700%2C3800%2C3900%2C3901%2C4000%2C4100%2C4101%2C4200%2C4201%2C4300%2C4301%2C4302%2C4303%2C4400%2C4401%2C8110%2C8111%2C8112%2C8113%2C8114%2C8120%2C8121%2C8122%2C8123%2C8124%2C8130%2C8131%2C8132%2C8133%2C8134%2C8142%2C8200%2C8210%2C8211%2C8212%2C8213%2C8214%2C8000%2C8100%2C8140%5D','186','0',NULL,1),(126,'0','更新角色菜单','upms','admin','2019-04-02 09:29:18',NULL,'127.0.0.1','Mozilla/5.0 (Windows NT 10.0; Win64; x64) AppleWebKit/537.36 (KHTML, like Gecko) Chrome/73.0.3683.86 Safari/537.36','/role/menu','PUT','roleId=%5B1%5D&menuIds=%5B1000%2C1100%2C1101%2C1102%2C1103%2C1200%2C1201%2C1202%2C1203%2C1300%2C1301%2C1302%2C1303%2C1304%2C1400%2C1401%2C1402%2C1403%2C2000%2C2100%2C2101%2C2200%2C2201%2C2202%2C2203%2C2300%2C2400%2C2401%2C2402%2C2403%2C2500%2C2501%2C2502%2C2503%2C2600%2C2601%2C2700%2C3000%2C3100%2C3200%2C3300%2C3400%2C3500%2C3600%2C3601%2C3700%2C3800%2C3900%2C3901%2C4000%2C4100%2C4101%2C4200%2C4201%2C4300%2C4301%2C4302%2C4303%2C4400%2C4401%2C8000%2C8100%2C8110%2C8111%2C8112%2C8113%2C8114%2C8120%2C8121%2C8122%2C8123%2C8124%2C8130%2C8131%2C8132%2C8133%2C8134%2C8140%2C8141%2C8142%2C8200%2C8210%2C8211%2C8212%2C8213%2C8214%2C%5D','137','0',NULL,1),(127,'0','保存并发布菜单','upms','admin','2019-04-02 16:33:21',NULL,'127.0.0.1','Mozilla/5.0 (Windows NT 10.0; Win64; x64) AppleWebKit/537.36 (KHTML, like Gecko) Chrome/73.0.3683.86 Safari/537.36','/wxmenu/saveAndRelease','POST','','1318','0',NULL,1),(128,'0','保存并发布菜单','upms','admin','2019-04-02 16:33:41',NULL,'127.0.0.1','Mozilla/5.0 (Windows NT 10.0; Win64; x64) AppleWebKit/537.36 (KHTML, like Gecko) Chrome/73.0.3683.86 Safari/537.36','/wxmenu/saveAndRelease','POST','','876','0',NULL,1),(129,'0','保存并发布菜单','upms','admin','2019-04-02 16:34:18',NULL,'127.0.0.1','Mozilla/5.0 (Windows NT 10.0; Win64; x64) AppleWebKit/537.36 (KHTML, like Gecko) Chrome/73.0.3683.86 Safari/537.36','/wxmenu/saveAndRelease','POST','','811','0',NULL,1),(130,'0','保存并发布菜单','upms','admin','2019-04-02 16:35:51',NULL,'127.0.0.1','Mozilla/5.0 (Windows NT 10.0; Win64; x64) AppleWebKit/537.36 (KHTML, like Gecko) Chrome/73.0.3683.86 Safari/537.36','/wxmenu/saveAndRelease','POST','','789','0',NULL,1),(131,'0','保存并发布菜单','upms','admin','2019-04-02 16:36:09',NULL,'127.0.0.1','Mozilla/5.0 (Windows NT 10.0; Win64; x64) AppleWebKit/537.36 (KHTML, like Gecko) Chrome/73.0.3683.86 Safari/537.36','/wxmenu/saveAndRelease','POST','','757','0',NULL,1),(132,'0','保存并发布菜单','upms','admin','2019-04-02 16:38:13',NULL,'127.0.0.1','Mozilla/5.0 (Windows NT 10.0; Win64; x64) AppleWebKit/537.36 (KHTML, like Gecko) Chrome/73.0.3683.86 Safari/537.36','/wxmenu/saveAndRelease','POST','','1097','0',NULL,1),(133,'0','保存并发布菜单','upms','admin','2019-04-03 17:55:16',NULL,'127.0.0.1','Mozilla/5.0 (Windows NT 10.0; Win64; x64) AppleWebKit/537.36 (KHTML, like Gecko) Chrome/73.0.3683.86 Safari/537.36','/wxmenu/saveAndRelease','POST','','1244','0',NULL,1),(134,'0','保存并发布菜单','upms','admin','2019-04-03 18:31:41',NULL,'127.0.0.1','Mozilla/5.0 (Windows NT 10.0; Win64; x64) AppleWebKit/537.36 (KHTML, like Gecko) Chrome/73.0.3683.86 Safari/537.36','/wxmenu/saveAndRelease','POST','','607','0',NULL,1),(135,'0','保存并发布菜单','upms','admin','2019-04-03 20:23:18',NULL,'127.0.0.1','Mozilla/5.0 (Windows NT 10.0; Win64; x64) AppleWebKit/537.36 (KHTML, like Gecko) Chrome/73.0.3683.75 Safari/537.36','/wxmenu/saveAndRelease','POST','','11911','0',NULL,1),(136,'0','保存并发布菜单','upms','admin','2019-04-03 20:25:04',NULL,'127.0.0.1','Mozilla/5.0 (Windows NT 10.0; Win64; x64) AppleWebKit/537.36 (KHTML, like Gecko) Chrome/73.0.3683.75 Safari/537.36','/wxmenu/saveAndRelease','POST','','36007','0',NULL,1),(137,'0','保存并发布菜单','upms','admin','2019-04-03 20:25:34',NULL,'127.0.0.1','Mozilla/5.0 (Windows NT 10.0; Win64; x64) AppleWebKit/537.36 (KHTML, like Gecko) Chrome/73.0.3683.75 Safari/537.36','/wxmenu/saveAndRelease','POST','','12688','0',NULL,1),(138,'0','保存并发布菜单','upms','admin','2019-04-03 20:27:24',NULL,'127.0.0.1','Mozilla/5.0 (Windows NT 10.0; Win64; x64) AppleWebKit/537.36 (KHTML, like Gecko) Chrome/73.0.3683.75 Safari/537.36','/wxmenu/saveAndRelease','POST','','25546','0',NULL,1),(139,'0','保存并发布菜单','upms','admin','2019-04-03 20:30:55',NULL,'127.0.0.1','Mozilla/5.0 (Windows NT 10.0; Win64; x64) AppleWebKit/537.36 (KHTML, like Gecko) Chrome/73.0.3683.75 Safari/537.36','/wxmenu/saveAndRelease','POST','','33460','0',NULL,1),(140,'0','保存并发布菜单','upms','admin','2019-04-03 20:34:21',NULL,'127.0.0.1','Mozilla/5.0 (Windows NT 10.0; Win64; x64) AppleWebKit/537.36 (KHTML, like Gecko) Chrome/73.0.3683.75 Safari/537.36','/wxmenu/saveAndRelease','POST','','65133','0',NULL,1),(141,'0','保存并发布菜单','upms','admin','2019-04-03 20:36:32',NULL,'127.0.0.1','Mozilla/5.0 (Windows NT 10.0; Win64; x64) AppleWebKit/537.36 (KHTML, like Gecko) Chrome/73.0.3683.75 Safari/537.36','/wxmenu/saveAndRelease','POST','','24513','0',NULL,1),(142,'0','保存并发布菜单','upms','admin','2019-04-03 20:40:49',NULL,'127.0.0.1','Mozilla/5.0 (Windows NT 10.0; Win64; x64) AppleWebKit/537.36 (KHTML, like Gecko) Chrome/73.0.3683.75 Safari/537.36','/wxmenu/saveAndRelease','POST','','6320','0',NULL,1),(143,'0','保存并发布菜单','upms','admin','2019-04-03 20:41:18',NULL,'127.0.0.1','Mozilla/5.0 (Windows NT 10.0; Win64; x64) AppleWebKit/537.36 (KHTML, like Gecko) Chrome/73.0.3683.75 Safari/537.36','/wxmenu/saveAndRelease','POST','','4582','0',NULL,1),(144,'0','保存并发布菜单','upms','admin','2019-04-03 20:43:51',NULL,'127.0.0.1','Mozilla/5.0 (Windows NT 10.0; Win64; x64) AppleWebKit/537.36 (KHTML, like Gecko) Chrome/73.0.3683.75 Safari/537.36','/wxmenu/saveAndRelease','POST','','59771','0',NULL,1),(145,'0','保存并发布菜单','upms','admin','2019-04-03 21:02:03',NULL,'127.0.0.1','Mozilla/5.0 (Windows NT 10.0; Win64; x64) AppleWebKit/537.36 (KHTML, like Gecko) Chrome/73.0.3683.75 Safari/537.36','/wxmenu/saveAndRelease','POST','','20719','0',NULL,1),(146,'0','保存并发布菜单','upms','admin','2019-04-03 21:02:17',NULL,'127.0.0.1','Mozilla/5.0 (Windows NT 10.0; Win64; x64) AppleWebKit/537.36 (KHTML, like Gecko) Chrome/73.0.3683.75 Safari/537.36','/wxmenu/saveAndRelease','POST','','686','0',NULL,1),(147,'0','保存并发布菜单','upms','admin','2019-04-03 21:15:21',NULL,'127.0.0.1','Mozilla/5.0 (Windows NT 10.0; Win64; x64) AppleWebKit/537.36 (KHTML, like Gecko) Chrome/73.0.3683.75 Safari/537.36','/wxmenu/saveAndRelease','POST','','34624','0',NULL,1),(148,'0','保存并发布菜单','upms','admin','2019-04-03 21:35:48',NULL,'127.0.0.1','Mozilla/5.0 (Windows NT 10.0; Win64; x64) AppleWebKit/537.36 (KHTML, like Gecko) Chrome/73.0.3683.75 Safari/537.36','/wxmenu/saveAndRelease','POST','','1771','0',NULL,1),(149,'0','保存并发布菜单','upms','admin','2019-04-03 21:59:24',NULL,'127.0.0.1','Mozilla/5.0 (Windows NT 10.0; Win64; x64) AppleWebKit/537.36 (KHTML, like Gecko) Chrome/73.0.3683.75 Safari/537.36','/wxmenu/saveAndRelease','POST','','1692','0',NULL,1),(150,'0','保存并发布菜单','upms','admin','2019-04-03 21:59:48',NULL,'127.0.0.1','Mozilla/5.0 (Windows NT 10.0; Win64; x64) AppleWebKit/537.36 (KHTML, like Gecko) Chrome/73.0.3683.75 Safari/537.36','/wxmenu/saveAndRelease','POST','','976','0',NULL,1),(151,'0','保存并发布菜单','upms','admin','2019-04-04 16:54:58',NULL,'127.0.0.1','Mozilla/5.0 (Windows NT 10.0; Win64; x64) AppleWebKit/537.36 (KHTML, like Gecko) Chrome/73.0.3683.86 Safari/537.36','/wxmenu/saveAndRelease','POST','','1906','0',NULL,1),(152,'0','保存并发布菜单','upms','admin','2019-04-04 22:28:29',NULL,'127.0.0.1','Mozilla/5.0 (Windows NT 10.0; Win64; x64) AppleWebKit/537.36 (KHTML, like Gecko) Chrome/73.0.3683.75 Safari/537.36','/wxmenu/saveAndRelease','POST','','1511','0',NULL,1),(153,'0','保存并发布菜单','upms','admin','2019-04-04 22:28:41',NULL,'127.0.0.1','Mozilla/5.0 (Windows NT 10.0; Win64; x64) AppleWebKit/537.36 (KHTML, like Gecko) Chrome/73.0.3683.75 Safari/537.36','/wxmenu/saveAndRelease','POST','','855','0',NULL,1),(154,'0','保存并发布菜单','upms','admin','2019-04-04 22:34:43',NULL,'127.0.0.1','Mozilla/5.0 (Windows NT 10.0; Win64; x64) AppleWebKit/537.36 (KHTML, like Gecko) Chrome/73.0.3683.75 Safari/537.36','/wxmenu/saveAndRelease','POST','','289','0',NULL,1),(155,'0','保存并发布菜单','upms','admin','2019-04-04 22:36:12',NULL,'127.0.0.1','Mozilla/5.0 (Windows NT 10.0; Win64; x64) AppleWebKit/537.36 (KHTML, like Gecko) Chrome/73.0.3683.75 Safari/537.36','/wxmenu/saveAndRelease','POST','','988','0',NULL,1),(156,'0','保存并发布菜单','upms','admin','2019-04-06 15:03:57',NULL,'127.0.0.1','Mozilla/5.0 (Windows NT 10.0; Win64; x64) AppleWebKit/537.36 (KHTML, like Gecko) Chrome/73.0.3683.75 Safari/537.36','/wxmenu/saveAndRelease','POST','','1128','0',NULL,1),(157,'0','更新角色菜单','upms','admin','2019-04-06 19:06:18',NULL,'127.0.0.1','Mozilla/5.0 (Windows NT 10.0; Win64; x64) AppleWebKit/537.36 (KHTML, like Gecko) Chrome/73.0.3683.75 Safari/537.36','/role/menu','PUT','roleId=%5B1%5D&menuIds=%5B1000000%2C1100000%2C1101000%2C1102000%2C1103000%2C1200000%2C1201000%2C1202000%2C1203000%2C1300000%2C1301000%2C1302000%2C1303000%2C1304000%2C1400000%2C1401000%2C1402000%2C1403000%2C2000000%2C2100000%2C2101000%2C2200000%2C2201000%2C2202000%2C2203000%2C2300000%2C2400000%2C2401000%2C2402000%2C2403000%2C2500000%2C2501000%2C2502000%2C2503000%2C2600000%2C2601000%2C2700000%2C3000000%2C3100000%2C3200000%2C3300000%2C3400000%2C3500000%2C3600000%2C3601000%2C3700000%2C3800000%2C3900000%2C3901000%2C4000000%2C4100000%2C4101000%2C4200000%2C4201000%2C4300000%2C4301000%2C4302000%2C4303000%2C4400000%2C4401000%2C5000000%2C5003000%2C8000000%2C8100000%2C8110000%2C8111000%2C8112000%2C8113000%2C8114000%2C8120000%2C8121000%2C8122000%2C8123000%2C8124000%2C8130000%2C8131000%2C8132000%2C8133000%2C8134000%2C8140000%2C8141000%2C8142000%2C8200000%2C8210000%2C8211000%2C8212000%2C8213000%2C8214000%2C%5D','109','0',NULL,1),(158,'0','更新角色菜单','upms','admin','2019-04-06 19:59:33',NULL,'127.0.0.1','Mozilla/5.0 (Windows NT 10.0; Win64; x64) AppleWebKit/537.36 (KHTML, like Gecko) Chrome/73.0.3683.75 Safari/537.36','/role/menu','PUT','roleId=%5B1%5D&menuIds=%5B1000000%2C1100000%2C1101000%2C1102000%2C1103000%2C1200000%2C1201000%2C1202000%2C1203000%2C1300000%2C1301000%2C1302000%2C1303000%2C1304000%2C1400000%2C1401000%2C1402000%2C1403000%2C2000000%2C2100000%2C2101000%2C2200000%2C2201000%2C2202000%2C2203000%2C2300000%2C2400000%2C2401000%2C2402000%2C2403000%2C2500000%2C2501000%2C2502000%2C2503000%2C2600000%2C2601000%2C2700000%2C2800000%2C2810000%2C2820000%2C2830000%2C2840000%2C2850000%2C2860000%2C3000000%2C3100000%2C3200000%2C3300000%2C3400000%2C3500000%2C3600000%2C3601000%2C3620000%2C3630000%2C3700000%2C3800000%2C4000000%2C4100000%2C4101000%2C4200000%2C4201000%2C4300000%2C4301000%2C4302000%2C4303000%2C4400000%2C4401000%2C8000000%2C8100000%2C8110000%2C8111000%2C8112000%2C8113000%2C8114000%2C8120000%2C8121000%2C8122000%2C8123000%2C8124000%2C8130000%2C8131000%2C8132000%2C8133000%2C8134000%2C8140000%2C8141000%2C8142000%2C8200000%2C8210000%2C8211000%2C8212000%2C8213000%2C8214000%2C%5D','109','0',NULL,1),(159,'0','保存并发布菜单','upms','admin','2019-04-08 10:06:12',NULL,'127.0.0.1','Mozilla/5.0 (Windows NT 10.0; Win64; x64) AppleWebKit/537.36 (KHTML, like Gecko) Chrome/73.0.3683.86 Safari/537.36','/wxmenu/saveAndRelease','POST','','777','0',NULL,1),(160,'0','保存并发布菜单','upms','admin','2019-04-08 10:11:29',NULL,'127.0.0.1','Mozilla/5.0 (Windows NT 10.0; Win64; x64) AppleWebKit/537.36 (KHTML, like Gecko) Chrome/73.0.3683.86 Safari/537.36','/wxmenu/saveAndRelease','POST','','1068','0',NULL,1),(161,'0','保存并发布菜单','upms','admin','2019-04-08 11:41:59',NULL,'127.0.0.1','Mozilla/5.0 (Windows NT 10.0; Win64; x64) AppleWebKit/537.36 (KHTML, like Gecko) Chrome/73.0.3683.86 Safari/537.36','/wxmenu/saveAndRelease','POST','','1296','0',NULL,1),(162,'0','保存并发布菜单','upms','admin','2019-04-08 11:43:17',NULL,'127.0.0.1','Mozilla/5.0 (Windows NT 10.0; Win64; x64) AppleWebKit/537.36 (KHTML, like Gecko) Chrome/73.0.3683.86 Safari/537.36','/wxmenu/saveAndRelease','POST','','820','0',NULL,1),(163,'0','更新角色菜单','upms','admin','2019-04-08 16:54:49',NULL,'127.0.0.1','Mozilla/5.0 (Windows NT 10.0; Win64; x64) AppleWebKit/537.36 (KHTML, like Gecko) Chrome/73.0.3683.86 Safari/537.36','/role/menu','PUT','roleId=%5B1%5D&menuIds=%5B1000000%2C1100000%2C1101000%2C1102000%2C1103000%2C1200000%2C1201000%2C1202000%2C1203000%2C1300000%2C1301000%2C1302000%2C1303000%2C1304000%2C1400000%2C1401000%2C1402000%2C1403000%2C2000000%2C2100000%2C2101000%2C2200000%2C2201000%2C2202000%2C2203000%2C2300000%2C2400000%2C2401000%2C2402000%2C2403000%2C2500000%2C2501000%2C2502000%2C2503000%2C2600000%2C2601000%2C2700000%2C2800000%2C2810000%2C2820000%2C2830000%2C2840000%2C2850000%2C2860000%2C3000000%2C3100000%2C3200000%2C3300000%2C3400000%2C3500000%2C3600000%2C3601000%2C3620000%2C3630000%2C3700000%2C3800000%2C4000000%2C4100000%2C4101000%2C4200000%2C4201000%2C4300000%2C4301000%2C4302000%2C4303000%2C4400000%2C4401000%2C8000000%2C8100000%2C8110000%2C8111000%2C8112000%2C8113000%2C8114000%2C8120000%2C8121000%2C8122000%2C8123000%2C8124000%2C8130000%2C8131000%2C8132000%2C8133000%2C8134000%2C8140000%2C8141000%2C8142000%2C8200000%2C8210000%2C8211000%2C8212000%2C8213000%2C8214000%2C%5D','218','0',NULL,1),(164,'0','删除微信素材','upms','admin','2019-04-08 17:47:47',NULL,'127.0.0.1','Mozilla/5.0 (Windows NT 10.0; Win64; x64) AppleWebKit/537.36 (KHTML, like Gecko) Chrome/73.0.3683.86 Safari/537.36','/wxmaterial/materialDel','POST','','748','0',NULL,1),(165,'0','删除微信素材','upms','admin','2019-04-08 17:48:01',NULL,'127.0.0.1','Mozilla/5.0 (Windows NT 10.0; Win64; x64) AppleWebKit/537.36 (KHTML, like Gecko) Chrome/73.0.3683.86 Safari/537.36','/wxmaterial/materialDel','POST','','3434','0',NULL,1),(166,'0','删除微信素材','upms','admin','2019-04-08 17:48:53',NULL,'127.0.0.1','Mozilla/5.0 (Windows NT 10.0; Win64; x64) AppleWebKit/537.36 (KHTML, like Gecko) Chrome/73.0.3683.86 Safari/537.36','/wxmaterial/materialDel','POST','','344','0',NULL,1),(167,'0','删除微信素材','upms','admin','2019-04-08 17:48:58',NULL,'127.0.0.1','Mozilla/5.0 (Windows NT 10.0; Win64; x64) AppleWebKit/537.36 (KHTML, like Gecko) Chrome/73.0.3683.86 Safari/537.36','/wxmaterial/materialDel','POST','','397','0',NULL,1),(168,'0','删除微信素材','upms','admin','2019-04-08 17:51:23',NULL,'127.0.0.1','Mozilla/5.0 (Windows NT 10.0; Win64; x64) AppleWebKit/537.36 (KHTML, like Gecko) Chrome/73.0.3683.86 Safari/537.36','/wxmaterial/materialDel','POST','','454','0',NULL,1),(169,'0','删除微信素材','upms','admin','2019-04-08 18:09:04',NULL,'127.0.0.1','Mozilla/5.0 (Windows NT 10.0; Win64; x64) AppleWebKit/537.36 (KHTML, like Gecko) Chrome/73.0.3683.86 Safari/537.36','/wxmaterial/materialDel','POST','','1252','0',NULL,1),(170,'0','删除微信素材','upms','admin','2019-04-08 18:33:15',NULL,'127.0.0.1','Mozilla/5.0 (Windows NT 10.0; Win64; x64) AppleWebKit/537.36 (KHTML, like Gecko) Chrome/73.0.3683.86 Safari/537.36','/wxmaterial/materialDel','POST','','422','0',NULL,1),(171,'0','删除微信素材','upms','admin','2019-04-08 18:41:06',NULL,'127.0.0.1','Mozilla/5.0 (Windows NT 10.0; Win64; x64) AppleWebKit/537.36 (KHTML, like Gecko) Chrome/73.0.3683.86 Safari/537.36','/wxmaterial/materialDel','POST','','460','0',NULL,1),(172,'0','删除微信素材','upms','admin','2019-04-08 18:41:37',NULL,'127.0.0.1','Mozilla/5.0 (Windows NT 10.0; Win64; x64) AppleWebKit/537.36 (KHTML, like Gecko) Chrome/73.0.3683.86 Safari/537.36','/wxmaterial/materialDel','POST','','430','0',NULL,1),(173,'0','删除微信素材','upms','admin','2019-04-08 18:59:55',NULL,'127.0.0.1','Mozilla/5.0 (Windows NT 10.0; Win64; x64) AppleWebKit/537.36 (KHTML, like Gecko) Chrome/73.0.3683.86 Safari/537.36','/wxmaterial/materialDel','POST','','561','0',NULL,1),(174,'0','删除微信素材','upms','admin','2019-04-08 19:00:03',NULL,'127.0.0.1','Mozilla/5.0 (Windows NT 10.0; Win64; x64) AppleWebKit/537.36 (KHTML, like Gecko) Chrome/73.0.3683.86 Safari/537.36','/wxmaterial/materialDel','POST','','375','0',NULL,1),(175,'0','删除微信素材','upms','admin','2019-04-09 08:44:13',NULL,'127.0.0.1','Mozilla/5.0 (Windows NT 10.0; Win64; x64) AppleWebKit/537.36 (KHTML, like Gecko) Chrome/73.0.3683.86 Safari/537.36','/wxmaterial/materialDel','POST','','723','0',NULL,1),(176,'0','删除微信素材','upms','admin','2019-04-09 08:44:17',NULL,'127.0.0.1','Mozilla/5.0 (Windows NT 10.0; Win64; x64) AppleWebKit/537.36 (KHTML, like Gecko) Chrome/73.0.3683.86 Safari/537.36','/wxmaterial/materialDel','POST','','362','0',NULL,1),(177,'0','删除微信素材','upms','admin','2019-04-09 08:44:20',NULL,'127.0.0.1','Mozilla/5.0 (Windows NT 10.0; Win64; x64) AppleWebKit/537.36 (KHTML, like Gecko) Chrome/73.0.3683.86 Safari/537.36','/wxmaterial/materialDel','POST','','324','0',NULL,1),(178,'0','删除微信素材','upms','admin','2019-04-09 08:44:23',NULL,'127.0.0.1','Mozilla/5.0 (Windows NT 10.0; Win64; x64) AppleWebKit/537.36 (KHTML, like Gecko) Chrome/73.0.3683.86 Safari/537.36','/wxmaterial/materialDel','POST','','326','0',NULL,1),(179,'0','删除微信素材','upms','admin','2019-04-09 08:44:26',NULL,'127.0.0.1','Mozilla/5.0 (Windows NT 10.0; Win64; x64) AppleWebKit/537.36 (KHTML, like Gecko) Chrome/73.0.3683.86 Safari/537.36','/wxmaterial/materialDel','POST','','366','0',NULL,1),(180,'0','删除微信素材','upms','admin','2019-04-09 08:44:29',NULL,'127.0.0.1','Mozilla/5.0 (Windows NT 10.0; Win64; x64) AppleWebKit/537.36 (KHTML, like Gecko) Chrome/73.0.3683.86 Safari/537.36','/wxmaterial/materialDel','POST','','356','0',NULL,1),(181,'0','删除微信素材','upms','admin','2019-04-09 08:44:32',NULL,'127.0.0.1','Mozilla/5.0 (Windows NT 10.0; Win64; x64) AppleWebKit/537.36 (KHTML, like Gecko) Chrome/73.0.3683.86 Safari/537.36','/wxmaterial/materialDel','POST','','362','0',NULL,1),(182,'0','删除微信素材','upms','admin','2019-04-09 08:44:39',NULL,'127.0.0.1','Mozilla/5.0 (Windows NT 10.0; Win64; x64) AppleWebKit/537.36 (KHTML, like Gecko) Chrome/73.0.3683.86 Safari/537.36','/wxmaterial/materialDel','POST','','345','0',NULL,1),(183,'0','删除微信素材','upms','admin','2019-04-09 08:44:42',NULL,'127.0.0.1','Mozilla/5.0 (Windows NT 10.0; Win64; x64) AppleWebKit/537.36 (KHTML, like Gecko) Chrome/73.0.3683.86 Safari/537.36','/wxmaterial/materialDel','POST','','392','0',NULL,1),(184,'0','删除微信素材','upms','admin','2019-04-09 08:44:45',NULL,'127.0.0.1','Mozilla/5.0 (Windows NT 10.0; Win64; x64) AppleWebKit/537.36 (KHTML, like Gecko) Chrome/73.0.3683.86 Safari/537.36','/wxmaterial/materialDel','POST','','349','0',NULL,1),(185,'0','删除微信素材','upms','admin','2019-04-09 09:07:08',NULL,'127.0.0.1','Mozilla/5.0 (Windows NT 10.0; Win64; x64) AppleWebKit/537.36 (KHTML, like Gecko) Chrome/73.0.3683.86 Safari/537.36','/wxmaterial/materialDel','POST','','389','0',NULL,1),(186,'0','删除微信素材','upms','admin','2019-04-09 09:23:13',NULL,'127.0.0.1','Mozilla/5.0 (Windows NT 10.0; Win64; x64) AppleWebKit/537.36 (KHTML, like Gecko) Chrome/73.0.3683.86 Safari/537.36','/wxmaterial/materialDel','POST','','368','0',NULL,1),(187,'0','删除微信素材','upms','admin','2019-04-09 09:23:16',NULL,'127.0.0.1','Mozilla/5.0 (Windows NT 10.0; Win64; x64) AppleWebKit/537.36 (KHTML, like Gecko) Chrome/73.0.3683.86 Safari/537.36','/wxmaterial/materialDel','POST','','361','0',NULL,1),(188,'0','删除微信素材','upms','admin','2019-04-09 09:23:19',NULL,'127.0.0.1','Mozilla/5.0 (Windows NT 10.0; Win64; x64) AppleWebKit/537.36 (KHTML, like Gecko) Chrome/73.0.3683.86 Safari/537.36','/wxmaterial/materialDel','POST','','537','0',NULL,1),(189,'0','删除微信素材','upms','admin','2019-04-09 09:23:22',NULL,'127.0.0.1','Mozilla/5.0 (Windows NT 10.0; Win64; x64) AppleWebKit/537.36 (KHTML, like Gecko) Chrome/73.0.3683.86 Safari/537.36','/wxmaterial/materialDel','POST','','368','0',NULL,1),(190,'0','保存并发布菜单','upms','admin','2019-04-09 11:06:41',NULL,'127.0.0.1','Mozilla/5.0 (Windows NT 10.0; Win64; x64) AppleWebKit/537.36 (KHTML, like Gecko) Chrome/73.0.3683.86 Safari/537.36','/wxmenu/saveAndRelease','POST','','1670','0',NULL,1),(191,'0','删除微信素材','upms','admin','2019-04-09 11:18:53',NULL,'127.0.0.1','Mozilla/5.0 (Windows NT 10.0; Win64; x64) AppleWebKit/537.36 (KHTML, like Gecko) Chrome/73.0.3683.86 Safari/537.36','/wxmaterial/materialDel','POST','','537','0',NULL,1),(192,'0','删除微信素材','upms','admin','2019-04-09 14:00:01',NULL,'127.0.0.1','Mozilla/5.0 (Windows NT 10.0; Win64; x64) AppleWebKit/537.36 (KHTML, like Gecko) Chrome/73.0.3683.86 Safari/537.36','/wxmaterial/materialDel','POST','','368','0',NULL,1),(193,'0','删除微信素材','upms','admin','2019-04-09 14:05:57',NULL,'127.0.0.1','Mozilla/5.0 (Windows NT 10.0; Win64; x64) AppleWebKit/537.36 (KHTML, like Gecko) Chrome/73.0.3683.86 Safari/537.36','/wxmaterial/materialDel','POST','','325','0',NULL,1),(194,'0','删除微信素材','upms','admin','2019-04-09 14:06:00',NULL,'127.0.0.1','Mozilla/5.0 (Windows NT 10.0; Win64; x64) AppleWebKit/537.36 (KHTML, like Gecko) Chrome/73.0.3683.86 Safari/537.36','/wxmaterial/materialDel','POST','','439','0',NULL,1),(195,'0','删除微信素材','upms','admin','2019-04-09 14:06:14',NULL,'127.0.0.1','Mozilla/5.0 (Windows NT 10.0; Win64; x64) AppleWebKit/537.36 (KHTML, like Gecko) Chrome/73.0.3683.86 Safari/537.36','/wxmaterial/materialDel','POST','','305','0',NULL,1),(196,'0','删除微信素材','upms','admin','2019-04-09 14:27:22',NULL,'127.0.0.1','Mozilla/5.0 (Windows NT 10.0; Win64; x64) AppleWebKit/537.36 (KHTML, like Gecko) Chrome/73.0.3683.86 Safari/537.36','/wxmaterial/materialDel','POST','','366','0',NULL,1),(197,'0','删除微信素材','upms','admin','2019-04-09 14:28:38',NULL,'127.0.0.1','Mozilla/5.0 (Windows NT 10.0; Win64; x64) AppleWebKit/537.36 (KHTML, like Gecko) Chrome/73.0.3683.86 Safari/537.36','/wxmaterial/materialDel','POST','','268','0',NULL,1),(198,'0','删除微信素材','upms','admin','2019-04-09 14:28:42',NULL,'127.0.0.1','Mozilla/5.0 (Windows NT 10.0; Win64; x64) AppleWebKit/537.36 (KHTML, like Gecko) Chrome/73.0.3683.86 Safari/537.36','/wxmaterial/materialDel','POST','','345','0',NULL,1),(199,'0','删除微信素材','upms','admin','2019-04-09 14:28:46',NULL,'127.0.0.1','Mozilla/5.0 (Windows NT 10.0; Win64; x64) AppleWebKit/537.36 (KHTML, like Gecko) Chrome/73.0.3683.86 Safari/537.36','/wxmaterial/materialDel','POST','','280','0',NULL,1),(200,'0','删除微信素材','upms','admin','2019-04-09 14:29:56',NULL,'127.0.0.1','Mozilla/5.0 (Windows NT 10.0; Win64; x64) AppleWebKit/537.36 (KHTML, like Gecko) Chrome/73.0.3683.86 Safari/537.36','/wxmaterial/materialDel','POST','','340','0',NULL,1),(201,'0','删除微信素材','upms','admin','2019-04-09 14:30:00',NULL,'127.0.0.1','Mozilla/5.0 (Windows NT 10.0; Win64; x64) AppleWebKit/537.36 (KHTML, like Gecko) Chrome/73.0.3683.86 Safari/537.36','/wxmaterial/materialDel','POST','','505','0',NULL,1),(202,'0','删除微信素材','upms','admin','2019-04-09 14:36:29',NULL,'127.0.0.1','Mozilla/5.0 (Windows NT 10.0; Win64; x64) AppleWebKit/537.36 (KHTML, like Gecko) Chrome/73.0.3683.86 Safari/537.36','/wxmaterial/materialDel','POST','','304','0',NULL,1),(203,'0','删除微信素材','upms','admin','2019-04-09 14:36:32',NULL,'127.0.0.1','Mozilla/5.0 (Windows NT 10.0; Win64; x64) AppleWebKit/537.36 (KHTML, like Gecko) Chrome/73.0.3683.86 Safari/537.36','/wxmaterial/materialDel','POST','','293','0',NULL,1),(204,'0','删除微信素材','upms','admin','2019-04-09 14:44:17',NULL,'127.0.0.1','Mozilla/5.0 (Windows NT 10.0; Win64; x64) AppleWebKit/537.36 (KHTML, like Gecko) Chrome/73.0.3683.86 Safari/537.36','/wxmaterial/materialDel','POST','','398','0',NULL,1),(205,'0','删除微信素材','upms','admin','2019-04-09 14:44:21',NULL,'127.0.0.1','Mozilla/5.0 (Windows NT 10.0; Win64; x64) AppleWebKit/537.36 (KHTML, like Gecko) Chrome/73.0.3683.86 Safari/537.36','/wxmaterial/materialDel','POST','','280','0',NULL,1),(206,'0','删除微信素材','upms','admin','2019-04-09 14:44:24',NULL,'127.0.0.1','Mozilla/5.0 (Windows NT 10.0; Win64; x64) AppleWebKit/537.36 (KHTML, like Gecko) Chrome/73.0.3683.86 Safari/537.36','/wxmaterial/materialDel','POST','','264','0',NULL,1),(207,'0','删除微信素材','upms','admin','2019-04-09 14:44:27',NULL,'127.0.0.1','Mozilla/5.0 (Windows NT 10.0; Win64; x64) AppleWebKit/537.36 (KHTML, like Gecko) Chrome/73.0.3683.86 Safari/537.36','/wxmaterial/materialDel','POST','','275','0',NULL,1),(208,'0','删除微信素材','upms','admin','2019-04-09 14:44:30',NULL,'127.0.0.1','Mozilla/5.0 (Windows NT 10.0; Win64; x64) AppleWebKit/537.36 (KHTML, like Gecko) Chrome/73.0.3683.86 Safari/537.36','/wxmaterial/materialDel','POST','','233','0',NULL,1),(209,'0','删除微信素材','upms','admin','2019-04-09 14:44:34',NULL,'127.0.0.1','Mozilla/5.0 (Windows NT 10.0; Win64; x64) AppleWebKit/537.36 (KHTML, like Gecko) Chrome/73.0.3683.86 Safari/537.36','/wxmaterial/materialDel','POST','','314','0',NULL,1),(210,'0','删除微信素材','upms','admin','2019-04-09 14:45:35',NULL,'127.0.0.1','Mozilla/5.0 (Windows NT 10.0; Win64; x64) AppleWebKit/537.36 (KHTML, like Gecko) Chrome/73.0.3683.86 Safari/537.36','/wxmaterial/materialDel','POST','','291','0',NULL,1),(211,'0','删除微信素材','upms','admin','2019-04-09 21:12:49',NULL,'127.0.0.1','Mozilla/5.0 (Windows NT 10.0; Win64; x64) AppleWebKit/537.36 (KHTML, like Gecko) Chrome/73.0.3683.75 Safari/537.36','/wxmaterial/materialDel','POST','','833','0',NULL,1),(212,'0','删除微信素材','upms','admin','2019-04-09 21:15:57',NULL,'127.0.0.1','Mozilla/5.0 (Windows NT 10.0; Win64; x64) AppleWebKit/537.36 (KHTML, like Gecko) Chrome/73.0.3683.75 Safari/537.36','/wxmaterial/materialDel','POST','','382','0',NULL,1),(213,'0','删除微信素材','upms','admin','2019-04-09 21:47:19',NULL,'127.0.0.1','Mozilla/5.0 (Windows NT 10.0; Win64; x64) AppleWebKit/537.36 (KHTML, like Gecko) Chrome/73.0.3683.75 Safari/537.36','/wxmaterial/materialDel','POST','','324','0',NULL,1),(214,'0','删除微信素材','upms','admin','2019-04-09 21:47:23',NULL,'127.0.0.1','Mozilla/5.0 (Windows NT 10.0; Win64; x64) AppleWebKit/537.36 (KHTML, like Gecko) Chrome/73.0.3683.75 Safari/537.36','/wxmaterial/materialDel','POST','','320','0',NULL,1),(215,'0','删除微信素材','upms','admin','2019-04-09 21:53:59',NULL,'127.0.0.1','Mozilla/5.0 (Windows NT 10.0; Win64; x64) AppleWebKit/537.36 (KHTML, like Gecko) Chrome/73.0.3683.75 Safari/537.36','/wxmaterial/materialDel','POST','','333','0',NULL,1),(216,'0','删除微信素材','upms','admin','2019-04-09 22:07:03',NULL,'127.0.0.1','Mozilla/5.0 (Windows NT 10.0; Win64; x64) AppleWebKit/537.36 (KHTML, like Gecko) Chrome/73.0.3683.75 Safari/537.36','/wxmaterial/materialDel','POST','','301','0',NULL,1),(217,'0','删除微信素材','upms','admin','2019-04-09 22:52:05',NULL,'127.0.0.1','Mozilla/5.0 (Windows NT 10.0; Win64; x64) AppleWebKit/537.36 (KHTML, like Gecko) Chrome/73.0.3683.75 Safari/537.36','/wxmaterial/materialDel','POST','','378','0',NULL,1),(218,'0','删除微信素材','upms','admin','2019-04-09 23:13:20',NULL,'127.0.0.1','Mozilla/5.0 (Windows NT 10.0; Win64; x64) AppleWebKit/537.36 (KHTML, like Gecko) Chrome/73.0.3683.75 Safari/537.36','/wxmaterial/materialDel','POST','','448','0',NULL,1),(219,'0','删除微信素材','upms','admin','2019-04-09 23:13:34',NULL,'127.0.0.1','Mozilla/5.0 (Windows NT 10.0; Win64; x64) AppleWebKit/537.36 (KHTML, like Gecko) Chrome/73.0.3683.75 Safari/537.36','/wxmaterial/materialDel','POST','','328','0',NULL,1),(220,'0','删除微信素材','upms','admin','2019-04-09 23:13:37',NULL,'127.0.0.1','Mozilla/5.0 (Windows NT 10.0; Win64; x64) AppleWebKit/537.36 (KHTML, like Gecko) Chrome/73.0.3683.75 Safari/537.36','/wxmaterial/materialDel','POST','','325','0',NULL,1),(221,'0','删除微信素材','upms','admin','2019-04-09 23:13:51',NULL,'127.0.0.1','Mozilla/5.0 (Windows NT 10.0; Win64; x64) AppleWebKit/537.36 (KHTML, like Gecko) Chrome/73.0.3683.75 Safari/537.36','/wxmaterial/materialDel','POST','','501','0',NULL,1),(222,'0','删除微信素材','upms','admin','2019-04-09 23:14:41',NULL,'127.0.0.1','Mozilla/5.0 (Windows NT 10.0; Win64; x64) AppleWebKit/537.36 (KHTML, like Gecko) Chrome/73.0.3683.75 Safari/537.36','/wxmaterial/materialDel','POST','','560','0',NULL,1),(223,'0','删除微信素材','upms','admin','2019-04-09 23:31:50',NULL,'127.0.0.1','Mozilla/5.0 (Windows NT 10.0; Win64; x64) AppleWebKit/537.36 (KHTML, like Gecko) Chrome/73.0.3683.75 Safari/537.36','/wxmaterial/materialDel','POST','','375','0',NULL,1),(224,'0','删除微信素材','upms','admin','2019-04-09 23:35:44',NULL,'127.0.0.1','Mozilla/5.0 (Windows NT 10.0; Win64; x64) AppleWebKit/537.36 (KHTML, like Gecko) Chrome/73.0.3683.75 Safari/537.36','/wxmaterial/materialDel','POST','','336','0',NULL,1),(225,'0','删除微信素材','upms','admin','2019-04-10 09:01:22',NULL,'127.0.0.1','Mozilla/5.0 (Windows NT 10.0; Win64; x64) AppleWebKit/537.36 (KHTML, like Gecko) Chrome/73.0.3683.86 Safari/537.36','/wxmaterial/materialDel','POST','','309','0',NULL,1),(226,'0','删除微信素材','upms','admin','2019-04-10 09:06:34',NULL,'127.0.0.1','Mozilla/5.0 (Windows NT 10.0; Win64; x64) AppleWebKit/537.36 (KHTML, like Gecko) Chrome/73.0.3683.86 Safari/537.36','/wxmaterial/materialDel','POST','','430','0',NULL,1),(227,'0','删除微信素材','upms','admin','2019-04-10 09:06:52',NULL,'127.0.0.1','Mozilla/5.0 (Windows NT 10.0; Win64; x64) AppleWebKit/537.36 (KHTML, like Gecko) Chrome/73.0.3683.86 Safari/537.36','/wxmaterial/materialDel','POST','','281','0',NULL,1),(228,'0','删除微信素材','upms','admin','2019-04-10 09:06:54',NULL,'127.0.0.1','Mozilla/5.0 (Windows NT 10.0; Win64; x64) AppleWebKit/537.36 (KHTML, like Gecko) Chrome/73.0.3683.86 Safari/537.36','/wxmaterial/materialDel','POST','','273','0',NULL,1),(229,'0','删除微信素材','upms','admin','2019-04-10 09:08:00',NULL,'127.0.0.1','Mozilla/5.0 (Windows NT 10.0; Win64; x64) AppleWebKit/537.36 (KHTML, like Gecko) Chrome/73.0.3683.86 Safari/537.36','/wxmaterial/materialDel','POST','','650','0',NULL,1),(230,'0','删除微信素材','upms','admin','2019-04-10 09:08:12',NULL,'127.0.0.1','Mozilla/5.0 (Windows NT 10.0; Win64; x64) AppleWebKit/537.36 (KHTML, like Gecko) Chrome/73.0.3683.86 Safari/537.36','/wxmaterial/materialDel','POST','','301','0',NULL,1),(231,'0','删除微信素材','upms','admin','2019-04-10 09:09:41',NULL,'127.0.0.1','Mozilla/5.0 (Windows NT 10.0; Win64; x64) AppleWebKit/537.36 (KHTML, like Gecko) Chrome/73.0.3683.86 Safari/537.36','/wxmaterial/materialDel','POST','','353','0',NULL,1),(232,'0','删除微信素材','upms','admin','2019-04-10 16:16:52',NULL,'127.0.0.1','Mozilla/5.0 (Windows NT 10.0; Win64; x64) AppleWebKit/537.36 (KHTML, like Gecko) Chrome/73.0.3683.86 Safari/537.36','/wxmaterial/materialDel','POST','','272','0',NULL,1),(233,'0','删除微信素材','upms','admin','2019-04-10 17:46:58',NULL,'127.0.0.1','Mozilla/5.0 (Windows NT 10.0; Win64; x64) AppleWebKit/537.36 (KHTML, like Gecko) Chrome/73.0.3683.86 Safari/537.36','/wxmaterial/materialDel','POST','','382','0',NULL,1),(234,'0','删除微信素材','upms','admin','2019-04-10 17:50:57',NULL,'127.0.0.1','Mozilla/5.0 (Windows NT 10.0; Win64; x64) AppleWebKit/537.36 (KHTML, like Gecko) Chrome/73.0.3683.86 Safari/537.36','/wxmaterial/materialDel','POST','','407','0',NULL,1),(235,'0','删除微信素材','upms','admin','2019-04-10 17:51:00',NULL,'127.0.0.1','Mozilla/5.0 (Windows NT 10.0; Win64; x64) AppleWebKit/537.36 (KHTML, like Gecko) Chrome/73.0.3683.86 Safari/537.36','/wxmaterial/materialDel','POST','','443','0',NULL,1),(236,'0','删除微信素材','upms','admin','2019-04-10 17:51:10',NULL,'127.0.0.1','Mozilla/5.0 (Windows NT 10.0; Win64; x64) AppleWebKit/537.36 (KHTML, like Gecko) Chrome/73.0.3683.86 Safari/537.36','/wxmaterial/materialDel','POST','','279','0',NULL,1),(237,'0','删除微信素材','upms','admin','2019-04-10 17:57:13',NULL,'127.0.0.1','Mozilla/5.0 (Windows NT 10.0; Win64; x64) AppleWebKit/537.36 (KHTML, like Gecko) Chrome/73.0.3683.86 Safari/537.36','/wxmaterial/materialDel','POST','','326','0',NULL,1),(238,'0','删除微信素材','upms','admin','2019-04-10 17:57:19',NULL,'127.0.0.1','Mozilla/5.0 (Windows NT 10.0; Win64; x64) AppleWebKit/537.36 (KHTML, like Gecko) Chrome/73.0.3683.86 Safari/537.36','/wxmaterial/materialDel','POST','','328','0',NULL,1),(239,'0','删除微信素材','upms','admin','2019-04-10 17:57:21',NULL,'127.0.0.1','Mozilla/5.0 (Windows NT 10.0; Win64; x64) AppleWebKit/537.36 (KHTML, like Gecko) Chrome/73.0.3683.86 Safari/537.36','/wxmaterial/materialDel','POST','','355','0',NULL,1),(240,'0','删除微信素材','upms','admin','2019-04-10 17:57:25',NULL,'127.0.0.1','Mozilla/5.0 (Windows NT 10.0; Win64; x64) AppleWebKit/537.36 (KHTML, like Gecko) Chrome/73.0.3683.86 Safari/537.36','/wxmaterial/materialDel','POST','','352','0',NULL,1),(241,'0','删除微信素材','upms','admin','2019-04-10 17:58:51',NULL,'127.0.0.1','Mozilla/5.0 (Windows NT 10.0; Win64; x64) AppleWebKit/537.36 (KHTML, like Gecko) Chrome/73.0.3683.86 Safari/537.36','/wxmaterial/materialDel','POST','','349','0',NULL,1),(242,'0','删除微信素材','upms','admin','2019-04-10 17:58:53',NULL,'127.0.0.1','Mozilla/5.0 (Windows NT 10.0; Win64; x64) AppleWebKit/537.36 (KHTML, like Gecko) Chrome/73.0.3683.86 Safari/537.36','/wxmaterial/materialDel','POST','','323','0',NULL,1),(243,'0','删除微信素材','upms','admin','2019-04-10 17:59:00',NULL,'127.0.0.1','Mozilla/5.0 (Windows NT 10.0; Win64; x64) AppleWebKit/537.36 (KHTML, like Gecko) Chrome/73.0.3683.86 Safari/537.36','/wxmaterial/materialDel','POST','','562','0',NULL,1),(244,'0','删除微信素材','upms','admin','2019-04-10 18:03:27',NULL,'127.0.0.1','Mozilla/5.0 (Windows NT 10.0; Win64; x64) AppleWebKit/537.36 (KHTML, like Gecko) Chrome/73.0.3683.86 Safari/537.36','/wxmaterial/materialDel','POST','','364','0',NULL,1),(245,'0','删除微信素材','upms','admin','2019-04-10 18:03:38',NULL,'127.0.0.1','Mozilla/5.0 (Windows NT 10.0; Win64; x64) AppleWebKit/537.36 (KHTML, like Gecko) Chrome/73.0.3683.86 Safari/537.36','/wxmaterial/materialDel','POST','','326','0',NULL,1),(246,'0','删除微信素材','upms','admin','2019-04-10 18:04:54',NULL,'127.0.0.1','Mozilla/5.0 (Windows NT 10.0; Win64; x64) AppleWebKit/537.36 (KHTML, like Gecko) Chrome/73.0.3683.86 Safari/537.36','/wxmaterial/materialDel','POST','','387','0',NULL,1),(247,'0','删除微信素材','upms','admin','2019-04-10 18:47:12',NULL,'127.0.0.1','Mozilla/5.0 (Windows NT 10.0; Win64; x64) AppleWebKit/537.36 (KHTML, like Gecko) Chrome/73.0.3683.86 Safari/537.36','/wxmaterial/materialDel','POST','','389','0',NULL,1),(248,'0','删除微信素材','upms','admin','2019-04-11 09:51:41',NULL,'127.0.0.1','Mozilla/5.0 (Windows NT 10.0; Win64; x64) AppleWebKit/537.36 (KHTML, like Gecko) Chrome/73.0.3683.86 Safari/537.36','/wxmaterial/materialDel','POST','','456','0',NULL,1),(249,'0','删除微信素材','upms','admin','2019-04-11 10:18:31',NULL,'127.0.0.1','Mozilla/5.0 (Windows NT 10.0; Win64; x64) AppleWebKit/537.36 (KHTML, like Gecko) Chrome/73.0.3683.86 Safari/537.36','/wxmaterial/materialDel','POST','','447','0',NULL,1),(250,'0','删除微信素材','upms','admin','2019-04-11 10:18:34',NULL,'127.0.0.1','Mozilla/5.0 (Windows NT 10.0; Win64; x64) AppleWebKit/537.36 (KHTML, like Gecko) Chrome/73.0.3683.86 Safari/537.36','/wxmaterial/materialDel','POST','','359','0',NULL,1),(251,'0','删除微信素材','upms','admin','2019-04-11 10:18:37',NULL,'127.0.0.1','Mozilla/5.0 (Windows NT 10.0; Win64; x64) AppleWebKit/537.36 (KHTML, like Gecko) Chrome/73.0.3683.86 Safari/537.36','/wxmaterial/materialDel','POST','','443','0',NULL,1),(252,'0','删除微信素材','upms','admin','2019-04-11 11:22:46',NULL,'127.0.0.1','Mozilla/5.0 (Windows NT 10.0; Win64; x64) AppleWebKit/537.36 (KHTML, like Gecko) Chrome/73.0.3683.86 Safari/537.36','/wxmaterial/materialDel','POST','','494','0',NULL,1),(253,'0','删除微信素材','upms','admin','2019-04-11 11:24:02',NULL,'127.0.0.1','Mozilla/5.0 (Windows NT 10.0; Win64; x64) AppleWebKit/537.36 (KHTML, like Gecko) Chrome/73.0.3683.86 Safari/537.36','/wxmaterial/materialDel','POST','','393','0',NULL,1),(254,'0','删除微信素材','upms','admin','2019-04-11 11:40:13',NULL,'127.0.0.1','Mozilla/5.0 (Windows NT 10.0; Win64; x64) AppleWebKit/537.36 (KHTML, like Gecko) Chrome/73.0.3683.86 Safari/537.36','/wxmaterial/materialDel','POST','','468','0',NULL,1),(255,'0','删除微信素材','upms','admin','2019-04-11 11:40:16',NULL,'127.0.0.1','Mozilla/5.0 (Windows NT 10.0; Win64; x64) AppleWebKit/537.36 (KHTML, like Gecko) Chrome/73.0.3683.86 Safari/537.36','/wxmaterial/materialDel','POST','','379','0',NULL,1),(256,'0','删除微信素材','upms','admin','2019-04-11 17:59:50',NULL,'127.0.0.1','Mozilla/5.0 (Windows NT 10.0; Win64; x64) AppleWebKit/537.36 (KHTML, like Gecko) Chrome/73.0.3683.86 Safari/537.36','/wxmaterial/materialDel','POST','','436','0',NULL,1),(257,'0','删除微信素材','upms','admin','2019-04-11 18:09:50',NULL,'127.0.0.1','Mozilla/5.0 (Windows NT 10.0; Win64; x64) AppleWebKit/537.36 (KHTML, like Gecko) Chrome/73.0.3683.86 Safari/537.36','/wxmaterial/materialDel','POST','','470','0',NULL,1),(258,'0','删除微信素材','upms','admin','2019-04-11 18:28:35',NULL,'127.0.0.1','Mozilla/5.0 (Windows NT 10.0; Win64; x64) AppleWebKit/537.36 (KHTML, like Gecko) Chrome/73.0.3683.86 Safari/537.36','/wxmaterial/materialDel','POST','','355','0',NULL,1),(259,'0','删除微信素材','upms','admin','2019-04-11 21:38:41',NULL,'127.0.0.1','Mozilla/5.0 (Windows NT 10.0; Win64; x64) AppleWebKit/537.36 (KHTML, like Gecko) Chrome/73.0.3683.75 Safari/537.36','/wxmaterial/materialDel','POST','','484','0',NULL,1),(260,'0','删除微信素材','upms','admin','2019-04-11 22:04:25',NULL,'127.0.0.1','Mozilla/5.0 (Windows NT 10.0; Win64; x64) AppleWebKit/537.36 (KHTML, like Gecko) Chrome/73.0.3683.75 Safari/537.36','/wxmaterial/materialDel','POST','','359','0',NULL,1),(261,'0','删除微信素材','upms','admin','2019-04-11 22:04:41',NULL,'127.0.0.1','Mozilla/5.0 (Windows NT 10.0; Win64; x64) AppleWebKit/537.36 (KHTML, like Gecko) Chrome/73.0.3683.75 Safari/537.36','/wxmaterial/materialDel','POST','','327','0',NULL,1),(262,'0','删除微信素材','upms','admin','2019-04-11 22:05:38',NULL,'127.0.0.1','Mozilla/5.0 (Windows NT 10.0; Win64; x64) AppleWebKit/537.36 (KHTML, like Gecko) Chrome/73.0.3683.75 Safari/537.36','/wxmaterial/materialDel','POST','','432','0',NULL,1),(263,'0','删除微信素材','upms','admin','2019-04-11 22:09:54',NULL,'127.0.0.1','Mozilla/5.0 (Windows NT 10.0; Win64; x64) AppleWebKit/537.36 (KHTML, like Gecko) Chrome/73.0.3683.75 Safari/537.36','/wxmaterial/materialDel','POST','','366','0',NULL,1),(264,'0','删除微信素材','upms','admin','2019-04-11 22:12:54',NULL,'127.0.0.1','Mozilla/5.0 (Windows NT 10.0; Win64; x64) AppleWebKit/537.36 (KHTML, like Gecko) Chrome/73.0.3683.75 Safari/537.36','/wxmaterial/materialDel','POST','','334','0',NULL,1),(265,'0','删除微信素材','upms','admin','2019-04-11 22:14:36',NULL,'127.0.0.1','Mozilla/5.0 (Windows NT 10.0; Win64; x64) AppleWebKit/537.36 (KHTML, like Gecko) Chrome/73.0.3683.75 Safari/537.36','/wxmaterial/materialDel','POST','','461','0',NULL,1),(266,'0','删除微信素材','upms','admin','2019-04-11 22:14:42',NULL,'127.0.0.1','Mozilla/5.0 (Windows NT 10.0; Win64; x64) AppleWebKit/537.36 (KHTML, like Gecko) Chrome/73.0.3683.75 Safari/537.36','/wxmaterial/materialDel','POST','','363','0',NULL,1),(267,'0','删除微信素材','upms','admin','2019-04-11 22:20:37',NULL,'127.0.0.1','Mozilla/5.0 (Windows NT 10.0; Win64; x64) AppleWebKit/537.36 (KHTML, like Gecko) Chrome/73.0.3683.75 Safari/537.36','/wxmaterial/materialDel','POST','','318','0',NULL,1),(268,'0','删除微信素材','upms','admin','2019-04-11 22:20:41',NULL,'127.0.0.1','Mozilla/5.0 (Windows NT 10.0; Win64; x64) AppleWebKit/537.36 (KHTML, like Gecko) Chrome/73.0.3683.75 Safari/537.36','/wxmaterial/materialDel','POST','','299','0',NULL,1),(269,'0','删除微信素材','upms','admin','2019-04-11 22:20:46',NULL,'127.0.0.1','Mozilla/5.0 (Windows NT 10.0; Win64; x64) AppleWebKit/537.36 (KHTML, like Gecko) Chrome/73.0.3683.75 Safari/537.36','/wxmaterial/materialDel','POST','','464','0',NULL,1),(270,'0','删除微信素材','upms','admin','2019-04-11 22:25:46',NULL,'127.0.0.1','Mozilla/5.0 (Windows NT 10.0; Win64; x64) AppleWebKit/537.36 (KHTML, like Gecko) Chrome/73.0.3683.75 Safari/537.36','/wxmaterial/materialDel','POST','','387','0',NULL,1),(271,'0','删除微信素材','upms','admin','2019-04-11 22:35:43',NULL,'127.0.0.1','Mozilla/5.0 (Windows NT 10.0; Win64; x64) AppleWebKit/537.36 (KHTML, like Gecko) Chrome/73.0.3683.75 Safari/537.36','/wxmaterial/materialDel','POST','','307','0',NULL,1),(272,'0','删除微信素材','upms','admin','2019-04-11 22:41:09',NULL,'127.0.0.1','Mozilla/5.0 (Windows NT 10.0; Win64; x64) AppleWebKit/537.36 (KHTML, like Gecko) Chrome/73.0.3683.75 Safari/537.36','/wxmaterial/materialDel','POST','','365','0',NULL,1),(273,'0','删除微信素材','upms','admin','2019-04-11 22:41:15',NULL,'127.0.0.1','Mozilla/5.0 (Windows NT 10.0; Win64; x64) AppleWebKit/537.36 (KHTML, like Gecko) Chrome/73.0.3683.75 Safari/537.36','/wxmaterial/materialDel','POST','','364','0',NULL,1),(274,'0','删除微信素材','upms','admin','2019-04-11 22:49:05',NULL,'127.0.0.1','Mozilla/5.0 (Windows NT 10.0; Win64; x64) AppleWebKit/537.36 (KHTML, like Gecko) Chrome/73.0.3683.75 Safari/537.36','/wxmaterial/materialDel','POST','','445','0',NULL,1),(275,'0','删除微信素材','upms','admin','2019-04-11 22:49:09',NULL,'127.0.0.1','Mozilla/5.0 (Windows NT 10.0; Win64; x64) AppleWebKit/537.36 (KHTML, like Gecko) Chrome/73.0.3683.75 Safari/537.36','/wxmaterial/materialDel','POST','','281','0',NULL,1),(276,'0','删除微信素材','upms','admin','2019-04-11 22:49:13',NULL,'127.0.0.1','Mozilla/5.0 (Windows NT 10.0; Win64; x64) AppleWebKit/537.36 (KHTML, like Gecko) Chrome/73.0.3683.75 Safari/537.36','/wxmaterial/materialDel','POST','','359','0',NULL,1),(277,'0','删除微信素材','upms','admin','2019-04-11 22:49:17',NULL,'127.0.0.1','Mozilla/5.0 (Windows NT 10.0; Win64; x64) AppleWebKit/537.36 (KHTML, like Gecko) Chrome/73.0.3683.75 Safari/537.36','/wxmaterial/materialDel','POST','','313','0',NULL,1),(278,'0','更新菜单','upms','admin','2019-04-13 12:26:59',NULL,'127.0.0.1','Mozilla/5.0 (Windows NT 10.0; Win64; x64) AppleWebKit/537.36 (KHTML, like Gecko) Chrome/73.0.3683.75 Safari/537.36','/menu','PUT','','26','0',NULL,1),(279,'0','新增微信账号配置','upms','admin','2019-04-14 15:41:13',NULL,'127.0.0.1','Mozilla/5.0 (Windows NT 10.0; Win64; x64) AppleWebKit/537.36 (KHTML, like Gecko) Chrome/73.0.3683.75 Safari/537.36','/wxapp','POST','','27','0',NULL,1),(280,'0','新增微信账号配置','upms','admin','2019-04-14 15:54:47',NULL,'127.0.0.1','Mozilla/5.0 (Windows NT 10.0; Win64; x64) AppleWebKit/537.36 (KHTML, like Gecko) Chrome/73.0.3683.75 Safari/537.36','/wxapp','POST','','15','0',NULL,1),(281,'0','删除微信账号配置','upms','admin','2019-04-14 15:54:56',NULL,'127.0.0.1','Mozilla/5.0 (Windows NT 10.0; Win64; x64) AppleWebKit/537.36 (KHTML, like Gecko) Chrome/73.0.3683.75 Safari/537.36','/wxapp/wetwqetqwyeqwye','DELETE','','12','0',NULL,1),(282,'0','保存并发布菜单','upms','admin','2019-04-14 15:56:57',NULL,'127.0.0.1','Mozilla/5.0 (Windows NT 10.0; Win64; x64) AppleWebKit/537.36 (KHTML, like Gecko) Chrome/73.0.3683.75 Safari/537.36','/wxmenu/saveAndRelease','POST','','517','0',NULL,1),(283,'0','保存并发布菜单','upms','admin','2019-04-14 15:58:15',NULL,'127.0.0.1','Mozilla/5.0 (Windows NT 10.0; Win64; x64) AppleWebKit/537.36 (KHTML, like Gecko) Chrome/73.0.3683.75 Safari/537.36','/wxmenu/saveAndRelease','POST','','160','0',NULL,1),(284,'0','新增菜单','upms','admin','2019-04-14 17:35:01',NULL,'127.0.0.1','Mozilla/5.0 (Windows NT 10.0; Win64; x64) AppleWebKit/537.36 (KHTML, like Gecko) Chrome/73.0.3683.75 Safari/537.36','/menu','POST','','23','0',NULL,1),(285,'0','更新角色菜单','upms','admin','2019-04-14 17:35:20',NULL,'127.0.0.1','Mozilla/5.0 (Windows NT 10.0; Win64; x64) AppleWebKit/537.36 (KHTML, like Gecko) Chrome/73.0.3683.75 Safari/537.36','/role/menu','PUT','roleId=%5B1%5D&menuIds=%5B1000000%2C1100000%2C1101000%2C1102000%2C1103000%2C1200000%2C1201000%2C1202000%2C1203000%2C1300000%2C1301000%2C1302000%2C1303000%2C1304000%2C1400000%2C1401000%2C1402000%2C1403000%2C2000000%2C2100000%2C2101000%2C2200000%2C2201000%2C2202000%2C2203000%2C2300000%2C2400000%2C2401000%2C2402000%2C2403000%2C2500000%2C2501000%2C2502000%2C2503000%2C2600000%2C2601000%2C2700000%2C2800000%2C2810000%2C2820000%2C2830000%2C2840000%2C2850000%2C2860000%2C3000000%2C3100000%2C3200000%2C3300000%2C3400000%2C3500000%2C3600000%2C3601000%2C3620000%2C3630000%2C3700000%2C3800000%2C4000000%2C4100000%2C4101000%2C4200000%2C4201000%2C4300000%2C4301000%2C4302000%2C4303000%2C4400000%2C4401000%2C8000000%2C8100000%2C8110000%2C8111000%2C8112000%2C8113000%2C8114000%2C8120000%2C8121000%2C8122000%2C8123000%2C8124000%2C8125000%2C8130000%2C8131000%2C8132000%2C8133000%2C8134000%2C8140000%2C8141000%2C8142000%2C8200000%2C8210000%2C8211000%2C8212000%2C8213000%2C8214000%2C%5D','134','0',NULL,1),(286,'0','同步微信用户','upms','admin','2019-04-14 17:35:41',NULL,'127.0.0.1','Mozilla/5.0 (Windows NT 10.0; Win64; x64) AppleWebKit/537.36 (KHTML, like Gecko) Chrome/73.0.3683.75 Safari/537.36','/wxuser/synchroWxUser','GET','appId=%5Bwxa911990057aa571d%5D','688','0',NULL,1),(287,'0','同步微信用户','upms','admin','2019-04-14 17:36:31',NULL,'127.0.0.1','Mozilla/5.0 (Windows NT 10.0; Win64; x64) AppleWebKit/537.36 (KHTML, like Gecko) Chrome/73.0.3683.75 Safari/537.36','/wxuser/synchroWxUser','GET','appId=%5Bwx6bbabe2a208f5463%5D','37994','0',NULL,1),(288,'0','同步微信用户','upms','admin','2019-04-14 17:36:48',NULL,'127.0.0.1','Mozilla/5.0 (Windows NT 10.0; Win64; x64) AppleWebKit/537.36 (KHTML, like Gecko) Chrome/73.0.3683.75 Safari/537.36','/wxuser/synchroWxUser','GET','appId=%5Bwx6bbabe2a208f5463%5D','98','0',NULL,1),(289,'0','同步微信用户','upms','admin','2019-04-14 17:37:01',NULL,'127.0.0.1','Mozilla/5.0 (Windows NT 10.0; Win64; x64) AppleWebKit/537.36 (KHTML, like Gecko) Chrome/73.0.3683.75 Safari/537.36','/wxuser/synchroWxUser','GET','appId=%5Bwx6bbabe2a208f5463%5D','102','0',NULL,1),(290,'0','同步微信用户','upms','admin','2019-04-14 17:41:29',NULL,'127.0.0.1','Mozilla/5.0 (Windows NT 10.0; Win64; x64) AppleWebKit/537.36 (KHTML, like Gecko) Chrome/73.0.3683.75 Safari/537.36','/wxuser/synchroWxUser','GET','appId=%5Bwx49b06760bcc8b2eb%5D','135993','0',NULL,1),(291,'0','同步微信用户','upms','admin','2019-04-14 17:46:23',NULL,'127.0.0.1','Mozilla/5.0 (Windows NT 10.0; Win64; x64) AppleWebKit/537.36 (KHTML, like Gecko) Chrome/73.0.3683.75 Safari/537.36','/wxuser/synchroWxUser','GET','appId=%5Bwx49b06760bcc8b2eb%5D','47461','0',NULL,1),(292,'0','同步微信用户','upms','admin','2019-04-14 17:46:23',NULL,'127.0.0.1','Mozilla/5.0 (Windows NT 10.0; Win64; x64) AppleWebKit/537.36 (KHTML, like Gecko) Chrome/73.0.3683.75 Safari/537.36','/wxuser/synchroWxUser','GET','appId=%5Bwx49b06760bcc8b2eb%5D','105950','0',NULL,1),(293,'0','同步微信用户','upms','admin','2019-04-14 17:52:20',NULL,'127.0.0.1','Mozilla/5.0 (Windows NT 10.0; Win64; x64) AppleWebKit/537.36 (KHTML, like Gecko) Chrome/73.0.3683.75 Safari/537.36','/wxuser/synchroWxUser','GET','appId=%5Bwx49b06760bcc8b2eb%5D','122043','0',NULL,1),(294,'0','同步微信用户','upms','admin','2019-04-14 17:56:36',NULL,'127.0.0.1','Mozilla/5.0 (Windows NT 10.0; Win64; x64) AppleWebKit/537.36 (KHTML, like Gecko) Chrome/73.0.3683.75 Safari/537.36','/wxuser/synchroWxUser','GET','appId=%5Bwxa911990057aa571d%5D','450','0',NULL,1),(295,'0','同步微信用户','upms','admin','2019-04-14 17:56:45',NULL,'127.0.0.1','Mozilla/5.0 (Windows NT 10.0; Win64; x64) AppleWebKit/537.36 (KHTML, like Gecko) Chrome/73.0.3683.75 Safari/537.36','/wxuser/synchroWxUser','GET','appId=%5Bwx6bbabe2a208f5463%5D','125','0',NULL,1),(296,'0','同步微信用户','upms','admin','2019-04-14 18:07:38',NULL,'127.0.0.1','Mozilla/5.0 (Windows NT 10.0; Win64; x64) AppleWebKit/537.36 (KHTML, like Gecko) Chrome/73.0.3683.75 Safari/537.36','/wxuser/synchroWxUser','GET','appId=%5Bwx6bbabe2a208f5463%5D','255','0',NULL,1),(297,'0','同步微信用户','upms','admin','2019-04-14 18:14:13',NULL,'127.0.0.1','Mozilla/5.0 (Windows NT 10.0; Win64; x64) AppleWebKit/537.36 (KHTML, like Gecko) Chrome/73.0.3683.75 Safari/537.36','/wxuser/synchroWxUser','GET','appId=%5Bwxa911990057aa571d%5D','234','0',NULL,1),(298,'0','同步微信用户','upms','admin','2019-04-14 18:14:29',NULL,'127.0.0.1','Mozilla/5.0 (Windows NT 10.0; Win64; x64) AppleWebKit/537.36 (KHTML, like Gecko) Chrome/73.0.3683.75 Safari/537.36','/wxuser/synchroWxUser','GET','appId=%5Bwx49b06760bcc8b2eb%5D','116967','0',NULL,1),(299,'0','同步微信用户','upms','admin','2019-04-14 18:14:57',NULL,'127.0.0.1','Mozilla/5.0 (Windows NT 10.0; Win64; x64) AppleWebKit/537.36 (KHTML, like Gecko) Chrome/73.0.3683.75 Safari/537.36','/wxuser/synchroWxUser','GET','appId=%5Bwxa911990057aa571d%5D','221','0',NULL,1),(300,'0','同步微信用户','upms','admin','2019-04-14 18:28:48',NULL,'127.0.0.1','Mozilla/5.0 (Windows NT 10.0; Win64; x64) AppleWebKit/537.36 (KHTML, like Gecko) Chrome/73.0.3683.75 Safari/537.36','/wxuser/synchroWxUser','GET','appId=%5Bwx49b06760bcc8b2eb%5D','121223','0',NULL,1),(301,'0','新增微信账号配置','upms','admin','2019-04-14 22:22:08',NULL,'127.0.0.1','Mozilla/5.0 (Windows NT 10.0; Win64; x64) AppleWebKit/537.36 (KHTML, like Gecko) Chrome/73.0.3683.75 Safari/537.36','/wxapp','POST','','14','0',NULL,1),(302,'0','同步微信用户','upms','admin','2019-04-14 22:23:42',NULL,'127.0.0.1','Mozilla/5.0 (Windows NT 10.0; Win64; x64) AppleWebKit/537.36 (KHTML, like Gecko) Chrome/73.0.3683.75 Safari/537.36','/wxuser/synchroWxUser','GET','appId=%5Bwx3a9b793d90227207%5D','269','0',NULL,1),(303,'0','同步微信用户','upms','admin','2019-04-14 22:24:17',NULL,'127.0.0.1','Mozilla/5.0 (Windows NT 10.0; Win64; x64) AppleWebKit/537.36 (KHTML, like Gecko) Chrome/73.0.3683.75 Safari/537.36','/wxuser/synchroWxUser','GET','appId=%5Bwx3a9b793d90227207%5D','444','0',NULL,1),(304,'0','保存并发布菜单','upms','admin','2019-04-14 22:24:54',NULL,'127.0.0.1','Mozilla/5.0 (Windows NT 10.0; Win64; x64) AppleWebKit/537.36 (KHTML, like Gecko) Chrome/73.0.3683.75 Safari/537.36','/wxmenu/saveAndRelease','POST','','1300','0',NULL,1),(305,'0','同步微信用户','upms','admin','2019-04-16 12:37:58',NULL,'127.0.0.1','Mozilla/5.0 (Windows NT 10.0; Win64; x64) AppleWebKit/537.36 (KHTML, like Gecko) Chrome/73.0.3683.86 Safari/537.36','/wxuser/synchroWxUser','GET','appId=%5Bwx6bbabe2a208f5463%5D','1435','0',NULL,1),(306,'0','同步微信用户','upms','admin','2019-04-16 12:42:50',NULL,'127.0.0.1','Mozilla/5.0 (Windows NT 10.0; Win64; x64) AppleWebKit/537.36 (KHTML, like Gecko) Chrome/73.0.3683.86 Safari/537.36','/wxuser/synchroWxUser','GET','appId=%5Bwx6bbabe2a208f5463%5D','1142','0',NULL,1),(307,'0','同步微信用户','upms','admin','2019-04-16 12:46:12',NULL,'127.0.0.1','Mozilla/5.0 (Windows NT 10.0; Win64; x64) AppleWebKit/537.36 (KHTML, like Gecko) Chrome/73.0.3683.86 Safari/537.36','/wxuser/synchroWxUser','GET','appId=%5Bwx6bbabe2a208f5463%5D','1338','0',NULL,1),(308,'0','同步微信用户','upms','admin','2019-04-16 14:04:20',NULL,'127.0.0.1','Mozilla/5.0 (Windows NT 10.0; Win64; x64) AppleWebKit/537.36 (KHTML, like Gecko) Chrome/73.0.3683.86 Safari/537.36','/wxuser/synchroWxUser','GET','appId=%5Bwx6bbabe2a208f5463%5D','12618','0',NULL,1),(309,'0','同步微信用户','upms','admin','2019-04-16 14:30:14',NULL,'127.0.0.1','Mozilla/5.0 (Windows NT 10.0; Win64; x64) AppleWebKit/537.36 (KHTML, like Gecko) Chrome/73.0.3683.86 Safari/537.36','/wxuser/synchroWxUser','GET','appId=%5Bwx6bbabe2a208f5463%5D','1120','0',NULL,1),(310,'0','同步微信用户','upms','admin','2019-04-16 14:36:43',NULL,'127.0.0.1','Mozilla/5.0 (Windows NT 10.0; Win64; x64) AppleWebKit/537.36 (KHTML, like Gecko) Chrome/73.0.3683.86 Safari/537.36','/wxuser/synchroWxUser','GET','appId=%5Bwx6bbabe2a208f5463%5D','1325','0',NULL,1),(311,'0','同步微信用户','upms','admin','2019-04-16 14:51:01',NULL,'127.0.0.1','Mozilla/5.0 (Windows NT 10.0; Win64; x64) AppleWebKit/537.36 (KHTML, like Gecko) Chrome/73.0.3683.86 Safari/537.36','/wxuser/synchroWxUser','GET','appId=%5Bwx6bbabe2a208f5463%5D','1445','0',NULL,1),(312,'0','新增菜单','upms','admin','2019-04-16 17:28:44',NULL,'127.0.0.1','Mozilla/5.0 (Windows NT 10.0; Win64; x64) AppleWebKit/537.36 (KHTML, like Gecko) Chrome/73.0.3683.86 Safari/537.36','/menu','POST','','51','0',NULL,1),(313,'0','新增菜单','upms','admin','2019-04-16 17:30:24',NULL,'127.0.0.1','Mozilla/5.0 (Windows NT 10.0; Win64; x64) AppleWebKit/537.36 (KHTML, like Gecko) Chrome/73.0.3683.86 Safari/537.36','/menu','POST','','44','0',NULL,1),(314,'0','更新角色菜单','upms','admin','2019-04-16 17:30:45',NULL,'127.0.0.1','Mozilla/5.0 (Windows NT 10.0; Win64; x64) AppleWebKit/537.36 (KHTML, like Gecko) Chrome/73.0.3683.86 Safari/537.36','/role/menu','PUT','roleId=%5B1%5D&menuIds=%5B1000000%2C1100000%2C1101000%2C1102000%2C1103000%2C1200000%2C1201000%2C1202000%2C1203000%2C1300000%2C1301000%2C1302000%2C1303000%2C1304000%2C1400000%2C1401000%2C1402000%2C1403000%2C2000000%2C2100000%2C2101000%2C2200000%2C2201000%2C2202000%2C2203000%2C2300000%2C2400000%2C2401000%2C2402000%2C2403000%2C2500000%2C2501000%2C2502000%2C2503000%2C2600000%2C2601000%2C2700000%2C2800000%2C2810000%2C2820000%2C2830000%2C2840000%2C2850000%2C2860000%2C3000000%2C3100000%2C3200000%2C3300000%2C3400000%2C3500000%2C3600000%2C3601000%2C3620000%2C3630000%2C3700000%2C3800000%2C4000000%2C4100000%2C4101000%2C4200000%2C4201000%2C4300000%2C4301000%2C4302000%2C4303000%2C4400000%2C4401000%2C8000000%2C8100000%2C8110000%2C8111000%2C8112000%2C8113000%2C8114000%2C8120000%2C8121000%2C8122000%2C8123000%2C8124000%2C8125000%2C8130000%2C8131000%2C8132000%2C8133000%2C8134000%2C8140000%2C8141000%2C8142000%2C8150000%2C8151000%2C8200000%2C8210000%2C8211000%2C8212000%2C8213000%2C8214000%2C%5D','457','0',NULL,1),(315,'0','新增菜单','upms','admin','2019-04-17 09:03:56',NULL,'127.0.0.1','Mozilla/5.0 (Windows NT 10.0; Win64; x64) AppleWebKit/537.36 (KHTML, like Gecko) Chrome/73.0.3683.86 Safari/537.36','/menu','POST','','71','0',NULL,1),(316,'0','新增菜单','upms','admin','2019-04-17 09:04:33',NULL,'127.0.0.1','Mozilla/5.0 (Windows NT 10.0; Win64; x64) AppleWebKit/537.36 (KHTML, like Gecko) Chrome/73.0.3683.86 Safari/537.36','/menu','POST','','57','0',NULL,1),(317,'0','新增菜单','upms','admin','2019-04-17 09:05:08',NULL,'127.0.0.1','Mozilla/5.0 (Windows NT 10.0; Win64; x64) AppleWebKit/537.36 (KHTML, like Gecko) Chrome/73.0.3683.86 Safari/537.36','/menu','POST','','75','0',NULL,1),(318,'0','更新菜单','upms','admin','2019-04-17 09:05:14',NULL,'127.0.0.1','Mozilla/5.0 (Windows NT 10.0; Win64; x64) AppleWebKit/537.36 (KHTML, like Gecko) Chrome/73.0.3683.86 Safari/537.36','/menu','PUT','','90','0',NULL,1),(319,'0','更新菜单','upms','admin','2019-04-17 09:05:19',NULL,'127.0.0.1','Mozilla/5.0 (Windows NT 10.0; Win64; x64) AppleWebKit/537.36 (KHTML, like Gecko) Chrome/73.0.3683.86 Safari/537.36','/menu','PUT','','105','0',NULL,1),(320,'0','更新菜单','upms','admin','2019-04-17 09:05:25',NULL,'127.0.0.1','Mozilla/5.0 (Windows NT 10.0; Win64; x64) AppleWebKit/537.36 (KHTML, like Gecko) Chrome/73.0.3683.86 Safari/537.36','/menu','PUT','','82','0',NULL,1),(321,'0','更新角色菜单','upms','admin','2019-04-17 09:05:39',NULL,'127.0.0.1','Mozilla/5.0 (Windows NT 10.0; Win64; x64) AppleWebKit/537.36 (KHTML, like Gecko) Chrome/73.0.3683.86 Safari/537.36','/role/menu','PUT','roleId=%5B1%5D&menuIds=%5B1000000%2C1100000%2C1101000%2C1102000%2C1103000%2C1200000%2C1201000%2C1202000%2C1203000%2C1300000%2C1301000%2C1302000%2C1303000%2C1304000%2C1400000%2C1401000%2C1402000%2C1403000%2C2000000%2C2100000%2C2101000%2C2200000%2C2201000%2C2202000%2C2203000%2C2300000%2C2400000%2C2401000%2C2402000%2C2403000%2C2500000%2C2501000%2C2502000%2C2503000%2C2600000%2C2601000%2C2700000%2C2800000%2C2810000%2C2820000%2C2830000%2C2840000%2C2850000%2C2860000%2C3000000%2C3100000%2C3200000%2C3300000%2C3400000%2C3500000%2C3600000%2C3601000%2C3620000%2C3630000%2C3700000%2C3800000%2C4000000%2C4100000%2C4101000%2C4200000%2C4201000%2C4300000%2C4301000%2C4302000%2C4303000%2C4400000%2C4401000%2C8000000%2C8100000%2C8110000%2C8111000%2C8112000%2C8113000%2C8114000%2C8120000%2C8121000%2C8122000%2C8123000%2C8124000%2C8125000%2C8130000%2C8131000%2C8132000%2C8133000%2C8134000%2C8140000%2C8141000%2C8142000%2C8150000%2C8151000%2C8152000%2C8153000%2C8154000%2C8200000%2C8210000%2C8211000%2C8212000%2C8213000%2C8214000%2C%5D','182','0',NULL,1),(322,'0','新增微信用户标签','upms','admin','2019-04-17 09:45:06',NULL,'127.0.0.1','Mozilla/5.0 (Windows NT 10.0; Win64; x64) AppleWebKit/537.36 (KHTML, like Gecko) Chrome/73.0.3683.86 Safari/537.36','/wxusertags','POST','','292','0',NULL,1),(323,'0','删除微信用户标签','upms','admin','2019-04-17 09:48:56',NULL,'127.0.0.1','Mozilla/5.0 (Windows NT 10.0; Win64; x64) AppleWebKit/537.36 (KHTML, like Gecko) Chrome/73.0.3683.86 Safari/537.36','/wxusertags/del','GET','appId=%5Bwx6bbabe2a208f5463%5D','225','0',NULL,1),(324,'0','删除微信用户标签','upms','admin','2019-04-17 10:08:57',NULL,'127.0.0.1','Mozilla/5.0 (Windows NT 10.0; Win64; x64) AppleWebKit/537.36 (KHTML, like Gecko) Chrome/73.0.3683.86 Safari/537.36','/wxusertags/del','GET','appId=%5Bwx6bbabe2a208f5463%5D&id=%5B6%5D','261','0',NULL,1),(325,'0','删除微信用户标签','upms','admin','2019-04-17 10:09:56',NULL,'127.0.0.1','Mozilla/5.0 (Windows NT 10.0; Win64; x64) AppleWebKit/537.36 (KHTML, like Gecko) Chrome/73.0.3683.86 Safari/537.36','/wxusertags/del','GET','appId=%5Bwx6bbabe2a208f5463%5D&id=%5B105%5D','266','0',NULL,1),(326,'0','删除微信用户标签','upms','admin','2019-04-17 10:10:03',NULL,'127.0.0.1','Mozilla/5.0 (Windows NT 10.0; Win64; x64) AppleWebKit/537.36 (KHTML, like Gecko) Chrome/73.0.3683.86 Safari/537.36','/wxusertags/del','GET','appId=%5Bwx6bbabe2a208f5463%5D&id=%5B101%5D','227','0',NULL,1),(327,'0','修改微信用户标签','upms','admin','2019-04-17 10:10:14',NULL,'127.0.0.1','Mozilla/5.0 (Windows NT 10.0; Win64; x64) AppleWebKit/537.36 (KHTML, like Gecko) Chrome/73.0.3683.86 Safari/537.36','/wxusertags','PUT','','270','0',NULL,1),(328,'0','新增微信用户标签','upms','admin','2019-04-17 10:10:23',NULL,'127.0.0.1','Mozilla/5.0 (Windows NT 10.0; Win64; x64) AppleWebKit/537.36 (KHTML, like Gecko) Chrome/73.0.3683.86 Safari/537.36','/wxusertags','POST','','222','0',NULL,1),(329,'0','新增微信用户标签','upms','admin','2019-04-17 10:10:33',NULL,'127.0.0.1','Mozilla/5.0 (Windows NT 10.0; Win64; x64) AppleWebKit/537.36 (KHTML, like Gecko) Chrome/73.0.3683.86 Safari/537.36','/wxusertags','POST','','265','0',NULL,1),(330,'0','删除微信用户标签','upms','admin','2019-04-17 10:10:42',NULL,'127.0.0.1','Mozilla/5.0 (Windows NT 10.0; Win64; x64) AppleWebKit/537.36 (KHTML, like Gecko) Chrome/73.0.3683.86 Safari/537.36','/wxusertags/del','GET','appId=%5Bwx6bbabe2a208f5463%5D&id=%5B107%5D','222','0',NULL,1),(331,'0','删除微信用户标签','upms','admin','2019-04-17 10:10:47',NULL,'127.0.0.1','Mozilla/5.0 (Windows NT 10.0; Win64; x64) AppleWebKit/537.36 (KHTML, like Gecko) Chrome/73.0.3683.86 Safari/537.36','/wxusertags/del','GET','appId=%5Bwx6bbabe2a208f5463%5D&id=%5B106%5D','233','0',NULL,1),(332,'0','删除微信用户标签','upms','admin','2019-04-17 10:10:52',NULL,'127.0.0.1','Mozilla/5.0 (Windows NT 10.0; Win64; x64) AppleWebKit/537.36 (KHTML, like Gecko) Chrome/73.0.3683.86 Safari/537.36','/wxusertags/del','GET','appId=%5Bwx6bbabe2a208f5463%5D&id=%5B104%5D','262','0',NULL,1),(333,'0','新增微信用户标签','upms','admin','2019-04-17 10:12:16',NULL,'127.0.0.1','Mozilla/5.0 (Windows NT 10.0; Win64; x64) AppleWebKit/537.36 (KHTML, like Gecko) Chrome/73.0.3683.86 Safari/537.36','/wxusertags','POST','','310','0',NULL,1),(334,'0','删除微信用户标签','upms','admin','2019-04-17 10:12:32',NULL,'127.0.0.1','Mozilla/5.0 (Windows NT 10.0; Win64; x64) AppleWebKit/537.36 (KHTML, like Gecko) Chrome/73.0.3683.86 Safari/537.36','/wxusertags/del','GET','appId=%5Bwx6bbabe2a208f5463%5D&id=%5B108%5D','225','0',NULL,1),(335,'0','删除微信用户标签','upms','admin','2019-04-17 10:25:00',NULL,'127.0.0.1','Mozilla/5.0 (Windows NT 10.0; Win64; x64) AppleWebKit/537.36 (KHTML, like Gecko) Chrome/73.0.3683.86 Safari/537.36','/wxusertags/del','GET','appId=%5Bwx6bbabe2a208f5463%5D&id=%5B-1%5D','319','0',NULL,1),(336,'0','修改微信用户标签','upms','admin','2019-04-17 10:25:08',NULL,'127.0.0.1','Mozilla/5.0 (Windows NT 10.0; Win64; x64) AppleWebKit/537.36 (KHTML, like Gecko) Chrome/73.0.3683.86 Safari/537.36','/wxusertags','PUT','','213','0',NULL,1),(337,'0','新增微信用户标签','upms','admin','2019-04-17 10:26:39',NULL,'127.0.0.1','Mozilla/5.0 (Windows NT 10.0; Win64; x64) AppleWebKit/537.36 (KHTML, like Gecko) Chrome/73.0.3683.86 Safari/537.36','/wxusertags','POST','','225','0',NULL,1),(338,'0','删除微信用户标签','upms','admin','2019-04-17 10:26:55',NULL,'127.0.0.1','Mozilla/5.0 (Windows NT 10.0; Win64; x64) AppleWebKit/537.36 (KHTML, like Gecko) Chrome/73.0.3683.86 Safari/537.36','/wxusertags/del','GET','appId=%5Bwx6bbabe2a208f5463%5D&id=%5B-1%5D','209','0',NULL,1),(339,'0','修改微信用户标签','upms','admin','2019-04-17 10:27:30',NULL,'127.0.0.1','Mozilla/5.0 (Windows NT 10.0; Win64; x64) AppleWebKit/537.36 (KHTML, like Gecko) Chrome/73.0.3683.86 Safari/537.36','/wxusertags','PUT','','284','0',NULL,1),(340,'0','删除微信用户标签','upms','admin','2019-04-17 10:27:35',NULL,'127.0.0.1','Mozilla/5.0 (Windows NT 10.0; Win64; x64) AppleWebKit/537.36 (KHTML, like Gecko) Chrome/73.0.3683.86 Safari/537.36','/wxusertags/del','GET','appId=%5Bwx6bbabe2a208f5463%5D&id=%5B109%5D','216','0',NULL,1),(341,'0','新增微信用户标签','upms','admin','2019-04-17 10:27:49',NULL,'127.0.0.1','Mozilla/5.0 (Windows NT 10.0; Win64; x64) AppleWebKit/537.36 (KHTML, like Gecko) Chrome/73.0.3683.86 Safari/537.36','/wxusertags','POST','','263','0',NULL,1),(342,'0','删除微信用户标签','upms','admin','2019-04-17 10:27:54',NULL,'127.0.0.1','Mozilla/5.0 (Windows NT 10.0; Win64; x64) AppleWebKit/537.36 (KHTML, like Gecko) Chrome/73.0.3683.86 Safari/537.36','/wxusertags/del','GET','appId=%5Bwx6bbabe2a208f5463%5D&id=%5B110%5D','270','0',NULL,1),(343,'0','同步微信用户','upms','admin','2019-04-17 11:32:32',NULL,'127.0.0.1','Mozilla/5.0 (Windows NT 10.0; Win64; x64) AppleWebKit/537.36 (KHTML, like Gecko) Chrome/73.0.3683.86 Safari/537.36','/wxuser/synchroWxUser','GET','appId=%5Bwx49b06760bcc8b2eb%5D','124237','0',NULL,1),(344,'0','修改微信用户','upms','admin','2019-04-17 12:03:21',NULL,'127.0.0.1','Mozilla/5.0 (Windows NT 10.0; Win64; x64) AppleWebKit/537.36 (KHTML, like Gecko) Chrome/73.0.3683.86 Safari/537.36','/wxuser','PUT','','15','0',NULL,1),(345,'0','修改微信用户','upms','admin','2019-04-17 12:05:16',NULL,'127.0.0.1','Mozilla/5.0 (Windows NT 10.0; Win64; x64) AppleWebKit/537.36 (KHTML, like Gecko) Chrome/73.0.3683.86 Safari/537.36','/wxuser','PUT','','62','0',NULL,1),(346,'0','修改微信用户','upms','admin','2019-04-17 12:05:40',NULL,'127.0.0.1','Mozilla/5.0 (Windows NT 10.0; Win64; x64) AppleWebKit/537.36 (KHTML, like Gecko) Chrome/73.0.3683.86 Safari/537.36','/wxuser','PUT','','48','0',NULL,1),(347,'0','修改微信账号配置','upms','admin','2019-04-17 14:25:25',NULL,'127.0.0.1','Mozilla/5.0 (Windows NT 10.0; Win64; x64) AppleWebKit/537.36 (KHTML, like Gecko) Chrome/73.0.3683.86 Safari/537.36','/wxapp','PUT','','9','0',NULL,1),(348,'0','新增菜单','upms','admin','2019-04-17 14:35:14',NULL,'127.0.0.1','Mozilla/5.0 (Windows NT 10.0; Win64; x64) AppleWebKit/537.36 (KHTML, like Gecko) Chrome/73.0.3683.86 Safari/537.36','/menu','POST','','54','0',NULL,1),(349,'0','更新菜单','upms','admin','2019-04-17 14:35:39',NULL,'127.0.0.1','Mozilla/5.0 (Windows NT 10.0; Win64; x64) AppleWebKit/537.36 (KHTML, like Gecko) Chrome/73.0.3683.86 Safari/537.36','/menu','PUT','','62','0',NULL,1),(350,'0','更新角色菜单','upms','admin','2019-04-17 14:35:58',NULL,'127.0.0.1','Mozilla/5.0 (Windows NT 10.0; Win64; x64) AppleWebKit/537.36 (KHTML, like Gecko) Chrome/73.0.3683.86 Safari/537.36','/role/menu','PUT','roleId=%5B1%5D&menuIds=%5B1000000%2C1100000%2C1101000%2C1102000%2C1103000%2C1200000%2C1201000%2C1202000%2C1203000%2C1300000%2C1301000%2C1302000%2C1303000%2C1304000%2C1400000%2C1401000%2C1402000%2C1403000%2C2000000%2C2100000%2C2101000%2C2200000%2C2201000%2C2202000%2C2203000%2C2300000%2C2400000%2C2401000%2C2402000%2C2403000%2C2500000%2C2501000%2C2502000%2C2503000%2C2600000%2C2601000%2C2700000%2C2800000%2C2810000%2C2820000%2C2830000%2C2840000%2C2850000%2C2860000%2C3000000%2C3100000%2C3200000%2C3300000%2C3400000%2C3500000%2C3600000%2C3601000%2C3620000%2C3630000%2C3700000%2C3800000%2C4000000%2C4100000%2C4101000%2C4200000%2C4201000%2C4300000%2C4301000%2C4302000%2C4303000%2C4400000%2C4401000%2C8000000%2C8100000%2C8110000%2C8111000%2C8112000%2C8113000%2C8114000%2C8120000%2C8121000%2C8122000%2C8123000%2C8124000%2C8125000%2C8126000%2C8130000%2C8131000%2C8132000%2C8133000%2C8134000%2C8140000%2C8141000%2C8142000%2C8150000%2C8151000%2C8152000%2C8153000%2C8154000%2C8200000%2C8210000%2C8211000%2C8212000%2C8213000%2C8214000%2C%5D','346','0',NULL,1),(351,'0','修改微信用户备注','upms','admin','2019-04-17 14:36:25',NULL,'127.0.0.1','Mozilla/5.0 (Windows NT 10.0; Win64; x64) AppleWebKit/537.36 (KHTML, like Gecko) Chrome/73.0.3683.86 Safari/537.36','/wxuser/updateRemark','POST','','270','0',NULL,1),(352,'0','同步微信用户','upms','admin','2019-04-17 14:38:19',NULL,'127.0.0.1','Mozilla/5.0 (Windows NT 10.0; Win64; x64) AppleWebKit/537.36 (KHTML, like Gecko) Chrome/73.0.3683.86 Safari/537.36','/wxuser/synchroWxUser','GET','appId=%5Bwx6bbabe2a208f5463%5D','1195','0',NULL,1),(353,'0','修改微信用户备注','upms','admin','2019-04-17 14:38:31',NULL,'127.0.0.1','Mozilla/5.0 (Windows NT 10.0; Win64; x64) AppleWebKit/537.36 (KHTML, like Gecko) Chrome/73.0.3683.86 Safari/537.36','/wxuser/updateRemark','POST','','236','0',NULL,1),(354,'0','修改微信用户备注','upms','admin','2019-04-17 14:41:46',NULL,'127.0.0.1','Mozilla/5.0 (Windows NT 10.0; Win64; x64) AppleWebKit/537.36 (KHTML, like Gecko) Chrome/73.0.3683.86 Safari/537.36','/wxuser/updateRemark','POST','','48352','0',NULL,1),(355,'0','修改微信用户备注','upms','admin','2019-04-17 14:45:35',NULL,'127.0.0.1','Mozilla/5.0 (Windows NT 10.0; Win64; x64) AppleWebKit/537.36 (KHTML, like Gecko) Chrome/73.0.3683.86 Safari/537.36','/wxuser/updateRemark','POST','','351','0',NULL,1),(356,'0','同步微信用户','upms','admin','2019-04-17 14:45:41',NULL,'127.0.0.1','Mozilla/5.0 (Windows NT 10.0; Win64; x64) AppleWebKit/537.36 (KHTML, like Gecko) Chrome/73.0.3683.86 Safari/537.36','/wxuser/synchroWxUser','GET','appId=%5Bwx6bbabe2a208f5463%5D','1045','0',NULL,1),(357,'0','同步微信用户','upms','admin','2019-04-17 14:48:44',NULL,'127.0.0.1','Mozilla/5.0 (Windows NT 10.0; Win64; x64) AppleWebKit/537.36 (KHTML, like Gecko) Chrome/73.0.3683.86 Safari/537.36','/wxuser/synchroWxUser','GET','appId=%5Bwx6bbabe2a208f5463%5D','1555','0',NULL,1),(358,'0','修改微信用户备注','upms','admin','2019-04-17 14:48:52',NULL,'127.0.0.1','Mozilla/5.0 (Windows NT 10.0; Win64; x64) AppleWebKit/537.36 (KHTML, like Gecko) Chrome/73.0.3683.86 Safari/537.36','/wxuser/updateRemark','POST','','299','0',NULL,1),(359,'0','同步微信用户','upms','admin','2019-04-17 14:48:58',NULL,'127.0.0.1','Mozilla/5.0 (Windows NT 10.0; Win64; x64) AppleWebKit/537.36 (KHTML, like Gecko) Chrome/73.0.3683.86 Safari/537.36','/wxuser/synchroWxUser','GET','appId=%5Bwx6bbabe2a208f5463%5D','703','0',NULL,1),(360,'0','修改微信用户备注','upms','admin','2019-04-17 14:59:16',NULL,'127.0.0.1','Mozilla/5.0 (Windows NT 10.0; Win64; x64) AppleWebKit/537.36 (KHTML, like Gecko) Chrome/73.0.3683.86 Safari/537.36','/wxuser/updateRemark','POST','','313','0',NULL,1),(361,'0','同步微信用户','upms','admin','2019-04-17 14:59:34',NULL,'127.0.0.1','Mozilla/5.0 (Windows NT 10.0; Win64; x64) AppleWebKit/537.36 (KHTML, like Gecko) Chrome/73.0.3683.86 Safari/537.36','/wxuser/synchroWxUser','GET','appId=%5Bwx6bbabe2a208f5463%5D','736','0',NULL,1),(362,'0','修改微信用户备注','upms','admin','2019-04-17 14:59:40',NULL,'127.0.0.1','Mozilla/5.0 (Windows NT 10.0; Win64; x64) AppleWebKit/537.36 (KHTML, like Gecko) Chrome/73.0.3683.86 Safari/537.36','/wxuser/updateRemark','POST','','264','0',NULL,1),(363,'0','修改微信用户备注','upms','admin','2019-04-17 15:00:44',NULL,'127.0.0.1','Mozilla/5.0 (Windows NT 10.0; Win64; x64) AppleWebKit/537.36 (KHTML, like Gecko) Chrome/73.0.3683.86 Safari/537.36','/wxuser/updateRemark','POST','','291','0',NULL,1),(364,'0','修改微信用户备注','upms','admin','2019-04-17 15:04:52',NULL,'127.0.0.1','Mozilla/5.0 (Windows NT 10.0; Win64; x64) AppleWebKit/537.36 (KHTML, like Gecko) Chrome/73.0.3683.86 Safari/537.36','/wxuser/updateRemark','POST','','277','0',NULL,1),(365,'0','新增菜单','upms','admin','2019-04-17 15:26:18',NULL,'127.0.0.1','Mozilla/5.0 (Windows NT 10.0; Win64; x64) AppleWebKit/537.36 (KHTML, like Gecko) Chrome/73.0.3683.86 Safari/537.36','/menu','POST','','54','0',NULL,1),(366,'0','更新角色菜单','upms','admin','2019-04-17 15:26:31',NULL,'127.0.0.1','Mozilla/5.0 (Windows NT 10.0; Win64; x64) AppleWebKit/537.36 (KHTML, like Gecko) Chrome/73.0.3683.86 Safari/537.36','/role/menu','PUT','roleId=%5B1%5D&menuIds=%5B1000000%2C1100000%2C1101000%2C1102000%2C1103000%2C1200000%2C1201000%2C1202000%2C1203000%2C1300000%2C1301000%2C1302000%2C1303000%2C1304000%2C1400000%2C1401000%2C1402000%2C1403000%2C2000000%2C2100000%2C2101000%2C2200000%2C2201000%2C2202000%2C2203000%2C2300000%2C2400000%2C2401000%2C2402000%2C2403000%2C2500000%2C2501000%2C2502000%2C2503000%2C2600000%2C2601000%2C2700000%2C2800000%2C2810000%2C2820000%2C2830000%2C2840000%2C2850000%2C2860000%2C3000000%2C3100000%2C3200000%2C3300000%2C3400000%2C3500000%2C3600000%2C3601000%2C3620000%2C3630000%2C3700000%2C3800000%2C4000000%2C4100000%2C4101000%2C4200000%2C4201000%2C4300000%2C4301000%2C4302000%2C4303000%2C4400000%2C4401000%2C8000000%2C8100000%2C8110000%2C8111000%2C8112000%2C8113000%2C8114000%2C8120000%2C8121000%2C8122000%2C8123000%2C8124000%2C8125000%2C8126000%2C8127000%2C8130000%2C8131000%2C8132000%2C8133000%2C8134000%2C8140000%2C8141000%2C8142000%2C8150000%2C8151000%2C8152000%2C8153000%2C8154000%2C8200000%2C8210000%2C8211000%2C8212000%2C8213000%2C8214000%2C%5D','157','0',NULL,1),(367,'0','更新角色菜单','upms','admin','2019-04-17 15:27:33',NULL,'127.0.0.1','Mozilla/5.0 (Windows NT 10.0; Win64; x64) AppleWebKit/537.36 (KHTML, like Gecko) Chrome/73.0.3683.86 Safari/537.36','/role/menu','PUT','roleId=%5B1%5D&menuIds=%5B1000000%2C1100000%2C1101000%2C1102000%2C1103000%2C1200000%2C1201000%2C1202000%2C1203000%2C1300000%2C1301000%2C1302000%2C1303000%2C1304000%2C1400000%2C1401000%2C1402000%2C1403000%2C2000000%2C2100000%2C2101000%2C2200000%2C2201000%2C2202000%2C2203000%2C2300000%2C2400000%2C2401000%2C2402000%2C2403000%2C2500000%2C2501000%2C2502000%2C2503000%2C2600000%2C2601000%2C2700000%2C2800000%2C2810000%2C2820000%2C2830000%2C2840000%2C2850000%2C2860000%2C3000000%2C3100000%2C3200000%2C3300000%2C3400000%2C3500000%2C3600000%2C3601000%2C3620000%2C3630000%2C3700000%2C3800000%2C4000000%2C4100000%2C4101000%2C4200000%2C4201000%2C4300000%2C4301000%2C4302000%2C4303000%2C4400000%2C4401000%2C8110000%2C8111000%2C8112000%2C8113000%2C8114000%2C8121000%2C8122000%2C8123000%2C8124000%2C8125000%2C8126000%2C8130000%2C8131000%2C8132000%2C8133000%2C8134000%2C8140000%2C8141000%2C8142000%2C8150000%2C8151000%2C8152000%2C8153000%2C8154000%2C8200000%2C8210000%2C8211000%2C8212000%2C8213000%2C8214000%2C8000000%2C8100000%2C8120000%5D','127','0',NULL,1),(368,'0','更新角色菜单','upms','admin','2019-04-17 15:27:52',NULL,'127.0.0.1','Mozilla/5.0 (Windows NT 10.0; Win64; x64) AppleWebKit/537.36 (KHTML, like Gecko) Chrome/73.0.3683.86 Safari/537.36','/role/menu','PUT','roleId=%5B1%5D&menuIds=%5B1000000%2C1100000%2C1101000%2C1102000%2C1103000%2C1200000%2C1201000%2C1202000%2C1203000%2C1300000%2C1301000%2C1302000%2C1303000%2C1304000%2C1400000%2C1401000%2C1402000%2C1403000%2C2000000%2C2100000%2C2101000%2C2200000%2C2201000%2C2202000%2C2203000%2C2300000%2C2400000%2C2401000%2C2402000%2C2403000%2C2500000%2C2501000%2C2502000%2C2503000%2C2600000%2C2601000%2C2700000%2C2800000%2C2810000%2C2820000%2C2830000%2C2840000%2C2850000%2C2860000%2C3000000%2C3100000%2C3200000%2C3300000%2C3400000%2C3500000%2C3600000%2C3601000%2C3620000%2C3630000%2C3700000%2C3800000%2C4000000%2C4100000%2C4101000%2C4200000%2C4201000%2C4300000%2C4301000%2C4302000%2C4303000%2C4400000%2C4401000%2C8000000%2C8100000%2C8110000%2C8111000%2C8112000%2C8113000%2C8114000%2C8120000%2C8121000%2C8122000%2C8123000%2C8124000%2C8125000%2C8126000%2C8127000%2C8130000%2C8131000%2C8132000%2C8133000%2C8134000%2C8140000%2C8141000%2C8142000%2C8150000%2C8151000%2C8152000%2C8153000%2C8154000%2C8200000%2C8210000%2C8211000%2C8212000%2C8213000%2C8214000%2C%5D','191','0',NULL,1),(369,'0','新增微信用户标签','upms','admin','2019-04-17 18:11:19',NULL,'127.0.0.1','Mozilla/5.0 (Windows NT 10.0; Win64; x64) AppleWebKit/537.36 (KHTML, like Gecko) Chrome/73.0.3683.86 Safari/537.36','/wxusertags','POST','','369','0',NULL,1),(370,'0','删除微信用户标签','upms','admin','2019-04-18 10:35:38',NULL,'127.0.0.1','Mozilla/5.0 (Windows NT 10.0; Win64; x64) AppleWebKit/537.36 (KHTML, like Gecko) Chrome/73.0.3683.86 Safari/537.36','/wxusertags/del','GET','appId=%5Bwx49b06760bcc8b2eb%5D&id=%5B101%5D','7','0',NULL,1),(371,'0','更新角色菜单','upms','admin','2019-04-18 11:59:24',NULL,'127.0.0.1','Mozilla/5.0 (Windows NT 10.0; Win64; x64) AppleWebKit/537.36 (KHTML, like Gecko) Chrome/73.0.3683.86 Safari/537.36','/role/menu','PUT','roleId=%5B2%5D&menuIds=%5B1000000%2C1100000%2C1101000%2C1102000%2C1103000%2C1200000%2C1201000%2C1202000%2C1203000%2C1300000%2C1301000%2C1302000%2C1303000%2C1304000%2C1400000%2C1401000%2C1402000%2C1403000%2C2000000%2C2100000%2C2101000%2C2200000%2C2201000%2C2202000%2C2203000%2C2300000%2C2400000%2C2401000%2C2402000%2C2403000%2C2500000%2C2501000%2C2502000%2C2503000%2C2600000%2C2601000%2C2700000%2C2800000%2C2810000%2C2820000%2C2830000%2C2840000%2C2850000%2C2860000%2C3000000%2C3100000%2C3200000%2C3300000%2C3400000%2C3500000%2C3600000%2C3601000%2C3620000%2C3630000%2C3700000%2C3800000%2C4000000%2C4100000%2C4101000%2C4200000%2C4201000%2C4300000%2C4301000%2C4302000%2C4303000%2C4400000%2C4401000%2C8000000%2C8100000%2C8110000%2C8111000%2C8112000%2C8113000%2C8114000%2C8120000%2C8121000%2C8122000%2C8123000%2C8124000%2C8125000%2C8126000%2C8127000%2C8130000%2C8131000%2C8132000%2C8133000%2C8134000%2C8140000%2C8141000%2C8142000%2C8150000%2C8151000%2C8152000%2C8153000%2C8154000%2C8200000%2C8210000%2C8211000%2C8212000%2C8213000%2C8214000%2C%5D','157','0',NULL,2),(372,'0','删除菜单','upms','admin','2019-04-18 15:51:35',NULL,'127.0.0.1','Mozilla/5.0 (Windows NT 10.0; Win64; x64) AppleWebKit/537.36 (KHTML, like Gecko) Chrome/73.0.3683.86 Safari/537.36','/menu/8116000','DELETE','','124','0',NULL,1),(373,'0','删除菜单','upms','admin','2019-04-18 15:51:41',NULL,'127.0.0.1','Mozilla/5.0 (Windows NT 10.0; Win64; x64) AppleWebKit/537.36 (KHTML, like Gecko) Chrome/73.0.3683.86 Safari/537.36','/menu/8116400','DELETE','','124','0',NULL,1),(374,'0','删除菜单','upms','admin','2019-04-18 15:51:44',NULL,'127.0.0.1','Mozilla/5.0 (Windows NT 10.0; Win64; x64) AppleWebKit/537.36 (KHTML, like Gecko) Chrome/73.0.3683.86 Safari/537.36','/menu/8116300','DELETE','','106','0',NULL,1),(375,'0','删除菜单','upms','admin','2019-04-18 15:51:47',NULL,'127.0.0.1','Mozilla/5.0 (Windows NT 10.0; Win64; x64) AppleWebKit/537.36 (KHTML, like Gecko) Chrome/73.0.3683.86 Safari/537.36','/menu/8116200','DELETE','','142','0',NULL,1),(376,'0','删除菜单','upms','admin','2019-04-18 15:51:49',NULL,'127.0.0.1','Mozilla/5.0 (Windows NT 10.0; Win64; x64) AppleWebKit/537.36 (KHTML, like Gecko) Chrome/73.0.3683.86 Safari/537.36','/menu/8116100','DELETE','','80','0',NULL,1),(377,'0','删除菜单','upms','admin','2019-04-18 15:51:53',NULL,'127.0.0.1','Mozilla/5.0 (Windows NT 10.0; Win64; x64) AppleWebKit/537.36 (KHTML, like Gecko) Chrome/73.0.3683.86 Safari/537.36','/menu/8116000','DELETE','','103','0',NULL,1),(378,'0','更新角色菜单','upms','admin','2019-04-18 15:53:46',NULL,'127.0.0.1','Mozilla/5.0 (Windows NT 10.0; Win64; x64) AppleWebKit/537.36 (KHTML, like Gecko) Chrome/73.0.3683.86 Safari/537.36','/role/menu','PUT','roleId=%5B1%5D&menuIds=%5B1000000%2C1100000%2C1101000%2C1102000%2C1103000%2C1200000%2C1201000%2C1202000%2C1203000%2C1300000%2C1301000%2C1302000%2C1303000%2C1304000%2C1400000%2C1401000%2C1402000%2C1403000%2C2000000%2C2100000%2C2101000%2C2200000%2C2201000%2C2202000%2C2203000%2C2300000%2C2400000%2C2401000%2C2402000%2C2403000%2C2500000%2C2501000%2C2502000%2C2503000%2C2600000%2C2601000%2C2700000%2C2800000%2C2810000%2C2820000%2C2830000%2C2840000%2C2850000%2C2860000%2C3000000%2C3100000%2C3200000%2C3300000%2C3400000%2C3500000%2C3600000%2C3601000%2C3620000%2C3630000%2C3700000%2C3800000%2C4000000%2C4100000%2C4101000%2C4200000%2C4201000%2C4300000%2C4301000%2C4302000%2C4303000%2C4400000%2C4401000%2C8000000%2C8100000%2C8110000%2C8111000%2C8112000%2C8113000%2C8114000%2C8120000%2C8121000%2C8122000%2C8123000%2C8124000%2C8125000%2C8126000%2C8127000%2C8130000%2C8131000%2C8132000%2C8133000%2C8134000%2C8140000%2C8141000%2C8142000%2C8150000%2C8151000%2C8152000%2C8153000%2C8154000%2C8160000%2C8161000%2C8162000%2C8163000%2C8164000%2C8200000%2C8210000%2C8211000%2C8212000%2C8213000%2C8214000%2C%5D','354','0',NULL,1),(379,'0','更新菜单','upms','admin','2019-04-18 15:54:29',NULL,'127.0.0.1','Mozilla/5.0 (Windows NT 10.0; Win64; x64) AppleWebKit/537.36 (KHTML, like Gecko) Chrome/73.0.3683.86 Safari/537.36','/menu','PUT','','113','0',NULL,1),(380,'0','更新菜单','upms','admin','2019-04-18 16:01:04',NULL,'127.0.0.1','Mozilla/5.0 (Windows NT 10.0; Win64; x64) AppleWebKit/537.36 (KHTML, like Gecko) Chrome/73.0.3683.86 Safari/537.36','/menu','PUT','','79','0',NULL,1),(381,'0','更新菜单','upms','admin','2019-04-18 16:19:53',NULL,'127.0.0.1','Mozilla/5.0 (Windows NT 10.0; Win64; x64) AppleWebKit/537.36 (KHTML, like Gecko) Chrome/73.0.3683.86 Safari/537.36','/menu','PUT','','59','0',NULL,1),(382,'0','更新菜单','upms','admin','2019-04-18 16:21:24',NULL,'127.0.0.1','Mozilla/5.0 (Windows NT 10.0; Win64; x64) AppleWebKit/537.36 (KHTML, like Gecko) Chrome/73.0.3683.86 Safari/537.36','/menu','PUT','','63','0',NULL,1),(383,'0','更新菜单','upms','admin','2019-04-18 16:21:52',NULL,'127.0.0.1','Mozilla/5.0 (Windows NT 10.0; Win64; x64) AppleWebKit/537.36 (KHTML, like Gecko) Chrome/73.0.3683.86 Safari/537.36','/menu','PUT','','61','0',NULL,1),(384,'0','更新菜单','upms','admin','2019-04-18 16:22:56',NULL,'127.0.0.1','Mozilla/5.0 (Windows NT 10.0; Win64; x64) AppleWebKit/537.36 (KHTML, like Gecko) Chrome/73.0.3683.86 Safari/537.36','/menu','PUT','','121','0',NULL,1),(385,'0','更新菜单','upms','admin','2019-04-18 16:23:38',NULL,'127.0.0.1','Mozilla/5.0 (Windows NT 10.0; Win64; x64) AppleWebKit/537.36 (KHTML, like Gecko) Chrome/73.0.3683.86 Safari/537.36','/menu','PUT','','56','0',NULL,1),(386,'0','修改微信用户备注','upms','admin','2019-04-19 21:15:19',NULL,'127.0.0.1','Mozilla/5.0 (Windows NT 10.0; Win64; x64) AppleWebKit/537.36 (KHTML, like Gecko) Chrome/73.0.3683.75 Safari/537.36','/wxuser/updateRemark','POST','','345','0',NULL,1),(387,'0','新增消息自动回复','upms','admin','2019-04-22 16:21:10',NULL,'127.0.0.1','Mozilla/5.0 (Windows NT 10.0; Win64; x64) AppleWebKit/537.36 (KHTML, like Gecko) Chrome/73.0.3683.86 Safari/537.36','/wxautoreply','POST','','75','0',NULL,1),(388,'0','新增消息自动回复','upms','admin','2019-04-22 16:24:04',NULL,'127.0.0.1','Mozilla/5.0 (Windows NT 10.0; Win64; x64) AppleWebKit/537.36 (KHTML, like Gecko) Chrome/73.0.3683.86 Safari/537.36','/wxautoreply','POST','','471','0',NULL,1),(389,'0','删除消息自动回复','upms','admin','2019-04-22 16:35:07',NULL,'127.0.0.1','Mozilla/5.0 (Windows NT 10.0; Win64; x64) AppleWebKit/537.36 (KHTML, like Gecko) Chrome/73.0.3683.86 Safari/537.36','/wxautoreply/f551ec3bce231c78f8cb22ab80d21baf','DELETE','','108','0',NULL,1),(390,'0','新增消息自动回复','upms','admin','2019-04-22 16:35:20',NULL,'127.0.0.1','Mozilla/5.0 (Windows NT 10.0; Win64; x64) AppleWebKit/537.36 (KHTML, like Gecko) Chrome/73.0.3683.86 Safari/537.36','/wxautoreply','POST','','51','0',NULL,1),(391,'0','删除消息自动回复','upms','admin','2019-04-22 16:50:27',NULL,'127.0.0.1','Mozilla/5.0 (Windows NT 10.0; Win64; x64) AppleWebKit/537.36 (KHTML, like Gecko) Chrome/73.0.3683.86 Safari/537.36','/wxautoreply/5ec787217bb77607eb36f7c612b1ff7d','DELETE','','110','0',NULL,1),(392,'0','新增消息自动回复','upms','admin','2019-04-22 16:51:02',NULL,'127.0.0.1','Mozilla/5.0 (Windows NT 10.0; Win64; x64) AppleWebKit/537.36 (KHTML, like Gecko) Chrome/73.0.3683.86 Safari/537.36','/wxautoreply','POST','','46','0',NULL,1),(393,'0','删除消息自动回复','upms','admin','2019-04-22 17:01:40',NULL,'127.0.0.1','Mozilla/5.0 (Windows NT 10.0; Win64; x64) AppleWebKit/537.36 (KHTML, like Gecko) Chrome/73.0.3683.86 Safari/537.36','/wxautoreply/a383f83111b80ecf0ef28cd49a572d07','DELETE','','212','0',NULL,1),(394,'0','新增消息自动回复','upms','admin','2019-04-22 17:03:43',NULL,'127.0.0.1','Mozilla/5.0 (Windows NT 10.0; Win64; x64) AppleWebKit/537.36 (KHTML, like Gecko) Chrome/73.0.3683.86 Safari/537.36','/wxautoreply','POST','','51','0',NULL,1),(395,'0','删除消息自动回复','upms','admin','2019-04-22 17:07:03',NULL,'127.0.0.1','Mozilla/5.0 (Windows NT 10.0; Win64; x64) AppleWebKit/537.36 (KHTML, like Gecko) Chrome/73.0.3683.86 Safari/537.36','/wxautoreply/f5ff2804268c96fc84e8023287db08b3','DELETE','','108','0',NULL,1),(396,'0','新增消息自动回复','upms','admin','2019-04-22 17:07:10',NULL,'127.0.0.1','Mozilla/5.0 (Windows NT 10.0; Win64; x64) AppleWebKit/537.36 (KHTML, like Gecko) Chrome/73.0.3683.86 Safari/537.36','/wxautoreply','POST','','61','0',NULL,1),(397,'0','删除消息自动回复','upms','admin','2019-04-22 17:07:17',NULL,'127.0.0.1','Mozilla/5.0 (Windows NT 10.0; Win64; x64) AppleWebKit/537.36 (KHTML, like Gecko) Chrome/73.0.3683.86 Safari/537.36','/wxautoreply/306d156bd9a966eb631e1e0da151a1db','DELETE','','110','0',NULL,1),(398,'0','新增消息自动回复','upms','admin','2019-04-22 17:07:25',NULL,'127.0.0.1','Mozilla/5.0 (Windows NT 10.0; Win64; x64) AppleWebKit/537.36 (KHTML, like Gecko) Chrome/73.0.3683.86 Safari/537.36','/wxautoreply','POST','','48','0',NULL,1),(399,'0','删除消息自动回复','upms','admin','2019-04-22 17:08:55',NULL,'127.0.0.1','Mozilla/5.0 (Windows NT 10.0; Win64; x64) AppleWebKit/537.36 (KHTML, like Gecko) Chrome/73.0.3683.86 Safari/537.36','/wxautoreply/7a0c57d9bd98b9a8c4cf1386fbb5a709','DELETE','','116','0',NULL,1),(400,'0','新增消息自动回复','upms','admin','2019-04-22 17:09:08',NULL,'127.0.0.1','Mozilla/5.0 (Windows NT 10.0; Win64; x64) AppleWebKit/537.36 (KHTML, like Gecko) Chrome/73.0.3683.86 Safari/537.36','/wxautoreply','POST','','110','0',NULL,1),(401,'0','删除消息自动回复','upms','admin','2019-04-22 17:23:25',NULL,'127.0.0.1','Mozilla/5.0 (Windows NT 10.0; Win64; x64) AppleWebKit/537.36 (KHTML, like Gecko) Chrome/73.0.3683.86 Safari/537.36','/wxautoreply/1f2a8f795f43cbab13e0b35ab8ac0451','DELETE','','115','0',NULL,1),(402,'0','新增消息自动回复','upms','admin','2019-04-22 18:04:30',NULL,'127.0.0.1','Mozilla/5.0 (Windows NT 10.0; Win64; x64) AppleWebKit/537.36 (KHTML, like Gecko) Chrome/73.0.3683.86 Safari/537.36','/wxautoreply','POST','','66','0',NULL,1),(403,'0','删除消息自动回复','upms','admin','2019-04-23 08:47:44',NULL,'127.0.0.1','Mozilla/5.0 (Windows NT 10.0; Win64; x64) AppleWebKit/537.36 (KHTML, like Gecko) Chrome/73.0.3683.86 Safari/537.36','/wxautoreply/ad78b12f09b26b666f5f2c951f5140f4','DELETE','','115','0',NULL,1),(404,'0','新增消息自动回复','upms','admin','2019-04-23 09:05:00',NULL,'127.0.0.1','Mozilla/5.0 (Windows NT 10.0; Win64; x64) AppleWebKit/537.36 (KHTML, like Gecko) Chrome/73.0.3683.86 Safari/537.36','/wxautoreply','POST','','73','0',NULL,1),(405,'0','删除消息自动回复','upms','admin','2019-04-23 09:39:41',NULL,'127.0.0.1','Mozilla/5.0 (Windows NT 10.0; Win64; x64) AppleWebKit/537.36 (KHTML, like Gecko) Chrome/73.0.3683.86 Safari/537.36','/wxautoreply/ed30a48211330b4c2997cb12f72ca968','DELETE','','128','0',NULL,1),(406,'0','新增消息自动回复','upms','admin','2019-04-23 09:46:13',NULL,'127.0.0.1','Mozilla/5.0 (Windows NT 10.0; Win64; x64) AppleWebKit/537.36 (KHTML, like Gecko) Chrome/73.0.3683.86 Safari/537.36','/wxautoreply','POST','','49','0',NULL,1),(407,'0','删除消息自动回复','upms','admin','2019-04-23 09:46:43',NULL,'127.0.0.1','Mozilla/5.0 (Windows NT 10.0; Win64; x64) AppleWebKit/537.36 (KHTML, like Gecko) Chrome/73.0.3683.86 Safari/537.36','/wxautoreply/70c1f9e322b31c96047e42ab138f5e86','DELETE','','112','0',NULL,1),(408,'0','新增消息自动回复','upms','admin','2019-04-23 09:47:04',NULL,'127.0.0.1','Mozilla/5.0 (Windows NT 10.0; Win64; x64) AppleWebKit/537.36 (KHTML, like Gecko) Chrome/73.0.3683.86 Safari/537.36','/wxautoreply','POST','','67','0',NULL,1),(409,'0','删除消息自动回复','upms','admin','2019-04-23 09:50:47',NULL,'127.0.0.1','Mozilla/5.0 (Windows NT 10.0; Win64; x64) AppleWebKit/537.36 (KHTML, like Gecko) Chrome/73.0.3683.86 Safari/537.36','/wxautoreply/11134ce9b4115f24d9613dd7389e40f3','DELETE','','118','0',NULL,1),(410,'0','新增消息自动回复','upms','admin','2019-04-23 09:50:57',NULL,'127.0.0.1','Mozilla/5.0 (Windows NT 10.0; Win64; x64) AppleWebKit/537.36 (KHTML, like Gecko) Chrome/73.0.3683.86 Safari/537.36','/wxautoreply','POST','','50','0',NULL,1),(411,'0','删除消息自动回复','upms','admin','2019-04-23 10:05:59',NULL,'127.0.0.1','Mozilla/5.0 (Windows NT 10.0; Win64; x64) AppleWebKit/537.36 (KHTML, like Gecko) Chrome/73.0.3683.86 Safari/537.36','/wxautoreply/0918ab1ba76780ca6383e278be1b4da8','DELETE','','127','0',NULL,1),(412,'0','新增消息自动回复','upms','admin','2019-04-23 10:06:13',NULL,'127.0.0.1','Mozilla/5.0 (Windows NT 10.0; Win64; x64) AppleWebKit/537.36 (KHTML, like Gecko) Chrome/73.0.3683.86 Safari/537.36','/wxautoreply','POST','','43','0',NULL,1),(413,'0','删除消息自动回复','upms','admin','2019-04-23 10:11:16',NULL,'127.0.0.1','Mozilla/5.0 (Windows NT 10.0; Win64; x64) AppleWebKit/537.36 (KHTML, like Gecko) Chrome/73.0.3683.86 Safari/537.36','/wxautoreply/6af26f6f97c86288d2e343b88d398cfc','DELETE','','81','0',NULL,1),(414,'0','新增消息自动回复','upms','admin','2019-04-23 10:14:40',NULL,'127.0.0.1','Mozilla/5.0 (Windows NT 10.0; Win64; x64) AppleWebKit/537.36 (KHTML, like Gecko) Chrome/73.0.3683.86 Safari/537.36','/wxautoreply','POST','','82','0',NULL,1),(415,'0','删除消息自动回复','upms','admin','2019-04-23 15:17:51',NULL,'127.0.0.1','Mozilla/5.0 (Windows NT 10.0; Win64; x64) AppleWebKit/537.36 (KHTML, like Gecko) Chrome/73.0.3683.86 Safari/537.36','/wxautoreply/b6d1ba6f18825209ad6cf7404f2175e4','DELETE','','152','0',NULL,1),(416,'0','新增消息自动回复','upms','admin','2019-04-23 15:18:01',NULL,'127.0.0.1','Mozilla/5.0 (Windows NT 10.0; Win64; x64) AppleWebKit/537.36 (KHTML, like Gecko) Chrome/73.0.3683.86 Safari/537.36','/wxautoreply','POST','','69','0',NULL,1),(417,'0','删除消息自动回复','upms','admin','2019-04-23 15:44:35',NULL,'127.0.0.1','Mozilla/5.0 (Windows NT 10.0; Win64; x64) AppleWebKit/537.36 (KHTML, like Gecko) Chrome/73.0.3683.86 Safari/537.36','/wxautoreply/f3aaf8bc3f74a3611ee9b799c9c70138','DELETE','','95','0',NULL,1),(418,'0','新增消息自动回复','upms','admin','2019-04-23 15:44:41',NULL,'127.0.0.1','Mozilla/5.0 (Windows NT 10.0; Win64; x64) AppleWebKit/537.36 (KHTML, like Gecko) Chrome/73.0.3683.86 Safari/537.36','/wxautoreply','POST','','42','0',NULL,1),(419,'0','新增消息自动回复','upms','admin','2019-04-23 15:46:44',NULL,'127.0.0.1','Mozilla/5.0 (Windows NT 10.0; Win64; x64) AppleWebKit/537.36 (KHTML, like Gecko) Chrome/73.0.3683.86 Safari/537.36','/wxautoreply','POST','','100','0',NULL,1),(420,'0','删除消息自动回复','upms','admin','2019-04-23 15:48:12',NULL,'127.0.0.1','Mozilla/5.0 (Windows NT 10.0; Win64; x64) AppleWebKit/537.36 (KHTML, like Gecko) Chrome/73.0.3683.86 Safari/537.36','/wxautoreply/2f1dfd2936bb442f60bdc9cc1454d9d4','DELETE','','45','0',NULL,1),(421,'0','新增消息自动回复','upms','admin','2019-04-23 15:48:21',NULL,'127.0.0.1','Mozilla/5.0 (Windows NT 10.0; Win64; x64) AppleWebKit/537.36 (KHTML, like Gecko) Chrome/73.0.3683.86 Safari/537.36','/wxautoreply','POST','','69','0',NULL,1),(422,'0','新增消息自动回复','upms','admin','2019-04-23 15:52:15',NULL,'127.0.0.1','Mozilla/5.0 (Windows NT 10.0; Win64; x64) AppleWebKit/537.36 (KHTML, like Gecko) Chrome/73.0.3683.86 Safari/537.36','/wxautoreply','POST','','38','0',NULL,1),(423,'0','删除消息自动回复','upms','admin','2019-04-23 15:53:14',NULL,'127.0.0.1','Mozilla/5.0 (Windows NT 10.0; Win64; x64) AppleWebKit/537.36 (KHTML, like Gecko) Chrome/73.0.3683.86 Safari/537.36','/wxautoreply/62cf4fc2cc044979b5ff916886d878d4','DELETE','','121','0',NULL,1),(424,'0','新增消息自动回复','upms','admin','2019-04-23 15:53:21',NULL,'127.0.0.1','Mozilla/5.0 (Windows NT 10.0; Win64; x64) AppleWebKit/537.36 (KHTML, like Gecko) Chrome/73.0.3683.86 Safari/537.36','/wxautoreply','POST','','47','0',NULL,1),(425,'0','删除消息自动回复','upms','admin','2019-04-23 16:11:52',NULL,'127.0.0.1','Mozilla/5.0 (Windows NT 10.0; Win64; x64) AppleWebKit/537.36 (KHTML, like Gecko) Chrome/73.0.3683.86 Safari/537.36','/wxautoreply/83d08f13d43eb624242a5f70d76aa060','DELETE','','103','0',NULL,1),(426,'0','新增消息自动回复','upms','admin','2019-04-23 16:12:01',NULL,'127.0.0.1','Mozilla/5.0 (Windows NT 10.0; Win64; x64) AppleWebKit/537.36 (KHTML, like Gecko) Chrome/73.0.3683.86 Safari/537.36','/wxautoreply','POST','','97','0',NULL,1),(427,'0','删除消息自动回复','upms','admin','2019-04-23 16:15:33',NULL,'127.0.0.1','Mozilla/5.0 (Windows NT 10.0; Win64; x64) AppleWebKit/537.36 (KHTML, like Gecko) Chrome/73.0.3683.86 Safari/537.36','/wxautoreply/f0b7351d6145361ec020e8644ace5eab','DELETE','','76','0',NULL,1),(428,'0','新增消息自动回复','upms','admin','2019-04-23 16:15:39',NULL,'127.0.0.1','Mozilla/5.0 (Windows NT 10.0; Win64; x64) AppleWebKit/537.36 (KHTML, like Gecko) Chrome/73.0.3683.86 Safari/537.36','/wxautoreply','POST','','59','0',NULL,1),(429,'0','删除消息自动回复','upms','admin','2019-04-23 16:21:09',NULL,'127.0.0.1','Mozilla/5.0 (Windows NT 10.0; Win64; x64) AppleWebKit/537.36 (KHTML, like Gecko) Chrome/73.0.3683.86 Safari/537.36','/wxautoreply/7497d777bb9596aaeda2ae80614ad9ff','DELETE','','87','0',NULL,1),(430,'0','新增消息自动回复','upms','admin','2019-04-23 16:27:28',NULL,'127.0.0.1','Mozilla/5.0 (Windows NT 10.0; Win64; x64) AppleWebKit/537.36 (KHTML, like Gecko) Chrome/73.0.3683.86 Safari/537.36','/wxautoreply','POST','','50','0',NULL,1),(431,'0','修改消息自动回复','upms','admin','2019-04-23 16:27:41',NULL,'127.0.0.1','Mozilla/5.0 (Windows NT 10.0; Win64; x64) AppleWebKit/537.36 (KHTML, like Gecko) Chrome/73.0.3683.86 Safari/537.36','/wxautoreply','PUT','','66','0',NULL,1),(432,'0','修改消息自动回复','upms','admin','2019-04-23 16:28:39',NULL,'127.0.0.1','Mozilla/5.0 (Windows NT 10.0; Win64; x64) AppleWebKit/537.36 (KHTML, like Gecko) Chrome/73.0.3683.86 Safari/537.36','/wxautoreply','PUT','','54','0',NULL,1),(433,'0','修改消息自动回复','upms','admin','2019-04-23 16:36:01',NULL,'127.0.0.1','Mozilla/5.0 (Windows NT 10.0; Win64; x64) AppleWebKit/537.36 (KHTML, like Gecko) Chrome/73.0.3683.86 Safari/537.36','/wxautoreply','PUT','','63','0',NULL,1),(434,'0','添加字典','upms','admin','2019-04-23 16:46:26',NULL,'127.0.0.1','Mozilla/5.0 (Windows NT 10.0; Win64; x64) AppleWebKit/537.36 (KHTML, like Gecko) Chrome/73.0.3683.86 Safari/537.36','/dict','POST','','78','0',NULL,1),(435,'0','新增字典项','upms','admin','2019-04-23 16:47:15',NULL,'127.0.0.1','Mozilla/5.0 (Windows NT 10.0; Win64; x64) AppleWebKit/537.36 (KHTML, like Gecko) Chrome/73.0.3683.86 Safari/537.36','/dict/item','POST','','61','0',NULL,1),(436,'0','新增字典项','upms','admin','2019-04-23 16:47:37',NULL,'127.0.0.1','Mozilla/5.0 (Windows NT 10.0; Win64; x64) AppleWebKit/537.36 (KHTML, like Gecko) Chrome/73.0.3683.86 Safari/537.36','/dict/item','POST','','52','0',NULL,1),(437,'0','新增字典项','upms','admin','2019-04-23 16:47:57',NULL,'127.0.0.1','Mozilla/5.0 (Windows NT 10.0; Win64; x64) AppleWebKit/537.36 (KHTML, like Gecko) Chrome/73.0.3683.86 Safari/537.36','/dict/item','POST','','46','0',NULL,1),(438,'0','新增字典项','upms','admin','2019-04-23 16:48:12',NULL,'127.0.0.1','Mozilla/5.0 (Windows NT 10.0; Win64; x64) AppleWebKit/537.36 (KHTML, like Gecko) Chrome/73.0.3683.86 Safari/537.36','/dict/item','POST','','72','0',NULL,1),(439,'0','新增字典项','upms','admin','2019-04-23 16:48:27',NULL,'127.0.0.1','Mozilla/5.0 (Windows NT 10.0; Win64; x64) AppleWebKit/537.36 (KHTML, like Gecko) Chrome/73.0.3683.86 Safari/537.36','/dict/item','POST','','79','0',NULL,1),(440,'0','新增字典项','upms','admin','2019-04-23 16:48:42',NULL,'127.0.0.1','Mozilla/5.0 (Windows NT 10.0; Win64; x64) AppleWebKit/537.36 (KHTML, like Gecko) Chrome/73.0.3683.86 Safari/537.36','/dict/item','POST','','68','0',NULL,1),(441,'0','修改消息自动回复','upms','admin','2019-04-23 17:53:08',NULL,'127.0.0.1','Mozilla/5.0 (Windows NT 10.0; Win64; x64) AppleWebKit/537.36 (KHTML, like Gecko) Chrome/73.0.3683.86 Safari/537.36','/wxautoreply','PUT','','55','0',NULL,1),(442,'0','修改消息自动回复','upms','admin','2019-04-23 18:19:02',NULL,'127.0.0.1','Mozilla/5.0 (Windows NT 10.0; Win64; x64) AppleWebKit/537.36 (KHTML, like Gecko) Chrome/73.0.3683.86 Safari/537.36','/wxautoreply','PUT','','135','0',NULL,1),(443,'0','修改消息自动回复','upms','admin','2019-04-24 08:46:10',NULL,'127.0.0.1','Mozilla/5.0 (Windows NT 10.0; Win64; x64) AppleWebKit/537.36 (KHTML, like Gecko) Chrome/73.0.3683.86 Safari/537.36','/wxautoreply','PUT','','70','0',NULL,1),(444,'0','修改消息自动回复','upms','admin','2019-04-24 09:04:57',NULL,'127.0.0.1','Mozilla/5.0 (Windows NT 10.0; Win64; x64) AppleWebKit/537.36 (KHTML, like Gecko) Chrome/73.0.3683.86 Safari/537.36','/wxautoreply','PUT','','59','0',NULL,1),(445,'0','删除消息自动回复','upms','admin','2019-04-24 10:12:40',NULL,'127.0.0.1','Mozilla/5.0 (Windows NT 10.0; Win64; x64) AppleWebKit/537.36 (KHTML, like Gecko) Chrome/73.0.3683.86 Safari/537.36','/wxautoreply/eccc85a583f9ba09dd8111ad12289538','DELETE','','64','0',NULL,1),(446,'0','新增消息自动回复','upms','admin','2019-04-24 10:12:51',NULL,'127.0.0.1','Mozilla/5.0 (Windows NT 10.0; Win64; x64) AppleWebKit/537.36 (KHTML, like Gecko) Chrome/73.0.3683.86 Safari/537.36','/wxautoreply','POST','','351','0',NULL,1),(447,'0','修改消息自动回复','upms','admin','2019-04-24 10:22:09',NULL,'127.0.0.1','Mozilla/5.0 (Windows NT 10.0; Win64; x64) AppleWebKit/537.36 (KHTML, like Gecko) Chrome/73.0.3683.86 Safari/537.36','/wxautoreply','PUT','','85','0',NULL,1),(448,'0','添加字典','upms','admin','2019-04-24 10:23:41',NULL,'127.0.0.1','Mozilla/5.0 (Windows NT 10.0; Win64; x64) AppleWebKit/537.36 (KHTML, like Gecko) Chrome/73.0.3683.86 Safari/537.36','/dict','POST','','62','0',NULL,1),(449,'0','新增字典项','upms','admin','2019-04-24 10:24:03',NULL,'127.0.0.1','Mozilla/5.0 (Windows NT 10.0; Win64; x64) AppleWebKit/537.36 (KHTML, like Gecko) Chrome/73.0.3683.86 Safari/537.36','/dict/item','POST','','51','0',NULL,1),(450,'0','新增字典项','upms','admin','2019-04-24 10:24:18',NULL,'127.0.0.1','Mozilla/5.0 (Windows NT 10.0; Win64; x64) AppleWebKit/537.36 (KHTML, like Gecko) Chrome/73.0.3683.86 Safari/537.36','/dict/item','POST','','64','0',NULL,1),(451,'0','新增字典项','upms','admin','2019-04-24 10:24:32',NULL,'127.0.0.1','Mozilla/5.0 (Windows NT 10.0; Win64; x64) AppleWebKit/537.36 (KHTML, like Gecko) Chrome/73.0.3683.86 Safari/537.36','/dict/item','POST','','55','0',NULL,1),(452,'0','新增字典项','upms','admin','2019-04-24 10:24:46',NULL,'127.0.0.1','Mozilla/5.0 (Windows NT 10.0; Win64; x64) AppleWebKit/537.36 (KHTML, like Gecko) Chrome/73.0.3683.86 Safari/537.36','/dict/item','POST','','71','0',NULL,1),(453,'0','新增字典项','upms','admin','2019-04-24 10:25:01',NULL,'127.0.0.1','Mozilla/5.0 (Windows NT 10.0; Win64; x64) AppleWebKit/537.36 (KHTML, like Gecko) Chrome/73.0.3683.86 Safari/537.36','/dict/item','POST','','65','0',NULL,1),(454,'0','新增字典项','upms','admin','2019-04-24 10:25:16',NULL,'127.0.0.1','Mozilla/5.0 (Windows NT 10.0; Win64; x64) AppleWebKit/537.36 (KHTML, like Gecko) Chrome/73.0.3683.86 Safari/537.36','/dict/item','POST','','55','0',NULL,1),(455,'0','修改字典项','upms','admin','2019-04-24 10:25:30',NULL,'127.0.0.1','Mozilla/5.0 (Windows NT 10.0; Win64; x64) AppleWebKit/537.36 (KHTML, like Gecko) Chrome/73.0.3683.86 Safari/537.36','/dict/item','PUT','','63','0',NULL,1),(456,'0','修改字典项','upms','admin','2019-04-24 10:25:35',NULL,'127.0.0.1','Mozilla/5.0 (Windows NT 10.0; Win64; x64) AppleWebKit/537.36 (KHTML, like Gecko) Chrome/73.0.3683.86 Safari/537.36','/dict/item','PUT','','69','0',NULL,1),(457,'0','修改字典项','upms','admin','2019-04-24 10:25:38',NULL,'127.0.0.1','Mozilla/5.0 (Windows NT 10.0; Win64; x64) AppleWebKit/537.36 (KHTML, like Gecko) Chrome/73.0.3683.86 Safari/537.36','/dict/item','PUT','','64','0',NULL,1),(458,'0','修改字典项','upms','admin','2019-04-24 10:25:42',NULL,'127.0.0.1','Mozilla/5.0 (Windows NT 10.0; Win64; x64) AppleWebKit/537.36 (KHTML, like Gecko) Chrome/73.0.3683.86 Safari/537.36','/dict/item','PUT','','53','0',NULL,1),(459,'0','修改字典项','upms','admin','2019-04-24 10:25:46',NULL,'127.0.0.1','Mozilla/5.0 (Windows NT 10.0; Win64; x64) AppleWebKit/537.36 (KHTML, like Gecko) Chrome/73.0.3683.86 Safari/537.36','/dict/item','PUT','','44','0',NULL,1),(460,'0','修改字典项','upms','admin','2019-04-24 10:25:49',NULL,'127.0.0.1','Mozilla/5.0 (Windows NT 10.0; Win64; x64) AppleWebKit/537.36 (KHTML, like Gecko) Chrome/73.0.3683.86 Safari/537.36','/dict/item','PUT','','69','0',NULL,1),(461,'0','修改字典项','upms','admin','2019-04-24 10:25:59',NULL,'127.0.0.1','Mozilla/5.0 (Windows NT 10.0; Win64; x64) AppleWebKit/537.36 (KHTML, like Gecko) Chrome/73.0.3683.86 Safari/537.36','/dict/item','PUT','','94','0',NULL,1),(462,'0','修改字典项','upms','admin','2019-04-24 10:26:02',NULL,'127.0.0.1','Mozilla/5.0 (Windows NT 10.0; Win64; x64) AppleWebKit/537.36 (KHTML, like Gecko) Chrome/73.0.3683.86 Safari/537.36','/dict/item','PUT','','68','0',NULL,1),(463,'0','修改字典项','upms','admin','2019-04-24 10:26:08',NULL,'127.0.0.1','Mozilla/5.0 (Windows NT 10.0; Win64; x64) AppleWebKit/537.36 (KHTML, like Gecko) Chrome/73.0.3683.86 Safari/537.36','/dict/item','PUT','','60','0',NULL,1),(464,'0','修改字典项','upms','admin','2019-04-24 10:26:13',NULL,'127.0.0.1','Mozilla/5.0 (Windows NT 10.0; Win64; x64) AppleWebKit/537.36 (KHTML, like Gecko) Chrome/73.0.3683.86 Safari/537.36','/dict/item','PUT','','46','0',NULL,1),(465,'0','修改字典项','upms','admin','2019-04-24 10:26:17',NULL,'127.0.0.1','Mozilla/5.0 (Windows NT 10.0; Win64; x64) AppleWebKit/537.36 (KHTML, like Gecko) Chrome/73.0.3683.86 Safari/537.36','/dict/item','PUT','','62','0',NULL,1),(466,'0','修改字典项','upms','admin','2019-04-24 10:26:26',NULL,'127.0.0.1','Mozilla/5.0 (Windows NT 10.0; Win64; x64) AppleWebKit/537.36 (KHTML, like Gecko) Chrome/73.0.3683.86 Safari/537.36','/dict/item','PUT','','51','0',NULL,1),(467,'0','删除消息自动回复','upms','admin','2019-04-24 10:41:01',NULL,'127.0.0.1','Mozilla/5.0 (Windows NT 10.0; Win64; x64) AppleWebKit/537.36 (KHTML, like Gecko) Chrome/73.0.3683.86 Safari/537.36','/wxautoreply/72157159939af30d7b61e2bdd899171b','DELETE','','48','0',NULL,1),(468,'0','新增消息自动回复','upms','admin','2019-04-24 11:08:03',NULL,'127.0.0.1','Mozilla/5.0 (Windows NT 10.0; Win64; x64) AppleWebKit/537.36 (KHTML, like Gecko) Chrome/73.0.3683.86 Safari/537.36','/wxautoreply','POST','','79','0',NULL,1),(469,'0','新增消息自动回复','upms','admin','2019-04-24 11:10:43',NULL,'127.0.0.1','Mozilla/5.0 (Windows NT 10.0; Win64; x64) AppleWebKit/537.36 (KHTML, like Gecko) Chrome/73.0.3683.86 Safari/537.36','/wxautoreply','POST','','50','0',NULL,1),(470,'0','添加字典','upms','admin','2019-04-24 11:11:57',NULL,'127.0.0.1','Mozilla/5.0 (Windows NT 10.0; Win64; x64) AppleWebKit/537.36 (KHTML, like Gecko) Chrome/73.0.3683.86 Safari/537.36','/dict','POST','','53','0',NULL,1),(471,'0','新增字典项','upms','admin','2019-04-24 11:12:12',NULL,'127.0.0.1','Mozilla/5.0 (Windows NT 10.0; Win64; x64) AppleWebKit/537.36 (KHTML, like Gecko) Chrome/73.0.3683.86 Safari/537.36','/dict/item','POST','','82','0',NULL,1),(472,'0','新增字典项','upms','admin','2019-04-24 11:12:26',NULL,'127.0.0.1','Mozilla/5.0 (Windows NT 10.0; Win64; x64) AppleWebKit/537.36 (KHTML, like Gecko) Chrome/73.0.3683.86 Safari/537.36','/dict/item','POST','','47','0',NULL,1),(473,'0','新增消息自动回复','upms','admin','2019-04-24 11:15:03',NULL,'127.0.0.1','Mozilla/5.0 (Windows NT 10.0; Win64; x64) AppleWebKit/537.36 (KHTML, like Gecko) Chrome/73.0.3683.86 Safari/537.36','/wxautoreply','POST','','111','0',NULL,1),(474,'0','修改消息自动回复','upms','admin','2019-04-24 11:20:02',NULL,'127.0.0.1','Mozilla/5.0 (Windows NT 10.0; Win64; x64) AppleWebKit/537.36 (KHTML, like Gecko) Chrome/73.0.3683.86 Safari/537.36','/wxautoreply','PUT','','58','0',NULL,1),(475,'0','修改消息自动回复','upms','admin','2019-04-24 11:20:48',NULL,'127.0.0.1','Mozilla/5.0 (Windows NT 10.0; Win64; x64) AppleWebKit/537.36 (KHTML, like Gecko) Chrome/73.0.3683.86 Safari/537.36','/wxautoreply','PUT','','109','0',NULL,1),(476,'0','修改消息自动回复','upms','admin','2019-04-24 11:21:49',NULL,'127.0.0.1','Mozilla/5.0 (Windows NT 10.0; Win64; x64) AppleWebKit/537.36 (KHTML, like Gecko) Chrome/73.0.3683.86 Safari/537.36','/wxautoreply','PUT','','13','0',NULL,1),(477,'0','修改消息自动回复','upms','admin','2019-04-24 11:21:56',NULL,'127.0.0.1','Mozilla/5.0 (Windows NT 10.0; Win64; x64) AppleWebKit/537.36 (KHTML, like Gecko) Chrome/73.0.3683.86 Safari/537.36','/wxautoreply','PUT','','40','0',NULL,1),(478,'0','修改消息自动回复','upms','admin','2019-04-24 11:22:01',NULL,'127.0.0.1','Mozilla/5.0 (Windows NT 10.0; Win64; x64) AppleWebKit/537.36 (KHTML, like Gecko) Chrome/73.0.3683.86 Safari/537.36','/wxautoreply','PUT','','4','0',NULL,1),(479,'0','新增消息自动回复','upms','admin','2019-04-24 11:22:11',NULL,'127.0.0.1','Mozilla/5.0 (Windows NT 10.0; Win64; x64) AppleWebKit/537.36 (KHTML, like Gecko) Chrome/73.0.3683.86 Safari/537.36','/wxautoreply','POST','','49','0',NULL,1),(480,'0','新增消息自动回复','upms','admin','2019-04-24 11:26:22',NULL,'127.0.0.1','Mozilla/5.0 (Windows NT 10.0; Win64; x64) AppleWebKit/537.36 (KHTML, like Gecko) Chrome/73.0.3683.86 Safari/537.36','/wxautoreply','POST','','136','0',NULL,1),(481,'0','新增消息自动回复','upms','admin','2019-04-24 12:00:42',NULL,'127.0.0.1','Mozilla/5.0 (Windows NT 10.0; Win64; x64) AppleWebKit/537.36 (KHTML, like Gecko) Chrome/73.0.3683.86 Safari/537.36','/wxautoreply','POST','','57','0',NULL,1),(482,'0','修改消息自动回复','upms','admin','2019-04-24 12:01:16',NULL,'127.0.0.1','Mozilla/5.0 (Windows NT 10.0; Win64; x64) AppleWebKit/537.36 (KHTML, like Gecko) Chrome/73.0.3683.86 Safari/537.36','/wxautoreply','PUT','','72','0',NULL,1),(483,'0','新增消息自动回复','upms','admin','2019-04-24 12:22:52',NULL,'127.0.0.1','Mozilla/5.0 (Windows NT 10.0; Win64; x64) AppleWebKit/537.36 (KHTML, like Gecko) Chrome/73.0.3683.86 Safari/537.36','/wxautoreply','POST','','377','0',NULL,1),(484,'0','新增消息自动回复','upms','admin','2019-04-24 12:28:34',NULL,'127.0.0.1','Mozilla/5.0 (Windows NT 10.0; Win64; x64) AppleWebKit/537.36 (KHTML, like Gecko) Chrome/73.0.3683.86 Safari/537.36','/wxautoreply','POST','','360','0',NULL,1),(485,'0','修改消息自动回复','upms','admin','2019-04-24 12:28:50',NULL,'127.0.0.1','Mozilla/5.0 (Windows NT 10.0; Win64; x64) AppleWebKit/537.36 (KHTML, like Gecko) Chrome/73.0.3683.86 Safari/537.36','/wxautoreply','PUT','','67','0',NULL,1),(486,'0','修改消息自动回复','upms','admin','2019-04-24 12:29:00',NULL,'127.0.0.1','Mozilla/5.0 (Windows NT 10.0; Win64; x64) AppleWebKit/537.36 (KHTML, like Gecko) Chrome/73.0.3683.86 Safari/537.36','/wxautoreply','PUT','','63','0',NULL,1),(487,'0','修改消息自动回复','upms','admin','2019-04-24 14:01:48',NULL,'127.0.0.1','Mozilla/5.0 (Windows NT 10.0; Win64; x64) AppleWebKit/537.36 (KHTML, like Gecko) Chrome/73.0.3683.86 Safari/537.36','/wxautoreply','PUT','','73','0',NULL,1),(488,'0','修改消息自动回复','upms','admin','2019-04-24 14:04:24',NULL,'127.0.0.1','Mozilla/5.0 (Windows NT 10.0; Win64; x64) AppleWebKit/537.36 (KHTML, like Gecko) Chrome/73.0.3683.86 Safari/537.36','/wxautoreply','PUT','','63','0',NULL,1),(489,'0','修改消息自动回复','upms','admin','2019-04-24 14:04:46',NULL,'127.0.0.1','Mozilla/5.0 (Windows NT 10.0; Win64; x64) AppleWebKit/537.36 (KHTML, like Gecko) Chrome/73.0.3683.86 Safari/537.36','/wxautoreply','PUT','','73','0',NULL,1),(490,'0','修改消息自动回复','upms','admin','2019-04-24 14:04:51',NULL,'127.0.0.1','Mozilla/5.0 (Windows NT 10.0; Win64; x64) AppleWebKit/537.36 (KHTML, like Gecko) Chrome/73.0.3683.86 Safari/537.36','/wxautoreply','PUT','','81','0',NULL,1),(491,'0','修改消息自动回复','upms','admin','2019-04-24 14:05:06',NULL,'127.0.0.1','Mozilla/5.0 (Windows NT 10.0; Win64; x64) AppleWebKit/537.36 (KHTML, like Gecko) Chrome/73.0.3683.86 Safari/537.36','/wxautoreply','PUT','','69','0',NULL,1),(492,'0','新增消息自动回复','upms','admin','2019-04-24 14:05:21',NULL,'127.0.0.1','Mozilla/5.0 (Windows NT 10.0; Win64; x64) AppleWebKit/537.36 (KHTML, like Gecko) Chrome/73.0.3683.86 Safari/537.36','/wxautoreply','POST','','63','0',NULL,1),(493,'0','修改消息自动回复','upms','admin','2019-04-24 14:05:40',NULL,'127.0.0.1','Mozilla/5.0 (Windows NT 10.0; Win64; x64) AppleWebKit/537.36 (KHTML, like Gecko) Chrome/73.0.3683.86 Safari/537.36','/wxautoreply','PUT','','64','0',NULL,1),(494,'0','新增消息自动回复','upms','admin','2019-04-24 14:05:47',NULL,'127.0.0.1','Mozilla/5.0 (Windows NT 10.0; Win64; x64) AppleWebKit/537.36 (KHTML, like Gecko) Chrome/73.0.3683.86 Safari/537.36','/wxautoreply','POST','','125','0',NULL,1),(495,'0','修改消息自动回复','upms','admin','2019-04-24 17:08:56',NULL,'127.0.0.1','Mozilla/5.0 (Windows NT 10.0; Win64; x64) AppleWebKit/537.36 (KHTML, like Gecko) Chrome/73.0.3683.86 Safari/537.36','/wxautoreply','PUT','','92','0',NULL,1),(496,'0','修改消息自动回复','upms','admin','2019-04-24 17:18:57',NULL,'127.0.0.1','Mozilla/5.0 (Windows NT 10.0; Win64; x64) AppleWebKit/537.36 (KHTML, like Gecko) Chrome/73.0.3683.86 Safari/537.36','/wxautoreply','PUT','','20','0',NULL,1),(497,'0','修改消息自动回复','upms','admin','2019-04-24 17:19:03',NULL,'127.0.0.1','Mozilla/5.0 (Windows NT 10.0; Win64; x64) AppleWebKit/537.36 (KHTML, like Gecko) Chrome/73.0.3683.86 Safari/537.36','/wxautoreply','PUT','','80','0',NULL,1),(498,'0','删除消息自动回复','upms','admin','2019-04-24 17:19:11',NULL,'127.0.0.1','Mozilla/5.0 (Windows NT 10.0; Win64; x64) AppleWebKit/537.36 (KHTML, like Gecko) Chrome/73.0.3683.86 Safari/537.36','/wxautoreply/a5a855b430b82c9ff5adaa6ec8e5b1b7','DELETE','','63','0',NULL,1),(499,'0','修改消息自动回复','upms','admin','2019-04-24 17:19:41',NULL,'127.0.0.1','Mozilla/5.0 (Windows NT 10.0; Win64; x64) AppleWebKit/537.36 (KHTML, like Gecko) Chrome/73.0.3683.86 Safari/537.36','/wxautoreply','PUT','','58','0',NULL,1),(500,'0','修改消息自动回复','upms','admin','2019-04-24 17:19:46',NULL,'127.0.0.1','Mozilla/5.0 (Windows NT 10.0; Win64; x64) AppleWebKit/537.36 (KHTML, like Gecko) Chrome/73.0.3683.86 Safari/537.36','/wxautoreply','PUT','','58','0',NULL,1),(501,'0','修改消息自动回复','upms','admin','2019-04-24 17:19:54',NULL,'127.0.0.1','Mozilla/5.0 (Windows NT 10.0; Win64; x64) AppleWebKit/537.36 (KHTML, like Gecko) Chrome/73.0.3683.86 Safari/537.36','/wxautoreply','PUT','','5','0',NULL,1),(502,'0','修改消息自动回复','upms','admin','2019-04-24 17:20:03',NULL,'127.0.0.1','Mozilla/5.0 (Windows NT 10.0; Win64; x64) AppleWebKit/537.36 (KHTML, like Gecko) Chrome/73.0.3683.86 Safari/537.36','/wxautoreply','PUT','','60','0',NULL,1),(503,'0','修改消息自动回复','upms','admin','2019-04-24 17:20:13',NULL,'127.0.0.1','Mozilla/5.0 (Windows NT 10.0; Win64; x64) AppleWebKit/537.36 (KHTML, like Gecko) Chrome/73.0.3683.86 Safari/537.36','/wxautoreply','PUT','','6','0',NULL,1),(504,'0','修改消息自动回复','upms','admin','2019-04-24 17:20:20',NULL,'127.0.0.1','Mozilla/5.0 (Windows NT 10.0; Win64; x64) AppleWebKit/537.36 (KHTML, like Gecko) Chrome/73.0.3683.86 Safari/537.36','/wxautoreply','PUT','','64','0',NULL,1),(505,'0','修改消息自动回复','upms','admin','2019-04-24 17:24:32',NULL,'127.0.0.1','Mozilla/5.0 (Windows NT 10.0; Win64; x64) AppleWebKit/537.36 (KHTML, like Gecko) Chrome/73.0.3683.86 Safari/537.36','/wxautoreply','PUT','','346','0',NULL,1),(506,'0','修改消息自动回复','upms','admin','2019-04-24 17:42:24',NULL,'127.0.0.1','Mozilla/5.0 (Windows NT 10.0; Win64; x64) AppleWebKit/537.36 (KHTML, like Gecko) Chrome/73.0.3683.86 Safari/537.36','/wxautoreply','PUT','','589','0',NULL,1),(507,'0','修改消息自动回复','upms','admin','2019-04-24 17:47:06',NULL,'127.0.0.1','Mozilla/5.0 (Windows NT 10.0; Win64; x64) AppleWebKit/537.36 (KHTML, like Gecko) Chrome/73.0.3683.86 Safari/537.36','/wxautoreply','PUT','','411','0',NULL,1),(508,'0','新增消息自动回复','upms','admin','2019-04-24 18:13:27',NULL,'127.0.0.1','Mozilla/5.0 (Windows NT 10.0; Win64; x64) AppleWebKit/537.36 (KHTML, like Gecko) Chrome/73.0.3683.86 Safari/537.36','/wxautoreply','POST','','318','0',NULL,1),(509,'0','修改消息自动回复','upms','admin','2019-04-24 18:16:49',NULL,'127.0.0.1','Mozilla/5.0 (Windows NT 10.0; Win64; x64) AppleWebKit/537.36 (KHTML, like Gecko) Chrome/73.0.3683.86 Safari/537.36','/wxautoreply','PUT','','285','0',NULL,1),(510,'0','保存并发布菜单','upms','admin','2019-04-25 14:56:35',NULL,'127.0.0.1','Mozilla/5.0 (Windows NT 10.0; Win64; x64) AppleWebKit/537.36 (KHTML, like Gecko) Chrome/73.0.3683.86 Safari/537.36','/wxmenu/saveAndRelease','POST','','1037','0',NULL,1),(511,'0','保存并发布菜单','upms','admin','2019-04-25 15:13:46',NULL,'127.0.0.1','Mozilla/5.0 (Windows NT 10.0; Win64; x64) AppleWebKit/537.36 (KHTML, like Gecko) Chrome/73.0.3683.86 Safari/537.36','/wxmenu/saveAndRelease','POST','','184','0',NULL,1),(512,'0','保存并发布菜单','upms','admin','2019-04-25 15:46:00',NULL,'127.0.0.1','Mozilla/5.0 (Windows NT 10.0; Win64; x64) AppleWebKit/537.36 (KHTML, like Gecko) Chrome/73.0.3683.86 Safari/537.36','/wxmenu/saveAndRelease','POST','','184','0',NULL,1),(513,'0','保存并发布菜单','upms','admin','2019-04-25 15:47:45',NULL,'127.0.0.1','Mozilla/5.0 (Windows NT 10.0; Win64; x64) AppleWebKit/537.36 (KHTML, like Gecko) Chrome/73.0.3683.86 Safari/537.36','/wxmenu/saveAndRelease','POST','','423','0',NULL,1),(514,'0','修改消息自动回复','upms','admin','2019-04-25 16:54:38',NULL,'127.0.0.1','Mozilla/5.0 (Windows NT 10.0; Win64; x64) AppleWebKit/537.36 (KHTML, like Gecko) Chrome/73.0.3683.86 Safari/537.36','/wxautoreply','PUT','','808','0',NULL,1),(515,'0','新增消息自动回复','upms','admin','2019-04-25 16:55:01',NULL,'127.0.0.1','Mozilla/5.0 (Windows NT 10.0; Win64; x64) AppleWebKit/537.36 (KHTML, like Gecko) Chrome/73.0.3683.86 Safari/537.36','/wxautoreply','POST','','413','0',NULL,1),(516,'0','保存并发布菜单','upms','admin','2019-04-25 16:57:04',NULL,'127.0.0.1','Mozilla/5.0 (Windows NT 10.0; Win64; x64) AppleWebKit/537.36 (KHTML, like Gecko) Chrome/73.0.3683.86 Safari/537.36','/wxmenu/saveAndRelease','POST','','277','0',NULL,1),(517,'0','保存并发布菜单','upms','admin','2019-04-25 16:58:40',NULL,'127.0.0.1','Mozilla/5.0 (Windows NT 10.0; Win64; x64) AppleWebKit/537.36 (KHTML, like Gecko) Chrome/73.0.3683.86 Safari/537.36','/wxmenu/saveAndRelease','POST','','91','0',NULL,1),(518,'0','保存并发布菜单','upms','admin','2019-04-25 17:15:27',NULL,'127.0.0.1','Mozilla/5.0 (Windows NT 10.0; Win64; x64) AppleWebKit/537.36 (KHTML, like Gecko) Chrome/73.0.3683.86 Safari/537.36','/wxmenu/saveAndRelease','POST','','412','0',NULL,1),(519,'0','保存并发布菜单','upms','admin','2019-04-25 17:22:29',NULL,'127.0.0.1','Mozilla/5.0 (Windows NT 10.0; Win64; x64) AppleWebKit/537.36 (KHTML, like Gecko) Chrome/73.0.3683.86 Safari/537.36','/wxmenu/saveAndRelease','POST','','431','0',NULL,1),(520,'0','保存并发布菜单','upms','admin','2019-04-25 17:28:07',NULL,'127.0.0.1','Mozilla/5.0 (Windows NT 10.0; Win64; x64) AppleWebKit/537.36 (KHTML, like Gecko) Chrome/73.0.3683.86 Safari/537.36','/wxmenu/saveAndRelease','POST','','175','0',NULL,1),(521,'0','保存并发布菜单','upms','admin','2019-04-25 17:34:26',NULL,'127.0.0.1','Mozilla/5.0 (Windows NT 10.0; Win64; x64) AppleWebKit/537.36 (KHTML, like Gecko) Chrome/73.0.3683.86 Safari/537.36','/wxmenu/saveAndRelease','POST','','399','0',NULL,1),(522,'0','保存并发布菜单','upms','admin','2019-04-25 17:39:47',NULL,'127.0.0.1','Mozilla/5.0 (Windows NT 10.0; Win64; x64) AppleWebKit/537.36 (KHTML, like Gecko) Chrome/73.0.3683.86 Safari/537.36','/wxmenu/saveAndRelease','POST','','434','0',NULL,1),(523,'0','保存并发布菜单','upms','admin','2019-04-25 17:41:55',NULL,'127.0.0.1','Mozilla/5.0 (Windows NT 10.0; Win64; x64) AppleWebKit/537.36 (KHTML, like Gecko) Chrome/73.0.3683.86 Safari/537.36','/wxmenu/saveAndRelease','POST','','176','0',NULL,1),(524,'0','保存并发布菜单','upms','admin','2019-04-25 17:42:32',NULL,'127.0.0.1','Mozilla/5.0 (Windows NT 10.0; Win64; x64) AppleWebKit/537.36 (KHTML, like Gecko) Chrome/73.0.3683.86 Safari/537.36','/wxmenu/saveAndRelease','POST','','263','0',NULL,1),(525,'0','保存并发布菜单','upms','admin','2019-04-26 14:08:55',NULL,'127.0.0.1','Mozilla/5.0 (Windows NT 10.0; Win64; x64) AppleWebKit/537.36 (KHTML, like Gecko) Chrome/73.0.3683.86 Safari/537.36','/wxmenu/saveAndRelease','POST','','351','0',NULL,1),(526,'0','新增消息自动回复','upms','admin','2019-04-26 14:09:31',NULL,'127.0.0.1','Mozilla/5.0 (Windows NT 10.0; Win64; x64) AppleWebKit/537.36 (KHTML, like Gecko) Chrome/73.0.3683.86 Safari/537.36','/wxautoreply','POST','','86','0',NULL,1),(527,'0','保存并发布菜单','upms','admin','2019-04-26 14:10:02',NULL,'127.0.0.1','Mozilla/5.0 (Windows NT 10.0; Win64; x64) AppleWebKit/537.36 (KHTML, like Gecko) Chrome/73.0.3683.86 Safari/537.36','/wxmenu/saveAndRelease','POST','','168','0',NULL,1),(528,'0','保存并发布菜单','upms','admin','2019-04-26 14:10:31',NULL,'127.0.0.1','Mozilla/5.0 (Windows NT 10.0; Win64; x64) AppleWebKit/537.36 (KHTML, like Gecko) Chrome/73.0.3683.86 Safari/537.36','/wxmenu/saveAndRelease','POST','','172','0',NULL,1),(529,'0','保存并发布菜单','upms','admin','2019-04-26 14:11:44',NULL,'127.0.0.1','Mozilla/5.0 (Windows NT 10.0; Win64; x64) AppleWebKit/537.36 (KHTML, like Gecko) Chrome/73.0.3683.86 Safari/537.36','/wxmenu/saveAndRelease','POST','','308','0',NULL,1),(530,'0','保存并发布菜单','upms','admin','2019-04-26 14:51:04',NULL,'127.0.0.1','Mozilla/5.0 (Windows NT 10.0; Win64; x64) AppleWebKit/537.36 (KHTML, like Gecko) Chrome/73.0.3683.86 Safari/537.36','/wxmenu/saveAndRelease','POST','','1366','0',NULL,1),(531,'0','保存并发布菜单','upms','admin','2019-04-26 14:52:48',NULL,'127.0.0.1','Mozilla/5.0 (Windows NT 10.0; Win64; x64) AppleWebKit/537.36 (KHTML, like Gecko) Chrome/73.0.3683.86 Safari/537.36','/wxmenu/saveAndRelease','POST','','891','0',NULL,1),(532,'0','修改消息自动回复','upms','admin','2019-04-26 17:11:48',NULL,'127.0.0.1','Mozilla/5.0 (Windows NT 10.0; Win64; x64) AppleWebKit/537.36 (KHTML, like Gecko) Chrome/73.0.3683.86 Safari/537.36','/wxautoreply','PUT','','66','0',NULL,1),(533,'0','修改消息自动回复','upms','admin','2019-04-26 17:15:23',NULL,'127.0.0.1','Mozilla/5.0 (Windows NT 10.0; Win64; x64) AppleWebKit/537.36 (KHTML, like Gecko) Chrome/73.0.3683.86 Safari/537.36','/wxautoreply','PUT','','64','0',NULL,1),(534,'0','修改消息自动回复','upms','admin','2019-04-26 17:15:42',NULL,'127.0.0.1','Mozilla/5.0 (Windows NT 10.0; Win64; x64) AppleWebKit/537.36 (KHTML, like Gecko) Chrome/73.0.3683.86 Safari/537.36','/wxautoreply','PUT','','59','0',NULL,1),(535,'0','修改消息自动回复','upms','admin','2019-04-26 17:34:40',NULL,'127.0.0.1','Mozilla/5.0 (Windows NT 10.0; Win64; x64) AppleWebKit/537.36 (KHTML, like Gecko) Chrome/73.0.3683.86 Safari/537.36','/wxautoreply','PUT','','60','0',NULL,1),(536,'0','修改消息自动回复','upms','admin','2019-04-26 17:37:02',NULL,'127.0.0.1','Mozilla/5.0 (Windows NT 10.0; Win64; x64) AppleWebKit/537.36 (KHTML, like Gecko) Chrome/73.0.3683.86 Safari/537.36','/wxautoreply','PUT','','80','0',NULL,1),(537,'0','修改消息自动回复','upms','admin','2019-04-26 17:40:41',NULL,'127.0.0.1','Mozilla/5.0 (Windows NT 10.0; Win64; x64) AppleWebKit/537.36 (KHTML, like Gecko) Chrome/73.0.3683.86 Safari/537.36','/wxautoreply','PUT','','57','0',NULL,1),(538,'0','修改消息自动回复','upms','admin','2019-04-26 17:55:29',NULL,'127.0.0.1','Mozilla/5.0 (Windows NT 10.0; Win64; x64) AppleWebKit/537.36 (KHTML, like Gecko) Chrome/73.0.3683.86 Safari/537.36','/wxautoreply','PUT','','66','0',NULL,1),(539,'0','新增消息自动回复','upms','admin','2019-04-26 17:58:11',NULL,'127.0.0.1','Mozilla/5.0 (Windows NT 10.0; Win64; x64) AppleWebKit/537.36 (KHTML, like Gecko) Chrome/73.0.3683.86 Safari/537.36','/wxautoreply','POST','','464','0',NULL,1),(540,'0','保存并发布菜单','upms','admin','2019-04-28 18:34:21',NULL,'127.0.0.1','Mozilla/5.0 (Windows NT 10.0; Win64; x64) AppleWebKit/537.36 (KHTML, like Gecko) Chrome/73.0.3683.86 Safari/537.36','/wxmenu/saveAndRelease','POST','','1723','0',NULL,1),(541,'0','保存并发布菜单','upms','admin','2019-04-28 18:37:32',NULL,'127.0.0.1','Mozilla/5.0 (Windows NT 10.0; Win64; x64) AppleWebKit/537.36 (KHTML, like Gecko) Chrome/73.0.3683.86 Safari/537.36','/wxmenu/saveAndRelease','POST','','970','0',NULL,1),(542,'0','添加字典','upms','admin','2019-04-29 09:35:57',NULL,'127.0.0.1','Mozilla/5.0 (Windows NT 10.0; Win64; x64) AppleWebKit/537.36 (KHTML, like Gecko) Chrome/73.0.3683.86 Safari/537.36','/dict','POST','','102','0',NULL,1),(543,'0','新增字典项','upms','admin','2019-04-29 09:36:12',NULL,'127.0.0.1','Mozilla/5.0 (Windows NT 10.0; Win64; x64) AppleWebKit/537.36 (KHTML, like Gecko) Chrome/73.0.3683.86 Safari/537.36','/dict/item','POST','','78','0',NULL,1),(544,'0','修改字典项','upms','admin','2019-04-29 09:36:16',NULL,'127.0.0.1','Mozilla/5.0 (Windows NT 10.0; Win64; x64) AppleWebKit/537.36 (KHTML, like Gecko) Chrome/73.0.3683.86 Safari/537.36','/dict/item','PUT','','9','0',NULL,1),(545,'0','新增字典项','upms','admin','2019-04-29 09:36:30',NULL,'127.0.0.1','Mozilla/5.0 (Windows NT 10.0; Win64; x64) AppleWebKit/537.36 (KHTML, like Gecko) Chrome/73.0.3683.86 Safari/537.36','/dict/item','POST','','41','0',NULL,1),(546,'0','新增字典项','upms','admin','2019-04-29 09:36:41',NULL,'127.0.0.1','Mozilla/5.0 (Windows NT 10.0; Win64; x64) AppleWebKit/537.36 (KHTML, like Gecko) Chrome/73.0.3683.86 Safari/537.36','/dict/item','POST','','69','0',NULL,1),(547,'0','添加字典','upms','admin','2019-04-29 11:50:57',NULL,'127.0.0.1','Mozilla/5.0 (Windows NT 10.0; Win64; x64) AppleWebKit/537.36 (KHTML, like Gecko) Chrome/73.0.3683.86 Safari/537.36','/dict','POST','','51','0',NULL,1),(548,'0','新增字典项','upms','admin','2019-04-29 11:51:51',NULL,'127.0.0.1','Mozilla/5.0 (Windows NT 10.0; Win64; x64) AppleWebKit/537.36 (KHTML, like Gecko) Chrome/73.0.3683.86 Safari/537.36','/dict/item','POST','','99','0',NULL,1),(549,'0','修改微信账号配置','upms','admin','2019-04-29 12:07:19',NULL,'127.0.0.1','Mozilla/5.0 (Windows NT 10.0; Win64; x64) AppleWebKit/537.36 (KHTML, like Gecko) Chrome/73.0.3683.86 Safari/537.36','/wxapp','PUT','','1214','0',NULL,1),(550,'0','修改微信用户备注','upms','admin','2019-04-29 12:24:07',NULL,'127.0.0.1','Mozilla/5.0 (Windows NT 10.0; Win64; x64) AppleWebKit/537.36 (KHTML, like Gecko) Chrome/73.0.3683.86 Safari/537.36','/wxuser/updateRemark','POST','','475','0',NULL,1),(551,'0','同步微信用户','upms','admin','2019-04-29 13:44:56',NULL,'127.0.0.1','Mozilla/5.0 (Windows NT 10.0; Win64; x64) AppleWebKit/537.36 (KHTML, like Gecko) Chrome/73.0.3683.86 Safari/537.36','/wxuser/synchroWxUser','GET','appId=%5Bwx6bbabe2a208f5463%5D','1143','0',NULL,1),(552,'0','生成公众号二维码','upms','admin','2019-04-29 16:11:22',NULL,'127.0.0.1','Mozilla/5.0 (Windows NT 10.0; Win64; x64) AppleWebKit/537.36 (KHTML, like Gecko) Chrome/73.0.3683.86 Safari/537.36','/wxapp/createQrCode','GET','id=%5Bwx283a213c9277740f%5D','932','0',NULL,1),(553,'0','生成公众号二维码','upms','admin','2019-04-29 16:11:41',NULL,'127.0.0.1','Mozilla/5.0 (Windows NT 10.0; Win64; x64) AppleWebKit/537.36 (KHTML, like Gecko) Chrome/73.0.3683.86 Safari/537.36','/wxapp/createQrCode','GET','id=%5Bwx3a9b793d90227207%5D','137','0',NULL,1),(554,'0','生成公众号二维码','upms','admin','2019-04-29 16:11:46',NULL,'127.0.0.1','Mozilla/5.0 (Windows NT 10.0; Win64; x64) AppleWebKit/537.36 (KHTML, like Gecko) Chrome/73.0.3683.86 Safari/537.36','/wxapp/createQrCode','GET','id=%5Bwx49b06760bcc8b2eb%5D','646','0',NULL,1),(555,'0','生成公众号二维码','upms','admin','2019-04-29 16:11:50',NULL,'127.0.0.1','Mozilla/5.0 (Windows NT 10.0; Win64; x64) AppleWebKit/537.36 (KHTML, like Gecko) Chrome/73.0.3683.86 Safari/537.36','/wxapp/createQrCode','GET','id=%5Bwxa911990057aa571d%5D','302','0',NULL,1),(556,'0','生成公众号二维码','upms','admin','2019-04-29 16:50:32',NULL,'127.0.0.1','Mozilla/5.0 (Windows NT 10.0; Win64; x64) AppleWebKit/537.36 (KHTML, like Gecko) Chrome/73.0.3683.86 Safari/537.36','/wxapp/createQrCode','GET','id=%5Bwx3a9b793d90227207%5D','204','0',NULL,1),(557,'0','保存并发布菜单','upms','admin','2019-04-30 08:50:04',NULL,'127.0.0.1','Mozilla/5.0 (Windows NT 10.0; Win64; x64) AppleWebKit/537.36 (KHTML, like Gecko) Chrome/73.0.3683.86 Safari/537.36','/wxmenu/saveAndRelease','POST','','1470','0',NULL,1),(558,'0','保存并发布菜单','upms','admin','2019-04-30 08:50:56',NULL,'127.0.0.1','Mozilla/5.0 (Windows NT 10.0; Win64; x64) AppleWebKit/537.36 (KHTML, like Gecko) Chrome/73.0.3683.86 Safari/537.36','/wxmenu/saveAndRelease','POST','','981','0',NULL,1),(559,'0','保存并发布菜单','upms','admin','2019-04-30 08:52:01',NULL,'127.0.0.1','Mozilla/5.0 (Windows NT 10.0; Win64; x64) AppleWebKit/537.36 (KHTML, like Gecko) Chrome/73.0.3683.86 Safari/537.36','/wxmenu/saveAndRelease','POST','','957','0',NULL,1),(560,'0','删除消息自动回复','upms','admin','2019-04-30 08:54:28',NULL,'127.0.0.1','Mozilla/5.0 (Windows NT 10.0; Win64; x64) AppleWebKit/537.36 (KHTML, like Gecko) Chrome/73.0.3683.86 Safari/537.36','/wxautoreply/45f0e5855b1558c24bcec75dbe8ca95f','DELETE','','68','0',NULL,1),(561,'0','新增消息自动回复','upms','admin','2019-04-30 08:54:39',NULL,'127.0.0.1','Mozilla/5.0 (Windows NT 10.0; Win64; x64) AppleWebKit/537.36 (KHTML, like Gecko) Chrome/73.0.3683.86 Safari/537.36','/wxautoreply','POST','','72','0',NULL,1),(562,'0','新增消息自动回复','upms','admin','2019-04-30 09:51:50',NULL,'127.0.0.1','Mozilla/5.0 (Windows NT 10.0; Win64; x64) AppleWebKit/537.36 (KHTML, like Gecko) Chrome/73.0.3683.86 Safari/537.36','/wxautoreply','POST','','494','0',NULL,1),(563,'0','新增消息自动回复','upms','admin','2019-04-30 09:52:06',NULL,'127.0.0.1','Mozilla/5.0 (Windows NT 10.0; Win64; x64) AppleWebKit/537.36 (KHTML, like Gecko) Chrome/73.0.3683.86 Safari/537.36','/wxautoreply','POST','','51','0',NULL,1),(564,'0','新增消息自动回复','upms','admin','2019-04-30 09:52:16',NULL,'127.0.0.1','Mozilla/5.0 (Windows NT 10.0; Win64; x64) AppleWebKit/537.36 (KHTML, like Gecko) Chrome/73.0.3683.86 Safari/537.36','/wxautoreply','POST','','88','0',NULL,1),(565,'0','新增消息自动回复','upms','admin','2019-04-30 09:52:24',NULL,'127.0.0.1','Mozilla/5.0 (Windows NT 10.0; Win64; x64) AppleWebKit/537.36 (KHTML, like Gecko) Chrome/73.0.3683.86 Safari/537.36','/wxautoreply','POST','','72','0',NULL,1),(566,'0','新增消息自动回复','upms','admin','2019-04-30 09:53:14',NULL,'127.0.0.1','Mozilla/5.0 (Windows NT 10.0; Win64; x64) AppleWebKit/537.36 (KHTML, like Gecko) Chrome/73.0.3683.86 Safari/537.36','/wxautoreply','POST','','57','0',NULL,1),(567,'0','新增消息自动回复','upms','admin','2019-04-30 10:04:45',NULL,'127.0.0.1','Mozilla/5.0 (Windows NT 10.0; Win64; x64) AppleWebKit/537.36 (KHTML, like Gecko) Chrome/73.0.3683.86 Safari/537.36','/wxautoreply','POST','','443','0',NULL,1),(568,'0','新增消息自动回复','upms','admin','2019-04-30 10:15:55',NULL,'127.0.0.1','Mozilla/5.0 (Windows NT 10.0; Win64; x64) AppleWebKit/537.36 (KHTML, like Gecko) Chrome/73.0.3683.86 Safari/537.36','/wxautoreply','POST','','497','0',NULL,1),(569,'0','删除微信素材','upms','admin','2019-04-30 16:59:24',NULL,'127.0.0.1','Mozilla/5.0 (Windows NT 10.0; Win64; x64) AppleWebKit/537.36 (KHTML, like Gecko) Chrome/73.0.3683.86 Safari/537.36','/wxmaterial/materialDel','POST','','431','0',NULL,1),(570,'0','删除微信素材','upms','admin','2019-04-30 16:59:30',NULL,'127.0.0.1','Mozilla/5.0 (Windows NT 10.0; Win64; x64) AppleWebKit/537.36 (KHTML, like Gecko) Chrome/73.0.3683.86 Safari/537.36','/wxmaterial/materialDel','POST','','403','0',NULL,1),(571,'0','删除微信素材','upms','admin','2019-04-30 16:59:36',NULL,'127.0.0.1','Mozilla/5.0 (Windows NT 10.0; Win64; x64) AppleWebKit/537.36 (KHTML, like Gecko) Chrome/73.0.3683.86 Safari/537.36','/wxmaterial/materialDel','POST','','467','0',NULL,1),(572,'0','删除微信素材','upms','admin','2019-04-30 17:21:06',NULL,'127.0.0.1','Mozilla/5.0 (Windows NT 10.0; Win64; x64) AppleWebKit/537.36 (KHTML, like Gecko) Chrome/73.0.3683.86 Safari/537.36','/wxmaterial/materialDel','POST','','651','0',NULL,1),(573,'0','删除微信素材','upms','admin','2019-04-30 17:34:08',NULL,'127.0.0.1','Mozilla/5.0 (Windows NT 10.0; Win64; x64) AppleWebKit/537.36 (KHTML, like Gecko) Chrome/73.0.3683.86 Safari/537.36','/wxmaterial/materialDel','POST','','448','0',NULL,1),(574,'0','删除微信素材','upms','admin','2019-04-30 17:34:11',NULL,'127.0.0.1','Mozilla/5.0 (Windows NT 10.0; Win64; x64) AppleWebKit/537.36 (KHTML, like Gecko) Chrome/73.0.3683.86 Safari/537.36','/wxmaterial/materialDel','POST','','375','0',NULL,1),(575,'0','删除微信素材','upms','admin','2019-04-30 17:34:14',NULL,'127.0.0.1','Mozilla/5.0 (Windows NT 10.0; Win64; x64) AppleWebKit/537.36 (KHTML, like Gecko) Chrome/73.0.3683.86 Safari/537.36','/wxmaterial/materialDel','POST','','414','0',NULL,1),(576,'0','删除微信素材','upms','admin','2019-04-30 17:34:18',NULL,'127.0.0.1','Mozilla/5.0 (Windows NT 10.0; Win64; x64) AppleWebKit/537.36 (KHTML, like Gecko) Chrome/73.0.3683.86 Safari/537.36','/wxmaterial/materialDel','POST','','396','0',NULL,1),(577,'0','删除微信素材','upms','admin','2019-04-30 17:54:01',NULL,'127.0.0.1','Mozilla/5.0 (Windows NT 10.0; Win64; x64) AppleWebKit/537.36 (KHTML, like Gecko) Chrome/73.0.3683.86 Safari/537.36','/wxmaterial/materialDel','POST','','421','0',NULL,1),(578,'0','删除微信素材','upms','admin','2019-04-30 17:54:04',NULL,'127.0.0.1','Mozilla/5.0 (Windows NT 10.0; Win64; x64) AppleWebKit/537.36 (KHTML, like Gecko) Chrome/73.0.3683.86 Safari/537.36','/wxmaterial/materialDel','POST','','428','0',NULL,1),(579,'0','删除微信素材','upms','admin','2019-04-30 17:54:08',NULL,'127.0.0.1','Mozilla/5.0 (Windows NT 10.0; Win64; x64) AppleWebKit/537.36 (KHTML, like Gecko) Chrome/73.0.3683.86 Safari/537.36','/wxmaterial/materialDel','POST','','432','0',NULL,1),(580,'0','删除微信素材','upms','admin','2019-04-30 17:54:11',NULL,'127.0.0.1','Mozilla/5.0 (Windows NT 10.0; Win64; x64) AppleWebKit/537.36 (KHTML, like Gecko) Chrome/73.0.3683.86 Safari/537.36','/wxmaterial/materialDel','POST','','410','0',NULL,1),(581,'0','删除微信素材','upms','admin','2019-04-30 17:54:14',NULL,'127.0.0.1','Mozilla/5.0 (Windows NT 10.0; Win64; x64) AppleWebKit/537.36 (KHTML, like Gecko) Chrome/73.0.3683.86 Safari/537.36','/wxmaterial/materialDel','POST','','358','0',NULL,1),(582,'0','新增消息自动回复','upms','admin','2019-04-30 17:55:41',NULL,'127.0.0.1','Mozilla/5.0 (Windows NT 10.0; Win64; x64) AppleWebKit/537.36 (KHTML, like Gecko) Chrome/73.0.3683.86 Safari/537.36','/wxautoreply','POST','','96','0',NULL,1),(583,'0','修改消息自动回复','upms','admin','2019-04-30 18:03:40',NULL,'127.0.0.1','Mozilla/5.0 (Windows NT 10.0; Win64; x64) AppleWebKit/537.36 (KHTML, like Gecko) Chrome/73.0.3683.86 Safari/537.36','/wxautoreply','PUT','','95','0',NULL,1),(584,'0','删除微信素材','upms','admin','2019-04-30 18:03:53',NULL,'127.0.0.1','Mozilla/5.0 (Windows NT 10.0; Win64; x64) AppleWebKit/537.36 (KHTML, like Gecko) Chrome/73.0.3683.86 Safari/537.36','/wxmaterial/materialDel','POST','','485','0',NULL,1),(585,'0','删除微信素材','upms','admin','2019-04-30 18:03:55',NULL,'127.0.0.1','Mozilla/5.0 (Windows NT 10.0; Win64; x64) AppleWebKit/537.36 (KHTML, like Gecko) Chrome/73.0.3683.86 Safari/537.36','/wxmaterial/materialDel','POST','','393','0',NULL,1),(586,'0','删除微信素材','upms','admin','2019-04-30 18:03:59',NULL,'127.0.0.1','Mozilla/5.0 (Windows NT 10.0; Win64; x64) AppleWebKit/537.36 (KHTML, like Gecko) Chrome/73.0.3683.86 Safari/537.36','/wxmaterial/materialDel','POST','','587','0',NULL,1),(587,'0','删除微信素材','upms','admin','2019-04-30 18:04:02',NULL,'127.0.0.1','Mozilla/5.0 (Windows NT 10.0; Win64; x64) AppleWebKit/537.36 (KHTML, like Gecko) Chrome/73.0.3683.86 Safari/537.36','/wxmaterial/materialDel','POST','','397','0',NULL,1),(588,'0','修改消息自动回复','upms','admin','2019-04-30 18:04:57',NULL,'127.0.0.1','Mozilla/5.0 (Windows NT 10.0; Win64; x64) AppleWebKit/537.36 (KHTML, like Gecko) Chrome/73.0.3683.86 Safari/537.36','/wxautoreply','PUT','','109','0',NULL,1),(589,'0','修改消息自动回复','upms','admin','2019-04-30 18:05:05',NULL,'127.0.0.1','Mozilla/5.0 (Windows NT 10.0; Win64; x64) AppleWebKit/537.36 (KHTML, like Gecko) Chrome/73.0.3683.86 Safari/537.36','/wxautoreply','PUT','','84','0',NULL,1),(590,'0','新增消息自动回复','upms','admin','2019-04-30 18:08:00',NULL,'127.0.0.1','Mozilla/5.0 (Windows NT 10.0; Win64; x64) AppleWebKit/537.36 (KHTML, like Gecko) Chrome/73.0.3683.86 Safari/537.36','/wxautoreply','POST','','435','0',NULL,1),(591,'0','删除微信素材','upms','admin','2019-04-30 18:08:10',NULL,'127.0.0.1','Mozilla/5.0 (Windows NT 10.0; Win64; x64) AppleWebKit/537.36 (KHTML, like Gecko) Chrome/73.0.3683.86 Safari/537.36','/wxmaterial/materialDel','POST','','424','0',NULL,1),(592,'0','删除微信素材','upms','admin','2019-04-30 18:08:13',NULL,'127.0.0.1','Mozilla/5.0 (Windows NT 10.0; Win64; x64) AppleWebKit/537.36 (KHTML, like Gecko) Chrome/73.0.3683.86 Safari/537.36','/wxmaterial/materialDel','POST','','370','0',NULL,1),(593,'0','新增消息自动回复','upms','admin','2019-04-30 18:10:58',NULL,'127.0.0.1','Mozilla/5.0 (Windows NT 10.0; Win64; x64) AppleWebKit/537.36 (KHTML, like Gecko) Chrome/73.0.3683.86 Safari/537.36','/wxautoreply','POST','','63','0',NULL,1),(594,'0','修改消息自动回复','upms','admin','2019-04-30 18:11:05',NULL,'127.0.0.1','Mozilla/5.0 (Windows NT 10.0; Win64; x64) AppleWebKit/537.36 (KHTML, like Gecko) Chrome/73.0.3683.86 Safari/537.36','/wxautoreply','PUT','','94','0',NULL,1),(595,'0','删除微信素材','upms','admin','2019-04-30 18:11:24',NULL,'127.0.0.1','Mozilla/5.0 (Windows NT 10.0; Win64; x64) AppleWebKit/537.36 (KHTML, like Gecko) Chrome/73.0.3683.86 Safari/537.36','/wxmaterial/materialDel','POST','','310','0',NULL,1),(596,'0','修改消息自动回复','upms','admin','2019-05-01 13:47:06',NULL,'127.0.0.1','Mozilla/5.0 (Windows NT 10.0; Win64; x64) AppleWebKit/537.36 (KHTML, like Gecko) Chrome/73.0.3683.75 Safari/537.36','/wxautoreply','PUT','','35','0',NULL,1),(597,'0','新增消息自动回复','upms','admin','2019-05-01 14:05:03',NULL,'127.0.0.1','Mozilla/5.0 (Windows NT 10.0; Win64; x64) AppleWebKit/537.36 (KHTML, like Gecko) Chrome/73.0.3683.75 Safari/537.36','/wxautoreply','POST','','337','0',NULL,1),(598,'0','修改微信账号配置','upms','admin','2019-05-01 14:11:46',NULL,'127.0.0.1','Mozilla/5.0 (Windows NT 10.0; Win64; x64) AppleWebKit/537.36 (KHTML, like Gecko) Chrome/73.0.3683.75 Safari/537.36','/wxapp','PUT','','274','0',NULL,1),(599,'0','修改消息自动回复','upms','admin','2019-05-01 16:50:55',NULL,'127.0.0.1','Mozilla/5.0 (Windows NT 10.0; Win64; x64) AppleWebKit/537.36 (KHTML, like Gecko) Chrome/73.0.3683.75 Safari/537.36','/wxautoreply','PUT','','78','0',NULL,1),(600,'0','修改消息自动回复','upms','admin','2019-05-01 16:51:18',NULL,'127.0.0.1','Mozilla/5.0 (Windows NT 10.0; Win64; x64) AppleWebKit/537.36 (KHTML, like Gecko) Chrome/73.0.3683.75 Safari/537.36','/wxautoreply','PUT','','42','0',NULL,1),(601,'0','同步微信用户','upms','admin','2019-05-01 17:17:45',NULL,'127.0.0.1','Mozilla/5.0 (Windows NT 10.0; Win64; x64) AppleWebKit/537.36 (KHTML, like Gecko) Chrome/73.0.3683.75 Safari/537.36','/wxuser/synchroWxUser','GET','appId=%5Bwxa911990057aa571d%5D','173','0',NULL,1),(602,'0','删除微信素材','upms','admin','2019-05-03 14:53:36',NULL,'127.0.0.1','Mozilla/5.0 (Windows NT 10.0; Win64; x64) AppleWebKit/537.36 (KHTML, like Gecko) Chrome/73.0.3683.75 Safari/537.36','/wxmaterial/materialDel','POST','','306','0',NULL,1),(603,'0','删除微信素材','upms','admin','2019-05-03 14:53:56',NULL,'127.0.0.1','Mozilla/5.0 (Windows NT 10.0; Win64; x64) AppleWebKit/537.36 (KHTML, like Gecko) Chrome/73.0.3683.75 Safari/537.36','/wxmaterial/materialDel','POST','','255','0',NULL,1),(604,'0','删除微信素材','upms','admin','2019-05-03 14:54:08',NULL,'127.0.0.1','Mozilla/5.0 (Windows NT 10.0; Win64; x64) AppleWebKit/537.36 (KHTML, like Gecko) Chrome/73.0.3683.75 Safari/537.36','/wxmaterial/materialDel','POST','','605','0',NULL,1),(605,'0','删除微信素材','upms','admin','2019-05-03 14:57:29',NULL,'127.0.0.1','Mozilla/5.0 (Windows NT 10.0; Win64; x64) AppleWebKit/537.36 (KHTML, like Gecko) Chrome/73.0.3683.75 Safari/537.36','/wxmaterial/materialDel','POST','','380','0',NULL,1),(606,'0','删除微信素材','upms','admin','2019-05-03 14:59:25',NULL,'127.0.0.1','Mozilla/5.0 (Windows NT 10.0; Win64; x64) AppleWebKit/537.36 (KHTML, like Gecko) Chrome/73.0.3683.75 Safari/537.36','/wxmaterial/materialDel','POST','','261','0',NULL,1),(607,'0','删除微信素材','upms','admin','2019-05-03 15:18:42',NULL,'127.0.0.1','Mozilla/5.0 (Windows NT 10.0; Win64; x64) AppleWebKit/537.36 (KHTML, like Gecko) Chrome/73.0.3683.75 Safari/537.36','/wxmaterial/materialDel','POST','','367','0',NULL,1),(608,'0','删除微信素材','upms','admin','2019-05-03 15:51:45',NULL,'127.0.0.1','Mozilla/5.0 (Windows NT 10.0; Win64; x64) AppleWebKit/537.36 (KHTML, like Gecko) Chrome/73.0.3683.75 Safari/537.36','/wxmaterial/materialDel','POST','','316','0',NULL,1),(609,'0','删除微信素材','upms','admin','2019-05-03 15:52:48',NULL,'127.0.0.1','Mozilla/5.0 (Windows NT 10.0; Win64; x64) AppleWebKit/537.36 (KHTML, like Gecko) Chrome/73.0.3683.75 Safari/537.36','/wxmaterial/materialDel','POST','','252','0',NULL,1),(610,'0','删除微信素材','upms','admin','2019-05-03 15:55:40',NULL,'127.0.0.1','Mozilla/5.0 (Windows NT 10.0; Win64; x64) AppleWebKit/537.36 (KHTML, like Gecko) Chrome/73.0.3683.75 Safari/537.36','/wxmaterial/materialDel','POST','','275','0',NULL,1),(611,'0','删除微信素材','upms','admin','2019-05-03 15:58:00',NULL,'127.0.0.1','Mozilla/5.0 (Windows NT 10.0; Win64; x64) AppleWebKit/537.36 (KHTML, like Gecko) Chrome/73.0.3683.75 Safari/537.36','/wxmaterial/materialDel','POST','','245','0',NULL,1),(612,'0','删除微信素材','upms','admin','2019-05-03 15:58:52',NULL,'127.0.0.1','Mozilla/5.0 (Windows NT 10.0; Win64; x64) AppleWebKit/537.36 (KHTML, like Gecko) Chrome/73.0.3683.75 Safari/537.36','/wxmaterial/materialDel','POST','','281','0',NULL,1),(613,'0','删除微信素材','upms','admin','2019-05-03 15:59:28',NULL,'127.0.0.1','Mozilla/5.0 (Windows NT 10.0; Win64; x64) AppleWebKit/537.36 (KHTML, like Gecko) Chrome/73.0.3683.75 Safari/537.36','/wxmaterial/materialDel','POST','','235','0',NULL,1),(614,'0','删除微信素材','upms','admin','2019-05-03 16:01:18',NULL,'127.0.0.1','Mozilla/5.0 (Windows NT 10.0; Win64; x64) AppleWebKit/537.36 (KHTML, like Gecko) Chrome/73.0.3683.75 Safari/537.36','/wxmaterial/materialDel','POST','','326','0',NULL,1),(615,'0','删除微信素材','upms','admin','2019-05-03 16:01:55',NULL,'127.0.0.1','Mozilla/5.0 (Windows NT 10.0; Win64; x64) AppleWebKit/537.36 (KHTML, like Gecko) Chrome/73.0.3683.75 Safari/537.36','/wxmaterial/materialDel','POST','','260','0',NULL,1),(616,'0','删除微信素材','upms','admin','2019-05-03 16:12:12',NULL,'127.0.0.1','Mozilla/5.0 (Windows NT 10.0; Win64; x64) AppleWebKit/537.36 (KHTML, like Gecko) Chrome/73.0.3683.75 Safari/537.36','/wxmaterial/materialDel','POST','','268','0',NULL,1),(617,'0','删除微信素材','upms','admin','2019-05-03 16:17:56',NULL,'127.0.0.1','Mozilla/5.0 (Windows NT 10.0; Win64; x64) AppleWebKit/537.36 (KHTML, like Gecko) Chrome/73.0.3683.75 Safari/537.36','/wxmaterial/materialDel','POST','','275','0',NULL,1),(618,'0','删除微信素材','upms','admin','2019-05-03 16:47:11',NULL,'127.0.0.1','Mozilla/5.0 (Windows NT 10.0; Win64; x64) AppleWebKit/537.36 (KHTML, like Gecko) Chrome/73.0.3683.75 Safari/537.36','/wxmaterial/materialDel','POST','','261','0',NULL,1),(619,'0','删除微信素材','upms','admin','2019-05-03 16:48:09',NULL,'127.0.0.1','Mozilla/5.0 (Windows NT 10.0; Win64; x64) AppleWebKit/537.36 (KHTML, like Gecko) Chrome/73.0.3683.75 Safari/537.36','/wxmaterial/materialDel','POST','','266','0',NULL,1),(620,'0','删除微信素材','upms','admin','2019-05-03 16:48:55',NULL,'127.0.0.1','Mozilla/5.0 (Windows NT 10.0; Win64; x64) AppleWebKit/537.36 (KHTML, like Gecko) Chrome/73.0.3683.75 Safari/537.36','/wxmaterial/materialDel','POST','','226','0',NULL,1),(621,'0','修改微信用户备注','upms','admin','2019-05-03 17:22:39',NULL,'127.0.0.1','Mozilla/5.0 (Windows NT 10.0; Win64; x64) AppleWebKit/537.36 (KHTML, like Gecko) Chrome/73.0.3683.75 Safari/537.36','/wxuser/updateRemark','POST','','272','0',NULL,1),(622,'0','同步微信用户','upms','admin','2019-05-03 17:22:48',NULL,'127.0.0.1','Mozilla/5.0 (Windows NT 10.0; Win64; x64) AppleWebKit/537.36 (KHTML, like Gecko) Chrome/73.0.3683.75 Safari/537.36','/wxuser/synchroWxUser','GET','appId=%5Bwx6bbabe2a208f5463%5D','1134','0',NULL,1),(623,'0','保存并发布菜单','upms','admin','2019-05-03 18:17:34',NULL,'127.0.0.1','Mozilla/5.0 (Windows NT 10.0; Win64; x64) AppleWebKit/537.36 (KHTML, like Gecko) Chrome/73.0.3683.75 Safari/537.36','/wxmenu/saveAndRelease','POST','','1288','0',NULL,1),(624,'0','删除菜单','upms','admin','2019-05-06 22:49:20',NULL,'127.0.0.1','Mozilla/5.0 (Windows NT 10.0; Win64; x64) AppleWebKit/537.36 (KHTML, like Gecko) Chrome/73.0.3683.75 Safari/537.36','/menu/4000000','DELETE','','27','0',NULL,1),(625,'0','更新菜单','upms','admin','2019-05-06 22:51:23',NULL,'127.0.0.1','Mozilla/5.0 (Windows NT 10.0; Win64; x64) AppleWebKit/537.36 (KHTML, like Gecko) Chrome/73.0.3683.75 Safari/537.36','/menu','PUT','','0','0',NULL,1),(626,'0','更新菜单','upms','admin','2019-05-06 22:55:11',NULL,'127.0.0.1','Mozilla/5.0 (Windows NT 10.0; Win64; x64) AppleWebKit/537.36 (KHTML, like Gecko) Chrome/73.0.3683.75 Safari/537.36','/menu','PUT','','16','0',NULL,1),(627,'0','更新菜单','upms','admin','2019-05-06 22:57:25',NULL,'127.0.0.1','Mozilla/5.0 (Windows NT 10.0; Win64; x64) AppleWebKit/537.36 (KHTML, like Gecko) Chrome/73.0.3683.75 Safari/537.36','/menu','PUT','','10','0',NULL,1),(628,'0','新增数据源表','upms','admin','2019-05-14 14:50:33',NULL,'127.0.0.1','Mozilla/5.0 (Windows NT 10.0; Win64; x64) AppleWebKit/537.36 (KHTML, like Gecko) Chrome/73.0.3683.86 Safari/537.36','/dsconf','POST','','148','0',NULL,1),(629,'0','删除终端','upms','admin','2019-05-14 15:36:42',NULL,'127.0.0.1','Mozilla/5.0 (Windows NT 10.0; Win64; x64) AppleWebKit/537.36 (KHTML, like Gecko) Chrome/73.0.3683.86 Safari/537.36','/client/test','DELETE','','193','0',NULL,1),(630,'0','删除终端','upms','admin','2019-05-14 15:36:45',NULL,'127.0.0.1','Mozilla/5.0 (Windows NT 10.0; Win64; x64) AppleWebKit/537.36 (KHTML, like Gecko) Chrome/73.0.3683.86 Safari/537.36','/client/daemon','DELETE','','145','0',NULL,1),(631,'0','删除终端','upms','admin','2019-05-14 15:36:49',NULL,'127.0.0.1','Mozilla/5.0 (Windows NT 10.0; Win64; x64) AppleWebKit/537.36 (KHTML, like Gecko) Chrome/73.0.3683.86 Safari/537.36','/client/app','DELETE','','381','0',NULL,1),(632,'0','新增菜单','upms','admin','2019-05-14 15:41:52',NULL,'127.0.0.1','Mozilla/5.0 (Windows NT 10.0; Win64; x64) AppleWebKit/537.36 (KHTML, like Gecko) Chrome/73.0.3683.86 Safari/537.36','/menu','POST','','57','0',NULL,1),(633,'0','更新菜单','upms','admin','2019-05-14 15:42:12',NULL,'127.0.0.1','Mozilla/5.0 (Windows NT 10.0; Win64; x64) AppleWebKit/537.36 (KHTML, like Gecko) Chrome/73.0.3683.86 Safari/537.36','/menu','PUT','','96','0',NULL,1),(634,'0','新增菜单','upms','admin','2019-05-14 15:42:43',NULL,'127.0.0.1','Mozilla/5.0 (Windows NT 10.0; Win64; x64) AppleWebKit/537.36 (KHTML, like Gecko) Chrome/73.0.3683.86 Safari/537.36','/menu','POST','','55','0',NULL,1),(635,'0','新增菜单','upms','admin','2019-05-14 15:43:13',NULL,'127.0.0.1','Mozilla/5.0 (Windows NT 10.0; Win64; x64) AppleWebKit/537.36 (KHTML, like Gecko) Chrome/73.0.3683.86 Safari/537.36','/menu','POST','','44','0',NULL,1),(636,'0','新增菜单','upms','admin','2019-05-14 15:43:42',NULL,'127.0.0.1','Mozilla/5.0 (Windows NT 10.0; Win64; x64) AppleWebKit/537.36 (KHTML, like Gecko) Chrome/73.0.3683.86 Safari/537.36','/menu','POST','','45','0',NULL,1),(637,'0','更新角色菜单','upms','admin','2019-05-14 15:43:56',NULL,'127.0.0.1','Mozilla/5.0 (Windows NT 10.0; Win64; x64) AppleWebKit/537.36 (KHTML, like Gecko) Chrome/73.0.3683.86 Safari/537.36','/role/menu','PUT','roleId=%5B1%5D&menuIds=%5B1000000%2C1100000%2C1101000%2C1102000%2C1103000%2C1200000%2C1201000%2C1202000%2C1203000%2C1300000%2C1301000%2C1302000%2C1303000%2C1304000%2C1400000%2C1401000%2C1402000%2C1403000%2C2000000%2C2100000%2C2101000%2C2200000%2C2201000%2C2202000%2C2203000%2C2300000%2C2400000%2C2402000%2C2403000%2C2401000%2C2500000%2C2501000%2C2502000%2C2503000%2C2600000%2C2601000%2C2700000%2C2800000%2C2830000%2C2810000%2C2820000%2C8000000%2C8100000%2C8110000%2C8111000%2C8112000%2C8113000%2C8114000%2C8150000%2C8153000%2C8154000%2C8151000%2C8152000%2C8120000%2C8121000%2C8122000%2C8125000%2C8126000%2C8127000%2C8123000%2C8124000%2C8130000%2C8131000%2C8132000%2C8133000%2C8134000%2C8140000%2C8141000%2C8142000%2C8160000%2C8161000%2C8162000%2C8163000%2C8164000%2C8200000%2C8210000%2C8211000%2C8212000%2C8213000%2C8214000%2C%5D','291','0',NULL,1),(638,'0','修改消息自动回复','upms','admin','2019-05-14 15:56:23',NULL,'127.0.0.1','Mozilla/5.0 (Windows NT 10.0; Win64; x64) AppleWebKit/537.36 (KHTML, like Gecko) Chrome/73.0.3683.86 Safari/537.36','/wxautoreply','PUT','','74','0',NULL,1),(639,'0','保存并发布菜单','upms','admin','2019-05-20 11:52:03',NULL,'127.0.0.1','Mozilla/5.0 (Windows NT 10.0; Win64; x64) AppleWebKit/537.36 (KHTML, like Gecko) Chrome/73.0.3683.86 Safari/537.36','/wxmenu/saveAndRelease','POST','','1252','0',NULL,1),(640,'0','修改公共参数','upms','admin','2019-05-20 14:26:01',NULL,'127.0.0.1','Mozilla/5.0 (Windows NT 10.0; Win64; x64) AppleWebKit/537.36 (KHTML, like Gecko) Chrome/73.0.3683.86 Safari/537.36','/param','PUT','','81','0',NULL,1),(641,'0','生成公众号二维码','upms','admin','2019-05-24 17:48:38',NULL,'192.168.31.100','Mozilla/5.0 (Windows NT 10.0; WOW64) AppleWebKit/537.36 (KHTML, like Gecko) Chrome/63.0.3239.132 Safari/537.36','/wxapp/createQrCode','GET','id=%5Bwxa911990057aa571d%5D','456','0',NULL,1),(642,'0','修改数据源表','upms','admin','2019-05-24 21:45:37',NULL,'192.168.31.100','Mozilla/5.0 (Windows NT 10.0; Win64; x64) AppleWebKit/537.36 (KHTML, like Gecko) Chrome/73.0.3683.75 Safari/537.36','/dsconf','PUT','','151272','0',NULL,1),(643,'0','修改数据源表','upms','admin','2019-05-24 21:45:37',NULL,'192.168.31.100','Mozilla/5.0 (Windows NT 10.0; Win64; x64) AppleWebKit/537.36 (KHTML, like Gecko) Chrome/73.0.3683.75 Safari/537.36','/dsconf','PUT','','183228','0',NULL,1),(644,'0','删除数据源表','upms','admin','2019-05-24 21:47:24',NULL,'192.168.31.100','Mozilla/5.0 (Windows NT 10.0; Win64; x64) AppleWebKit/537.36 (KHTML, like Gecko) Chrome/73.0.3683.75 Safari/537.36','/dsconf/10','DELETE','','14','0',NULL,1),(645,'0','新增数据源表','upms','admin','2019-05-24 21:47:43',NULL,'192.168.31.100','Mozilla/5.0 (Windows NT 10.0; Win64; x64) AppleWebKit/537.36 (KHTML, like Gecko) Chrome/73.0.3683.75 Safari/537.36','/dsconf','POST','','16','0',NULL,1),(646,'0','修改个人信息','upms','admin','2019-05-25 18:13:56',NULL,'127.0.0.1','Mozilla/5.0 (Windows NT 10.0; Win64; x64) AppleWebKit/537.36 (KHTML, like Gecko) Chrome/73.0.3683.75 Safari/537.36','/user/edit','PUT','','31','0',NULL,1),(647,'0','修改微信账号配置','upms','admin','2019-05-25 18:36:29',NULL,'127.0.0.1','Mozilla/5.0 (Windows NT 10.0; Win64; x64) AppleWebKit/537.36 (KHTML, like Gecko) Chrome/73.0.3683.75 Safari/537.36','/wxapp','PUT','','302','0',NULL,1),(648,'0','修改三方信息','upms','admin','2019-05-25 18:37:11',NULL,'127.0.0.1','Mozilla/5.0 (Windows NT 10.0; Win64; x64) AppleWebKit/537.36 (KHTML, like Gecko) Chrome/73.0.3683.75 Safari/537.36','/social','PUT','','20','0',NULL,1),(649,'0','修改三方信息','upms','admin','2019-05-25 18:43:59',NULL,'127.0.0.1','Mozilla/5.0 (Windows NT 10.0; Win64; x64) AppleWebKit/537.36 (KHTML, like Gecko) Chrome/73.0.3683.75 Safari/537.36','/social','PUT','','19','0',NULL,1),(650,'0','修改微信账号配置','upms','admin','2019-05-25 19:18:27',NULL,'127.0.0.1','Mozilla/5.0 (Windows NT 10.0; Win64; x64) AppleWebKit/537.36 (KHTML, like Gecko) Chrome/73.0.3683.75 Safari/537.36','/wxapp','PUT','','122','0',NULL,1),(651,'0','微信接口次数进行清零','upms','admin','2019-05-25 21:37:33',NULL,'127.0.0.1','Mozilla/5.0 (Windows NT 10.0; Win64; x64) AppleWebKit/537.36 (KHTML, like Gecko) Chrome/73.0.3683.75 Safari/537.36','/wxapp/clearQuota','GET','id=%5Bwx3a9b793d90227207%5D','4729','0',NULL,1),(652,'0','微信接口次数进行清零','upms','admin','2019-05-25 21:40:29',NULL,'127.0.0.1','Mozilla/5.0 (Windows NT 10.0; Win64; x64) AppleWebKit/537.36 (KHTML, like Gecko) Chrome/73.0.3683.75 Safari/537.36','/wxapp/clearQuota','GET','id=%5Bwx3a9b793d90227207%5D','2344','0',NULL,1),(653,'0','生成公众号二维码','upms','admin','2019-05-25 21:43:54',NULL,'127.0.0.1','Mozilla/5.0 (Windows NT 10.0; Win64; x64) AppleWebKit/537.36 (KHTML, like Gecko) Chrome/73.0.3683.75 Safari/537.36','/wxapp/createQrCode','GET','id=%5Bwx3a9b793d90227207%5D','299','0',NULL,1),(654,'0','生成公众号二维码','upms','admin','2019-05-25 21:44:59','2019-05-25 21:47:31','127.0.0.1','Mozilla/5.0 (Windows NT 10.0; Win64; x64) AppleWebKit/537.36 (KHTML, like Gecko) Chrome/73.0.3683.75 Safari/537.36','/wxapp/createQrCode','GET','id=%5Bwx3a9b793d90227207%5D','184','1',NULL,1),(655,'0','生成公众号二维码','upms','admin','2019-05-25 21:46:46',NULL,'127.0.0.1','Mozilla/5.0 (Windows NT 10.0; Win64; x64) AppleWebKit/537.36 (KHTML, like Gecko) Chrome/73.0.3683.75 Safari/537.36','/wxapp/createQrCode','GET','id=%5Bwx3a9b793d90227207%5D','400','0',NULL,1),(656,'0','生成公众号二维码','upms','admin','2019-05-25 21:46:52','2019-05-25 21:47:26','127.0.0.1','Mozilla/5.0 (Windows NT 10.0; Win64; x64) AppleWebKit/537.36 (KHTML, like Gecko) Chrome/73.0.3683.75 Safari/537.36','/wxapp/createQrCode','GET','id=%5Bwx3a9b793d90227207%5D','122','1',NULL,1),(657,'0','修改字典','upms','admin','2019-05-25 21:47:11','2019-05-25 21:47:22','127.0.0.1','Mozilla/5.0 (Windows NT 10.0; Win64; x64) AppleWebKit/537.36 (KHTML, like Gecko) Chrome/73.0.3683.75 Safari/537.36','/dict','PUT','','11','1',NULL,1),(658,'0','微信接口次数进行清零','upms','admin','2019-05-25 21:48:51',NULL,'127.0.0.1','Mozilla/5.0 (Windows NT 10.0; Win64; x64) AppleWebKit/537.36 (KHTML, like Gecko) Chrome/73.0.3683.75 Safari/537.36','/wxapp/clearQuota','GET','id=%5Bwx3a9b793d90227207%5D','2338','0',NULL,1),(659,'0','微信接口次数进行清零','upms','admin','2019-05-25 21:54:01',NULL,'127.0.0.1','Mozilla/5.0 (Windows NT 10.0; Win64; x64) AppleWebKit/537.36 (KHTML, like Gecko) Chrome/73.0.3683.75 Safari/537.36','/wxapp/clearQuota','GET','id=%5Bwx3a9b793d90227207%5D','2277','0',NULL,1),(660,'0','微信接口次数进行清零','upms','admin','2019-05-25 21:58:41',NULL,'127.0.0.1','Mozilla/5.0 (Windows NT 10.0; Win64; x64) AppleWebKit/537.36 (KHTML, like Gecko) Chrome/73.0.3683.75 Safari/537.36','/wxapp/clearQuota','GET','id=%5Bwx3a9b793d90227207%5D','2154','0',NULL,1),(661,'0','微信接口次数进行清零','upms','admin','2019-05-25 22:03:35',NULL,'127.0.0.1','Mozilla/5.0 (Windows NT 10.0; Win64; x64) AppleWebKit/537.36 (KHTML, like Gecko) Chrome/73.0.3683.75 Safari/537.36','/wxapp/clearQuota','GET','id=%5Bwx6bbabe2a208f5463%5D','5015','0',NULL,1),(662,'0','微信接口次数进行清零','upms','admin','2019-05-25 22:04:30',NULL,'127.0.0.1','Mozilla/5.0 (Windows NT 10.0; Win64; x64) AppleWebKit/537.36 (KHTML, like Gecko) Chrome/73.0.3683.75 Safari/537.36','/wxapp/clearQuota','GET','id=%5Bwx6bbabe2a208f5463%5D','1674','0',NULL,1),(663,'0','生成公众号二维码','upms','admin','2019-05-25 22:06:05',NULL,'127.0.0.1','Mozilla/5.0 (Windows NT 10.0; Win64; x64) AppleWebKit/537.36 (KHTML, like Gecko) Chrome/73.0.3683.75 Safari/537.36','/wxapp/createQrCode','GET','id=%5Bwx3a9b793d90227207%5D','246','0',NULL,1),(664,'0','生成公众号二维码','upms','admin','2019-05-25 22:07:22',NULL,'127.0.0.1','Mozilla/5.0 (Windows NT 10.0; Win64; x64) AppleWebKit/537.36 (KHTML, like Gecko) Chrome/73.0.3683.75 Safari/537.36','/wxapp/createQrCode','GET','id=%5Bwx3a9b793d90227207%5D','219','0',NULL,1),(665,'0','生成公众号二维码','upms','admin','2019-05-25 22:11:16',NULL,'127.0.0.1','Mozilla/5.0 (Windows NT 10.0; Win64; x64) AppleWebKit/537.36 (KHTML, like Gecko) Chrome/73.0.3683.75 Safari/537.36','/wxapp/createQrCode','GET','id=%5Bwx3a9b793d90227207%5D','234','0',NULL,1),(666,'0','编辑部门','upms','admin','2019-05-26 12:38:21',NULL,'127.0.0.1','Mozilla/5.0 (Windows NT 10.0; Win64; x64) AppleWebKit/537.36 (KHTML, like Gecko) Chrome/73.0.3683.75 Safari/537.36','/dept','PUT','','47','0',NULL,1),(667,'0','编辑部门','upms','admin','2019-05-26 12:38:44',NULL,'127.0.0.1','Mozilla/5.0 (Windows NT 10.0; Win64; x64) AppleWebKit/537.36 (KHTML, like Gecko) Chrome/73.0.3683.75 Safari/537.36','/dept','PUT','','16','0',NULL,1),(668,'0','编辑部门','upms','admin','2019-05-26 12:38:59',NULL,'127.0.0.1','Mozilla/5.0 (Windows NT 10.0; Win64; x64) AppleWebKit/537.36 (KHTML, like Gecko) Chrome/73.0.3683.75 Safari/537.36','/dept','PUT','','35','0',NULL,1),(669,'0','编辑部门','upms','admin','2019-05-26 12:39:05',NULL,'127.0.0.1','Mozilla/5.0 (Windows NT 10.0; Win64; x64) AppleWebKit/537.36 (KHTML, like Gecko) Chrome/73.0.3683.75 Safari/537.36','/dept','PUT','','26','0',NULL,1),(670,'0','编辑部门','upms','admin','2019-05-26 12:39:13',NULL,'127.0.0.1','Mozilla/5.0 (Windows NT 10.0; Win64; x64) AppleWebKit/537.36 (KHTML, like Gecko) Chrome/73.0.3683.75 Safari/537.36','/dept','PUT','','48','0',NULL,1),(671,'0','编辑部门','upms','admin','2019-05-26 12:39:26',NULL,'127.0.0.1','Mozilla/5.0 (Windows NT 10.0; Win64; x64) AppleWebKit/537.36 (KHTML, like Gecko) Chrome/73.0.3683.75 Safari/537.36','/dept','PUT','','12','0',NULL,1),(672,'0','编辑部门','upms','admin','2019-05-26 12:39:34',NULL,'127.0.0.1','Mozilla/5.0 (Windows NT 10.0; Win64; x64) AppleWebKit/537.36 (KHTML, like Gecko) Chrome/73.0.3683.75 Safari/537.36','/dept','PUT','','39','0',NULL,1),(673,'0','编辑部门','upms','admin','2019-05-26 12:39:40',NULL,'127.0.0.1','Mozilla/5.0 (Windows NT 10.0; Win64; x64) AppleWebKit/537.36 (KHTML, like Gecko) Chrome/73.0.3683.75 Safari/537.36','/dept','PUT','','16','0',NULL,1),(674,'0','编辑部门','upms','admin','2019-05-26 12:39:46',NULL,'127.0.0.1','Mozilla/5.0 (Windows NT 10.0; Win64; x64) AppleWebKit/537.36 (KHTML, like Gecko) Chrome/73.0.3683.75 Safari/537.36','/dept','PUT','','41','0',NULL,1),(675,'0','生成公众号二维码','upms','admin','2019-05-26 13:00:21',NULL,'127.0.0.1','Mozilla/5.0 (Windows NT 10.0; Win64; x64) AppleWebKit/537.36 (KHTML, like Gecko) Chrome/73.0.3683.75 Safari/537.36','/wxapp/createQrCode','GET','id=%5Bwx3a9b793d90227207%5D','538','0',NULL,1),(676,'0','更新菜单','upms','admin','2019-05-28 08:38:32',NULL,'127.0.0.1','Mozilla/5.0 (Windows NT 10.0; Win64; x64) AppleWebKit/537.36 (KHTML, like Gecko) Chrome/73.0.3683.86 Safari/537.36','/menu','PUT','','1247','0',NULL,1),(677,'0','更新菜单','upms','admin','2019-05-28 08:38:32',NULL,'127.0.0.1','Mozilla/5.0 (Windows NT 10.0; Win64; x64) AppleWebKit/537.36 (KHTML, like Gecko) Chrome/73.0.3683.86 Safari/537.36','/menu','PUT','','1248','0',NULL,1),(678,'0','更新菜单','upms','admin','2019-05-28 08:38:43',NULL,'127.0.0.1','Mozilla/5.0 (Windows NT 10.0; Win64; x64) AppleWebKit/537.36 (KHTML, like Gecko) Chrome/73.0.3683.86 Safari/537.36','/menu','PUT','','164','0',NULL,1),(679,'0','保存三方信息','upms','admin','2019-05-28 11:17:26',NULL,'127.0.0.1','Mozilla/5.0 (Windows NT 10.0; Win64; x64) AppleWebKit/537.36 (KHTML, like Gecko) Chrome/73.0.3683.86 Safari/537.36','/social','POST','','226','0',NULL,1),(680,'0','删除微信账号配置','upms','admin','2019-05-28 11:55:07',NULL,'127.0.0.1','Mozilla/5.0 (Windows NT 10.0; Win64; x64) AppleWebKit/537.36 (KHTML, like Gecko) Chrome/73.0.3683.86 Safari/537.36','/wxapp/wxa911990057aa571d','DELETE','','292','0',NULL,1),(681,'0','删除三方信息','upms','admin','2019-05-28 12:10:51',NULL,'127.0.0.1','Mozilla/5.0 (Windows NT 10.0; Win64; x64) AppleWebKit/537.36 (KHTML, like Gecko) Chrome/73.0.3683.86 Safari/537.36','/social/1','DELETE','','111','0',NULL,1),(682,'0','修改数据源表','upms','admin','2019-05-28 15:56:59',NULL,'127.0.0.1','Mozilla/5.0 (Windows NT 10.0; Win64; x64) AppleWebKit/537.36 (KHTML, like Gecko) Chrome/73.0.3683.86 Safari/537.36','/dsconf','PUT','','445','0',NULL,1),(683,'0','新增菜单','upms','admin','2019-05-28 16:04:18',NULL,'127.0.0.1','Mozilla/5.0 (Windows NT 10.0; Win64; x64) AppleWebKit/537.36 (KHTML, like Gecko) Chrome/73.0.3683.86 Safari/537.36','/menu','POST','','157','0',NULL,1),(684,'0','新增菜单','upms','admin','2019-05-28 16:05:48',NULL,'127.0.0.1','Mozilla/5.0 (Windows NT 10.0; Win64; x64) AppleWebKit/537.36 (KHTML, like Gecko) Chrome/73.0.3683.86 Safari/537.36','/menu','POST','','59','0',NULL,1),(685,'0','新增菜单','upms','admin','2019-05-28 16:06:15',NULL,'127.0.0.1','Mozilla/5.0 (Windows NT 10.0; Win64; x64) AppleWebKit/537.36 (KHTML, like Gecko) Chrome/73.0.3683.86 Safari/537.36','/menu','POST','','193','0',NULL,1),(686,'0','新增菜单','upms','admin','2019-05-28 16:11:06',NULL,'127.0.0.1','Mozilla/5.0 (Windows NT 10.0; Win64; x64) AppleWebKit/537.36 (KHTML, like Gecko) Chrome/73.0.3683.86 Safari/537.36','/menu','POST','','71','0',NULL,1),(687,'0','新增菜单','upms','admin','2019-05-28 16:11:35',NULL,'127.0.0.1','Mozilla/5.0 (Windows NT 10.0; Win64; x64) AppleWebKit/537.36 (KHTML, like Gecko) Chrome/73.0.3683.86 Safari/537.36','/menu','POST','','71','0',NULL,1),(688,'0','更新角色菜单','upms','admin','2019-05-28 16:42:39',NULL,'127.0.0.1','Mozilla/5.0 (Windows NT 10.0; Win64; x64) AppleWebKit/537.36 (KHTML, like Gecko) Chrome/73.0.3683.86 Safari/537.36','/role/menu','PUT','roleId=%5B1%5D&menuIds=%5B8000000%2C8100000%2C8110000%2C8111000%2C8112000%2C8113000%2C8114000%2C8150000%2C8151000%2C8152000%2C8153000%2C8154000%2C8170000%2C8174000%2C8171000%2C8172000%2C8173000%2C8120000%2C8121000%2C8122000%2C8125000%2C8126000%2C8127000%2C8123000%2C8124000%2C8130000%2C8131000%2C8132000%2C8133000%2C8134000%2C8140000%2C8141000%2C8142000%2C8160000%2C8161000%2C8162000%2C8163000%2C8164000%2C2000000%2C2100000%2C2101000%2C2200000%2C2201000%2C2202000%2C2203000%2C2300000%2C2400000%2C2402000%2C2403000%2C2401000%2C2500000%2C2501000%2C2502000%2C2503000%2C2600000%2C2601000%2C2700000%2C2800000%2C2810000%2C2830000%2C2820000%2C1000000%2C1100000%2C1101000%2C1102000%2C1103000%2C1200000%2C1202000%2C1201000%2C1203000%2C1300000%2C1301000%2C1302000%2C1303000%2C1304000%2C1400000%2C1401000%2C1402000%2C1403000%2C%5D','1348','0',NULL,1),(689,'0','保存并发布菜单','upms','admin','2019-05-29 17:20:12',NULL,'127.0.0.1','Mozilla/5.0 (Windows NT 10.0; Win64; x64) AppleWebKit/537.36 (KHTML, like Gecko) Chrome/73.0.3683.86 Safari/537.36','/wxmenu/saveAndRelease','POST','','1999','0',NULL,1),(690,'0','新增字典项','upms','admin','2019-05-30 11:05:01',NULL,'127.0.0.1','Mozilla/5.0 (Windows NT 10.0; Win64; x64) AppleWebKit/537.36 (KHTML, like Gecko) Chrome/73.0.3683.86 Safari/537.36','/dict/item','POST','','83','0',NULL,1),(691,'0','新增消息自动回复','upms','admin','2019-05-30 11:05:21',NULL,'127.0.0.1','Mozilla/5.0 (Windows NT 10.0; Win64; x64) AppleWebKit/537.36 (KHTML, like Gecko) Chrome/73.0.3683.86 Safari/537.36','/wxautoreply','POST','','53','0',NULL,1),(692,'0','生成公众号二维码','upms','admin','2019-05-30 11:27:57',NULL,'127.0.0.1','Mozilla/5.0 (Windows NT 10.0; Win64; x64) AppleWebKit/537.36 (KHTML, like Gecko) Chrome/73.0.3683.86 Safari/537.36','/wxapp/createQrCode','GET','sceneStr=%5B1%5D&id=%5Bwx3a9b793d90227207%5D','570','0',NULL,1),(693,'0','生成公众号二维码','upms','admin','2019-05-30 11:29:15',NULL,'127.0.0.1','Mozilla/5.0 (Windows NT 10.0; Win64; x64) AppleWebKit/537.36 (KHTML, like Gecko) Chrome/73.0.3683.86 Safari/537.36','/wxapp/createQrCode','GET','sceneStr=%5B1%5D&id=%5Bwx3a9b793d90227207%5D','15296','0',NULL,1),(694,'0','修改字典项','upms','admin','2019-05-30 11:31:31',NULL,'127.0.0.1','Mozilla/5.0 (Windows NT 10.0; Win64; x64) AppleWebKit/537.36 (KHTML, like Gecko) Chrome/73.0.3683.86 Safari/537.36','/dict/item','PUT','','77','0',NULL,1),(695,'0','微信接口次数进行清零','upms','admin','2019-05-31 08:30:34',NULL,'127.0.0.1','Mozilla/5.0 (Windows NT 10.0; Win64; x64) AppleWebKit/537.36 (KHTML, like Gecko) Chrome/73.0.3683.86 Safari/537.36','/wxapp/wx3a9b793d90227207/quota','PUT','','591','0',NULL,1),(696,'0','微信接口次数进行清零','upms','admin','2019-05-31 08:30:47',NULL,'127.0.0.1','Mozilla/5.0 (Windows NT 10.0; Win64; x64) AppleWebKit/537.36 (KHTML, like Gecko) Chrome/73.0.3683.86 Safari/537.36','/wxapp/wx6bbabe2a208f5463/quota','PUT','','5180','0',NULL,1),(697,'0','微信接口次数进行清零','upms','admin','2019-05-31 08:48:28',NULL,'127.0.0.1','Mozilla/5.0 (Windows NT 10.0; Win64; x64) AppleWebKit/537.36 (KHTML, like Gecko) Chrome/73.0.3683.86 Safari/537.36','/wxapp/quota','PUT','','593','0',NULL,1),(698,'0','微信接口次数进行清零','upms','admin','2019-05-31 08:48:35',NULL,'127.0.0.1','Mozilla/5.0 (Windows NT 10.0; Win64; x64) AppleWebKit/537.36 (KHTML, like Gecko) Chrome/73.0.3683.86 Safari/537.36','/wxapp/quota','PUT','','119','0',NULL,1),(699,'0','生成公众号二维码','upms','admin','2019-05-31 08:48:47',NULL,'127.0.0.1','Mozilla/5.0 (Windows NT 10.0; Win64; x64) AppleWebKit/537.36 (KHTML, like Gecko) Chrome/73.0.3683.86 Safari/537.36','/wxapp/qrCode','POST','','116','0',NULL,1),(700,'0','微信接口次数进行清零','upms','admin','2019-05-31 08:49:48',NULL,'127.0.0.1','Mozilla/5.0 (Windows NT 10.0; Win64; x64) AppleWebKit/537.36 (KHTML, like Gecko) Chrome/73.0.3683.86 Safari/537.36','/wxapp/quota','PUT','','13645','0',NULL,1),(701,'0','生成公众号二维码','upms','admin','2019-05-31 08:50:05',NULL,'127.0.0.1','Mozilla/5.0 (Windows NT 10.0; Win64; x64) AppleWebKit/537.36 (KHTML, like Gecko) Chrome/73.0.3683.86 Safari/537.36','/wxapp/qrCode','POST','','7360','0',NULL,1),(702,'0','生成公众号二维码','upms','admin','2019-05-31 09:00:34',NULL,'127.0.0.1','Mozilla/5.0 (Windows NT 10.0; Win64; x64) AppleWebKit/537.36 (KHTML, like Gecko) Chrome/73.0.3683.86 Safari/537.36','/wxapp/qrCode','POST','','27799','0',NULL,1),(703,'0','微信接口次数进行清零','upms','admin','2019-05-31 09:00:50',NULL,'127.0.0.1','Mozilla/5.0 (Windows NT 10.0; Win64; x64) AppleWebKit/537.36 (KHTML, like Gecko) Chrome/73.0.3683.86 Safari/537.36','/wxapp/quota','PUT','','9283','0',NULL,1),(704,'0','删除微信素材','upms','admin','2019-05-31 09:16:30',NULL,'127.0.0.1','Mozilla/5.0 (Windows NT 10.0; Win64; x64) AppleWebKit/537.36 (KHTML, like Gecko) Chrome/73.0.3683.86 Safari/537.36','/wxmaterial','DELETE','appId=%5Bwx6bbabe2a208f5463%5D&id=%5BwbjL-a6oY-E_eddZx4dVW5wEL1njuhVGkcDHn5ea3fw%5D','417','0',NULL,1),(705,'0','微信接口次数进行清零','upms','admin','2019-05-31 09:20:09',NULL,'127.0.0.1','Mozilla/5.0 (Windows NT 10.0; Win64; x64) AppleWebKit/537.36 (KHTML, like Gecko) Chrome/73.0.3683.86 Safari/537.36','/wxapp/quota','PUT','','2956','0',NULL,1),(706,'0','删除微信素材','upms','admin','2019-05-31 09:21:17',NULL,'127.0.0.1','Mozilla/5.0 (Windows NT 10.0; Win64; x64) AppleWebKit/537.36 (KHTML, like Gecko) Chrome/73.0.3683.86 Safari/537.36','/wxmaterial','DELETE','appId=%5Bwx6bbabe2a208f5463%5D&id=%5BwbjL-a6oY-E_eddZx4dVW6Emm6bn0-9e6UNNGGkOkzg%5D','322','0',NULL,1),(707,'0','微信接口次数进行清零','upms','admin','2019-05-31 09:30:32',NULL,'127.0.0.1','Mozilla/5.0 (Windows NT 10.0; Win64; x64) AppleWebKit/537.36 (KHTML, like Gecko) Chrome/73.0.3683.86 Safari/537.36','/wxapp/quota','PUT','','2592','0',NULL,1),(708,'0','微信接口次数进行清零','upms','admin','2019-05-31 09:32:18',NULL,'127.0.0.1','Mozilla/5.0 (Windows NT 10.0; Win64; x64) AppleWebKit/537.36 (KHTML, like Gecko) Chrome/73.0.3683.86 Safari/537.36','/wxapp/quota','PUT','','2579','0',NULL,1),(709,'0','保存并发布菜单','upms','admin','2019-05-31 09:42:07',NULL,'127.0.0.1','Mozilla/5.0 (Windows NT 10.0; Win64; x64) AppleWebKit/537.36 (KHTML, like Gecko) Chrome/73.0.3683.86 Safari/537.36','/wxmenu','POST','','1162','0',NULL,1),(710,'0','微信接口次数进行清零','upms','admin','2019-05-31 10:24:15',NULL,'127.0.0.1','Mozilla/5.0 (Windows NT 10.0; Win64; x64) AppleWebKit/537.36 (KHTML, like Gecko) Chrome/73.0.3683.86 Safari/537.36','/wxapp/quota','PUT','','2896','0',NULL,1),(711,'0','修改消息自动回复','upms','admin','2019-05-31 10:24:31',NULL,'127.0.0.1','Mozilla/5.0 (Windows NT 10.0; Win64; x64) AppleWebKit/537.36 (KHTML, like Gecko) Chrome/73.0.3683.86 Safari/537.36','/wxautoreply','PUT','','82','0',NULL,1),(712,'0','修改微信用户备注','upms','admin','2019-05-31 14:58:36',NULL,'127.0.0.1','Mozilla/5.0 (Windows NT 10.0; Win64; x64) AppleWebKit/537.36 (KHTML, like Gecko) Chrome/73.0.3683.86 Safari/537.36','/wxuser/remark','PUT','','430','0',NULL,1),(713,'0','同步微信用户','upms','admin','2019-05-31 15:00:15',NULL,'127.0.0.1','Mozilla/5.0 (Windows NT 10.0; Win64; x64) AppleWebKit/537.36 (KHTML, like Gecko) Chrome/73.0.3683.86 Safari/537.36','/wxuser/synchron','POST','','941','0',NULL,1),(714,'0','修改微信用户备注','upms','admin','2019-05-31 15:00:32',NULL,'127.0.0.1','Mozilla/5.0 (Windows NT 10.0; Win64; x64) AppleWebKit/537.36 (KHTML, like Gecko) Chrome/73.0.3683.86 Safari/537.36','/wxuser/remark','PUT','','322','0',NULL,1),(715,'0','同步微信用户','upms','admin','2019-05-31 15:00:38',NULL,'127.0.0.1','Mozilla/5.0 (Windows NT 10.0; Win64; x64) AppleWebKit/537.36 (KHTML, like Gecko) Chrome/73.0.3683.86 Safari/537.36','/wxuser/synchron','POST','','498','0',NULL,1),(716,'0','删除微信用户标签','upms','admin','2019-05-31 15:05:47',NULL,'127.0.0.1','Mozilla/5.0 (Windows NT 10.0; Win64; x64) AppleWebKit/537.36 (KHTML, like Gecko) Chrome/73.0.3683.86 Safari/537.36','/wxusertags','DELETE','appId=%5Bwx6bbabe2a208f5463%5D&id=%5B100%5D','7','0',NULL,1),(717,'0','删除微信用户标签','upms','admin','2019-05-31 15:06:15',NULL,'127.0.0.1','Mozilla/5.0 (Windows NT 10.0; Win64; x64) AppleWebKit/537.36 (KHTML, like Gecko) Chrome/73.0.3683.86 Safari/537.36','/wxusertags','DELETE','appId=%5Bwx6bbabe2a208f5463%5D&id=%5B100%5D','216','0',NULL,1),(718,'0','新增微信用户标签','upms','admin','2019-05-31 15:06:25',NULL,'127.0.0.1','Mozilla/5.0 (Windows NT 10.0; Win64; x64) AppleWebKit/537.36 (KHTML, like Gecko) Chrome/73.0.3683.86 Safari/537.36','/wxusertags','POST','','199','0',NULL,1),(719,'0','微信接口次数进行清零','upms','admin','2019-05-31 15:43:58',NULL,'127.0.0.1','Mozilla/5.0 (Windows NT 10.0; Win64; x64) AppleWebKit/537.36 (KHTML, like Gecko) Chrome/73.0.3683.86 Safari/537.36','/wxapp/quota','PUT','','2961','0',NULL,1),(720,'0','保存并发布菜单','upms','admin','2019-05-31 15:44:18',NULL,'127.0.0.1','Mozilla/5.0 (Windows NT 10.0; Win64; x64) AppleWebKit/537.36 (KHTML, like Gecko) Chrome/73.0.3683.86 Safari/537.36','/wxmenu','POST','','778','0',NULL,1),(721,'0','微信接口次数进行清零','upms','admin','2019-05-31 15:56:29',NULL,'127.0.0.1','Mozilla/5.0 (Windows NT 10.0; Win64; x64) AppleWebKit/537.36 (KHTML, like Gecko) Chrome/73.0.3683.86 Safari/537.36','/wxapp/quota','PUT','','2793','0',NULL,1),(722,'0','更新角色菜单','upms','admin','2019-06-01 09:42:21',NULL,'127.0.0.1','Mozilla/5.0 (Windows NT 10.0; Win64; x64) AppleWebKit/537.36 (KHTML, like Gecko) Chrome/73.0.3683.75 Safari/537.36','/role/menu','PUT','roleId=%5B2%5D&menuIds=%5B8000000%2C8100000%2C8110000%2C8111000%2C8112000%2C8113000%2C8114000%2C8150000%2C8151000%2C8152000%2C8153000%2C8154000%2C8170000%2C8174000%2C8171000%2C8172000%2C8173000%2C8120000%2C8121000%2C8122000%2C8125000%2C8126000%2C8127000%2C8123000%2C8124000%2C8130000%2C8131000%2C8132000%2C8133000%2C8134000%2C8140000%2C8141000%2C8142000%2C8160000%2C8161000%2C8162000%2C8163000%2C8164000%2C2000000%2C2100000%2C2101000%2C2200000%2C2201000%2C2202000%2C2203000%2C2300000%2C2400000%2C2402000%2C2403000%2C2401000%2C2500000%2C2501000%2C2502000%2C2503000%2C2600000%2C2601000%2C2700000%2C2800000%2C2810000%2C2830000%2C2820000%2C1000000%2C1100000%2C1101000%2C1102000%2C1103000%2C1200000%2C1202000%2C1201000%2C1203000%2C1300000%2C1301000%2C1302000%2C1303000%2C1304000%2C1400000%2C1401000%2C1402000%2C1403000%2C%5D','132','0',NULL,2),(723,'0','更新角色菜单','upms','admin','2019-06-01 10:08:19',NULL,'127.0.0.1','Mozilla/5.0 (Windows NT 10.0; Win64; x64) AppleWebKit/537.36 (KHTML, like Gecko) Chrome/73.0.3683.75 Safari/537.36','/role/menu','PUT','roleId=%5B2%5D&menuIds=%5B8110000%2C8111000%2C8112000%2C8113000%2C8114000%2C8150000%2C8151000%2C8152000%2C8153000%2C8154000%2C8120000%2C8121000%2C8122000%2C8125000%2C8126000%2C8127000%2C8123000%2C8124000%2C8130000%2C8131000%2C8132000%2C8133000%2C8134000%2C8140000%2C8141000%2C8142000%2C8160000%2C8161000%2C8162000%2C8163000%2C8164000%2C2000000%2C2100000%2C2101000%2C2200000%2C2201000%2C2202000%2C2203000%2C2300000%2C2400000%2C2402000%2C2403000%2C2401000%2C2500000%2C2501000%2C2502000%2C2503000%2C2600000%2C2601000%2C2700000%2C2800000%2C2810000%2C2830000%2C2820000%2C1000000%2C1100000%2C1101000%2C1102000%2C1103000%2C1200000%2C1202000%2C1201000%2C1203000%2C1300000%2C1301000%2C1302000%2C1303000%2C1304000%2C1400000%2C1401000%2C1402000%2C1403000%2C8000000%2C8100000%5D','103','0',NULL,2),(724,'0','更新角色菜单','upms','admin','2019-06-01 10:08:56',NULL,'127.0.0.1','Mozilla/5.0 (Windows NT 10.0; Win64; x64) AppleWebKit/537.36 (KHTML, like Gecko) Chrome/73.0.3683.75 Safari/537.36','/role/menu','PUT','roleId=%5B2%5D&menuIds=%5B8000000%2C8100000%2C8110000%2C8111000%2C8112000%2C8113000%2C8114000%2C8150000%2C8151000%2C8152000%2C8153000%2C8154000%2C8170000%2C8174000%2C8171000%2C8172000%2C8173000%2C8120000%2C8121000%2C8122000%2C8125000%2C8126000%2C8127000%2C8123000%2C8124000%2C8130000%2C8131000%2C8132000%2C8133000%2C8134000%2C8140000%2C8141000%2C8142000%2C8160000%2C8161000%2C8162000%2C8163000%2C8164000%2C2000000%2C2100000%2C2101000%2C2200000%2C2201000%2C2202000%2C2203000%2C2300000%2C2400000%2C2402000%2C2403000%2C2401000%2C2500000%2C2501000%2C2502000%2C2503000%2C2600000%2C2601000%2C2700000%2C2800000%2C2810000%2C2830000%2C2820000%2C1000000%2C1100000%2C1101000%2C1102000%2C1103000%2C1200000%2C1202000%2C1201000%2C1203000%2C1300000%2C1301000%2C1302000%2C1303000%2C1304000%2C1400000%2C1401000%2C1402000%2C1403000%2C%5D','73','0',NULL,2),(725,'0','新增微信账号配置','upms','admin','2019-06-02 09:48:46',NULL,'127.0.0.1','Mozilla/5.0 (Windows NT 10.0; Win64; x64) AppleWebKit/537.36 (KHTML, like Gecko) Chrome/73.0.3683.75 Safari/537.36','/wxapp','POST','','623','0',NULL,1),(726,'0','保存并发布菜单','upms','admin','2019-06-02 09:57:23',NULL,'127.0.0.1','Mozilla/5.0 (Windows NT 10.0; Win64; x64) AppleWebKit/537.36 (KHTML, like Gecko) Chrome/73.0.3683.75 Safari/537.36','/wxmenu','POST','','767','0',NULL,1),(727,'0','新增微信账号配置','upms','admin','2019-06-02 10:01:00',NULL,'127.0.0.1','Mozilla/5.0 (Windows NT 10.0; Win64; x64) AppleWebKit/537.36 (KHTML, like Gecko) Chrome/73.0.3683.75 Safari/537.36','/wxapp','POST','','612','0',NULL,1),(728,'0','同步微信用户','upms','admin','2019-06-02 10:01:23',NULL,'127.0.0.1','Mozilla/5.0 (Windows NT 10.0; Win64; x64) AppleWebKit/537.36 (KHTML, like Gecko) Chrome/73.0.3683.75 Safari/537.36','/wxuser/synchron','POST','','229','0',NULL,1),(729,'0','微信接口次数进行清零','upms','admin','2019-06-02 10:03:34',NULL,'127.0.0.1','Mozilla/5.0 (Windows NT 10.0; Win64; x64) AppleWebKit/537.36 (KHTML, like Gecko) Chrome/73.0.3683.75 Safari/537.36','/wxapp/quota','PUT','','5036','0',NULL,1),(730,'0','微信接口次数进行清零','upms','admin','2019-06-02 10:03:44',NULL,'127.0.0.1','Mozilla/5.0 (Windows NT 10.0; Win64; x64) AppleWebKit/537.36 (KHTML, like Gecko) Chrome/73.0.3683.75 Safari/537.36','/wxapp/quota','PUT','','1552','0',NULL,1),(731,'0','微信接口次数进行清零','upms','admin','2019-06-02 10:10:23',NULL,'127.0.0.1','Mozilla/5.0 (Windows NT 10.0; Win64; x64) AppleWebKit/537.36 (KHTML, like Gecko) Chrome/73.0.3683.75 Safari/537.36','/wxapp/quota','PUT','','2749','0',NULL,1),(732,'0','保存并发布菜单','upms','admin','2019-06-02 10:13:04',NULL,'127.0.0.1','Mozilla/5.0 (Windows NT 10.0; Win64; x64) AppleWebKit/537.36 (KHTML, like Gecko) Chrome/73.0.3683.75 Safari/537.36','/wxmenu','POST','','365','0',NULL,1),(733,'0','保存并发布菜单','upms','admin','2019-06-02 10:15:50',NULL,'127.0.0.1','Mozilla/5.0 (Windows NT 10.0; Win64; x64) AppleWebKit/537.36 (KHTML, like Gecko) Chrome/73.0.3683.75 Safari/537.36','/wxmenu','POST','','944','0',NULL,1),(734,'0','添加字典','upms','admin','2019-06-02 10:22:00',NULL,'127.0.0.1','Mozilla/5.0 (Windows NT 10.0; Win64; x64) AppleWebKit/537.36 (KHTML, like Gecko) Chrome/73.0.3683.75 Safari/537.36','/dict','POST','','8','0',NULL,1),(735,'0','新增字典项','upms','admin','2019-06-02 10:23:46',NULL,'127.0.0.1','Mozilla/5.0 (Windows NT 10.0; Win64; x64) AppleWebKit/537.36 (KHTML, like Gecko) Chrome/73.0.3683.75 Safari/537.36','/dict/item','POST','','17','0',NULL,1),(736,'0','新增字典项','upms','admin','2019-06-02 10:24:11',NULL,'127.0.0.1','Mozilla/5.0 (Windows NT 10.0; Win64; x64) AppleWebKit/537.36 (KHTML, like Gecko) Chrome/73.0.3683.75 Safari/537.36','/dict/item','POST','','24','0',NULL,1),(737,'0','新增字典项','upms','admin','2019-06-02 10:24:34',NULL,'127.0.0.1','Mozilla/5.0 (Windows NT 10.0; Win64; x64) AppleWebKit/537.36 (KHTML, like Gecko) Chrome/73.0.3683.75 Safari/537.36','/dict/item','POST','','17','0',NULL,1),(738,'0','添加字典','upms','admin','2019-06-02 10:27:25',NULL,'127.0.0.1','Mozilla/5.0 (Windows NT 10.0; Win64; x64) AppleWebKit/537.36 (KHTML, like Gecko) Chrome/73.0.3683.75 Safari/537.36','/dict','POST','','15','0',NULL,1),(739,'0','新增字典项','upms','admin','2019-06-02 10:28:04',NULL,'127.0.0.1','Mozilla/5.0 (Windows NT 10.0; Win64; x64) AppleWebKit/537.36 (KHTML, like Gecko) Chrome/73.0.3683.75 Safari/537.36','/dict/item','POST','','12','0',NULL,1),(740,'0','新增字典项','upms','admin','2019-06-02 10:28:21',NULL,'127.0.0.1','Mozilla/5.0 (Windows NT 10.0; Win64; x64) AppleWebKit/537.36 (KHTML, like Gecko) Chrome/73.0.3683.75 Safari/537.36','/dict/item','POST','','20','0',NULL,1),(741,'0','新增字典项','upms','admin','2019-06-02 10:28:40',NULL,'127.0.0.1','Mozilla/5.0 (Windows NT 10.0; Win64; x64) AppleWebKit/537.36 (KHTML, like Gecko) Chrome/73.0.3683.75 Safari/537.36','/dict/item','POST','','23','0',NULL,1),(742,'0','新增字典项','upms','admin','2019-06-02 10:28:58',NULL,'127.0.0.1','Mozilla/5.0 (Windows NT 10.0; Win64; x64) AppleWebKit/537.36 (KHTML, like Gecko) Chrome/73.0.3683.75 Safari/537.36','/dict/item','POST','','21','0',NULL,1),(743,'0','新增字典项','upms','admin','2019-06-02 10:29:18',NULL,'127.0.0.1','Mozilla/5.0 (Windows NT 10.0; Win64; x64) AppleWebKit/537.36 (KHTML, like Gecko) Chrome/73.0.3683.75 Safari/537.36','/dict/item','POST','','20','0',NULL,1),(744,'0','新增字典项','upms','admin','2019-06-02 10:29:36',NULL,'127.0.0.1','Mozilla/5.0 (Windows NT 10.0; Win64; x64) AppleWebKit/537.36 (KHTML, like Gecko) Chrome/73.0.3683.75 Safari/537.36','/dict/item','POST','','15','0',NULL,1),(745,'0','新增字典项','upms','admin','2019-06-02 10:29:50',NULL,'127.0.0.1','Mozilla/5.0 (Windows NT 10.0; Win64; x64) AppleWebKit/537.36 (KHTML, like Gecko) Chrome/73.0.3683.75 Safari/537.36','/dict/item','POST','','21','0',NULL,1),(746,'0','新增字典项','upms','admin','2019-06-02 10:30:06',NULL,'127.0.0.1','Mozilla/5.0 (Windows NT 10.0; Win64; x64) AppleWebKit/537.36 (KHTML, like Gecko) Chrome/73.0.3683.75 Safari/537.36','/dict/item','POST','','25','0',NULL,1),(747,'0','修改字典项','upms','admin','2019-06-02 10:30:12',NULL,'127.0.0.1','Mozilla/5.0 (Windows NT 10.0; Win64; x64) AppleWebKit/537.36 (KHTML, like Gecko) Chrome/73.0.3683.75 Safari/537.36','/dict/item','PUT','','19','0',NULL,1),(748,'0','添加字典','upms','admin','2019-06-02 10:31:16',NULL,'127.0.0.1','Mozilla/5.0 (Windows NT 10.0; Win64; x64) AppleWebKit/537.36 (KHTML, like Gecko) Chrome/73.0.3683.75 Safari/537.36','/dict','POST','','15','0',NULL,1),(749,'0','新增字典项','upms','admin','2019-06-02 10:31:31',NULL,'127.0.0.1','Mozilla/5.0 (Windows NT 10.0; Win64; x64) AppleWebKit/537.36 (KHTML, like Gecko) Chrome/73.0.3683.75 Safari/537.36','/dict/item','POST','','14','0',NULL,1),(750,'0','新增字典项','upms','admin','2019-06-02 10:31:43',NULL,'127.0.0.1','Mozilla/5.0 (Windows NT 10.0; Win64; x64) AppleWebKit/537.36 (KHTML, like Gecko) Chrome/73.0.3683.75 Safari/537.36','/dict/item','POST','','11','0',NULL,1),(751,'0','新增字典项','upms','admin','2019-06-02 10:31:55',NULL,'127.0.0.1','Mozilla/5.0 (Windows NT 10.0; Win64; x64) AppleWebKit/537.36 (KHTML, like Gecko) Chrome/73.0.3683.75 Safari/537.36','/dict/item','POST','','7','0',NULL,1),(752,'0','微信接口次数进行清零','upms','admin','2019-06-03 11:38:03',NULL,'127.0.0.1','Mozilla/5.0 (Windows NT 10.0; Win64; x64) AppleWebKit/537.36 (KHTML, like Gecko) Chrome/73.0.3683.86 Safari/537.36','/wxapp/quota','PUT','','5036','0',NULL,1),(753,'0','新增消息自动回复','upms','admin','2019-06-03 12:10:51',NULL,'127.0.0.1','Mozilla/5.0 (Windows NT 10.0; Win64; x64) AppleWebKit/537.36 (KHTML, like Gecko) Chrome/73.0.3683.86 Safari/537.36','/wxautoreply','POST','','104','0',NULL,1),(754,'0','新增消息自动回复','upms','admin','2019-06-03 12:11:02',NULL,'127.0.0.1','Mozilla/5.0 (Windows NT 10.0; Win64; x64) AppleWebKit/537.36 (KHTML, like Gecko) Chrome/73.0.3683.86 Safari/537.36','/wxautoreply','POST','','87','0',NULL,1),(755,'0','新增消息自动回复','upms','admin','2019-06-03 12:11:14',NULL,'127.0.0.1','Mozilla/5.0 (Windows NT 10.0; Win64; x64) AppleWebKit/537.36 (KHTML, like Gecko) Chrome/73.0.3683.86 Safari/537.36','/wxautoreply','POST','','63','0',NULL,1),(756,'0','新增消息自动回复','upms','admin','2019-06-03 12:13:49',NULL,'127.0.0.1','Mozilla/5.0 (Windows NT 10.0; Win64; x64) AppleWebKit/537.36 (KHTML, like Gecko) Chrome/73.0.3683.86 Safari/537.36','/wxautoreply','POST','','82','0',NULL,1),(757,'0','新增消息自动回复','upms','admin','2019-06-03 12:14:00',NULL,'127.0.0.1','Mozilla/5.0 (Windows NT 10.0; Win64; x64) AppleWebKit/537.36 (KHTML, like Gecko) Chrome/73.0.3683.86 Safari/537.36','/wxautoreply','POST','','100','0',NULL,1),(758,'0','新增消息自动回复','upms','admin','2019-06-03 12:14:12',NULL,'127.0.0.1','Mozilla/5.0 (Windows NT 10.0; Win64; x64) AppleWebKit/537.36 (KHTML, like Gecko) Chrome/73.0.3683.86 Safari/537.36','/wxautoreply','POST','','47','0',NULL,1),(759,'0','新增消息自动回复','upms','admin','2019-06-03 12:14:20',NULL,'127.0.0.1','Mozilla/5.0 (Windows NT 10.0; Win64; x64) AppleWebKit/537.36 (KHTML, like Gecko) Chrome/73.0.3683.86 Safari/537.36','/wxautoreply','POST','','76','0',NULL,1),(760,'0','新增消息自动回复','upms','admin','2019-06-03 12:14:26',NULL,'127.0.0.1','Mozilla/5.0 (Windows NT 10.0; Win64; x64) AppleWebKit/537.36 (KHTML, like Gecko) Chrome/73.0.3683.86 Safari/537.36','/wxautoreply','POST','','73','0',NULL,1),(761,'0','新增微信消息','upms','admin','2019-06-03 16:01:30',NULL,'127.0.0.1','Mozilla/5.0 (Windows NT 10.0; Win64; x64) AppleWebKit/537.36 (KHTML, like Gecko) Chrome/73.0.3683.86 Safari/537.36','/wxmsg','POST','','284','0',NULL,1),(762,'0','新增微信消息','upms','admin','2019-06-03 16:08:36',NULL,'127.0.0.1','Mozilla/5.0 (Windows NT 10.0; Win64; x64) AppleWebKit/537.36 (KHTML, like Gecko) Chrome/73.0.3683.86 Safari/537.36','/wxmsg','POST','','370','0',NULL,1),(763,'0','新增微信消息','upms','admin','2019-06-03 16:08:51',NULL,'127.0.0.1','Mozilla/5.0 (Windows NT 10.0; Win64; x64) AppleWebKit/537.36 (KHTML, like Gecko) Chrome/73.0.3683.86 Safari/537.36','/wxmsg','POST','','251','0',NULL,1),(764,'0','新增微信消息','upms','admin','2019-06-03 16:15:13',NULL,'127.0.0.1','Mozilla/5.0 (Windows NT 10.0; Win64; x64) AppleWebKit/537.36 (KHTML, like Gecko) Chrome/73.0.3683.86 Safari/537.36','/wxmsg','POST','','178856','0',NULL,1),(765,'0','新增微信消息','upms','admin','2019-06-03 16:29:31',NULL,'127.0.0.1','Mozilla/5.0 (Windows NT 10.0; Win64; x64) AppleWebKit/537.36 (KHTML, like Gecko) Chrome/73.0.3683.86 Safari/537.36','/wxmsg','POST','','816','0',NULL,1),(766,'0','新增微信消息','upms','admin','2019-06-03 16:38:20',NULL,'127.0.0.1','Mozilla/5.0 (Windows NT 10.0; Win64; x64) AppleWebKit/537.36 (KHTML, like Gecko) Chrome/73.0.3683.86 Safari/537.36','/wxmsg','POST','','732','0',NULL,1),(767,'0','新增微信消息','upms','admin','2019-06-03 16:39:10',NULL,'127.0.0.1','Mozilla/5.0 (Windows NT 10.0; Win64; x64) AppleWebKit/537.36 (KHTML, like Gecko) Chrome/73.0.3683.86 Safari/537.36','/wxmsg','POST','','367','0',NULL,1),(768,'0','新增微信消息','upms','admin','2019-06-03 16:40:56',NULL,'127.0.0.1','Mozilla/5.0 (Windows NT 10.0; Win64; x64) AppleWebKit/537.36 (KHTML, like Gecko) Chrome/73.0.3683.86 Safari/537.36','/wxmsg','POST','','656','0',NULL,1),(769,'0','新增微信消息','upms','admin','2019-06-03 16:41:45',NULL,'127.0.0.1','Mozilla/5.0 (Windows NT 10.0; Win64; x64) AppleWebKit/537.36 (KHTML, like Gecko) Chrome/73.0.3683.86 Safari/537.36','/wxmsg','POST','','327','0',NULL,1),(770,'0','新增微信消息','upms','admin','2019-06-03 16:42:24',NULL,'127.0.0.1','Mozilla/5.0 (Windows NT 10.0; Win64; x64) AppleWebKit/537.36 (KHTML, like Gecko) Chrome/73.0.3683.86 Safari/537.36','/wxmsg','POST','','482','0',NULL,1),(771,'0','新增微信消息','upms','admin','2019-06-03 16:43:57',NULL,'127.0.0.1','Mozilla/5.0 (Windows NT 10.0; Win64; x64) AppleWebKit/537.36 (KHTML, like Gecko) Chrome/73.0.3683.86 Safari/537.36','/wxmsg','POST','','454','0',NULL,1),(772,'0','新增微信消息','upms','admin','2019-06-03 16:44:03',NULL,'127.0.0.1','Mozilla/5.0 (Windows NT 10.0; Win64; x64) AppleWebKit/537.36 (KHTML, like Gecko) Chrome/73.0.3683.86 Safari/537.36','/wxmsg','POST','','320','0',NULL,1),(773,'0','新增微信消息','upms','admin','2019-06-03 16:44:03',NULL,'127.0.0.1','Mozilla/5.0 (Windows NT 10.0; Win64; x64) AppleWebKit/537.36 (KHTML, like Gecko) Chrome/73.0.3683.86 Safari/537.36','/wxmsg','POST','','297','0',NULL,1),(774,'0','新增微信消息','upms','admin','2019-06-03 16:44:04',NULL,'127.0.0.1','Mozilla/5.0 (Windows NT 10.0; Win64; x64) AppleWebKit/537.36 (KHTML, like Gecko) Chrome/73.0.3683.86 Safari/537.36','/wxmsg','POST','','200','0',NULL,1),(775,'0','新增微信消息','upms','admin','2019-06-03 16:45:24',NULL,'127.0.0.1','Mozilla/5.0 (Windows NT 10.0; Win64; x64) AppleWebKit/537.36 (KHTML, like Gecko) Chrome/73.0.3683.86 Safari/537.36','/wxmsg','POST','','461','0',NULL,1),(776,'0','新增微信消息','upms','admin','2019-06-03 16:46:39',NULL,'127.0.0.1','Mozilla/5.0 (Windows NT 10.0; Win64; x64) AppleWebKit/537.36 (KHTML, like Gecko) Chrome/73.0.3683.86 Safari/537.36','/wxmsg','POST','','445','0',NULL,1),(777,'0','新增微信消息','upms','admin','2019-06-03 17:14:20',NULL,'127.0.0.1','Mozilla/5.0 (Windows NT 10.0; Win64; x64) AppleWebKit/537.36 (KHTML, like Gecko) Chrome/73.0.3683.86 Safari/537.36','/wxmsg','POST','','545','0',NULL,1),(778,'0','新增微信消息','upms','admin','2019-06-03 18:09:23',NULL,'127.0.0.1','Mozilla/5.0 (Windows NT 10.0; Win64; x64) AppleWebKit/537.36 (KHTML, like Gecko) Chrome/73.0.3683.86 Safari/537.36','/wxmsg','POST','','424','0',NULL,1),(779,'0','新增微信消息','upms','admin','2019-06-03 18:09:33',NULL,'127.0.0.1','Mozilla/5.0 (Windows NT 10.0; Win64; x64) AppleWebKit/537.36 (KHTML, like Gecko) Chrome/73.0.3683.86 Safari/537.36','/wxmsg','POST','','376','0',NULL,1),(780,'0','微信接口次数进行清零','upms','admin','2019-06-03 18:12:16',NULL,'127.0.0.1','Mozilla/5.0 (Windows NT 10.0; Win64; x64) AppleWebKit/537.36 (KHTML, like Gecko) Chrome/73.0.3683.86 Safari/537.36','/wxapp/quota','PUT','','5020','0',NULL,1),(781,'0','新增微信消息','upms','admin','2019-06-03 18:18:42',NULL,'127.0.0.1','Mozilla/5.0 (Windows NT 10.0; Win64; x64) AppleWebKit/537.36 (KHTML, like Gecko) Chrome/73.0.3683.86 Safari/537.36','/wxmsg','POST','','567','0',NULL,1),(782,'0','新增微信消息','upms','admin','2019-06-04 09:08:23',NULL,'127.0.0.1','Mozilla/5.0 (Windows NT 10.0; Win64; x64) AppleWebKit/537.36 (KHTML, like Gecko) Chrome/73.0.3683.86 Safari/537.36','/wxmsg','POST','','509','0',NULL,1),(783,'0','微信接口次数进行清零','upms','admin','2019-06-04 09:19:59',NULL,'127.0.0.1','Mozilla/5.0 (Windows NT 10.0; Win64; x64) AppleWebKit/537.36 (KHTML, like Gecko) Chrome/73.0.3683.86 Safari/537.36','/wxapp/quota','PUT','','5018','0',NULL,1),(784,'0','微信接口次数进行清零','upms','admin','2019-06-04 09:48:44',NULL,'127.0.0.1','Mozilla/5.0 (Windows NT 10.0; Win64; x64) AppleWebKit/537.36 (KHTML, like Gecko) Chrome/73.0.3683.86 Safari/537.36','/wxapp/quota','PUT','','248','0',NULL,1),(785,'0','微信接口次数进行清零','upms','admin','2019-06-04 10:10:00',NULL,'127.0.0.1','Mozilla/5.0 (Windows NT 10.0; Win64; x64) AppleWebKit/537.36 (KHTML, like Gecko) Chrome/73.0.3683.86 Safari/537.36','/wxapp/quota','PUT','','5013','0',NULL,1),(786,'0','微信接口次数进行清零','upms','admin','2019-06-04 10:18:39',NULL,'127.0.0.1','Mozilla/5.0 (Windows NT 10.0; Win64; x64) AppleWebKit/537.36 (KHTML, like Gecko) Chrome/73.0.3683.86 Safari/537.36','/wxapp/quota','PUT','','323','0',NULL,1),(787,'0','微信接口次数进行清零','upms','admin','2019-06-04 10:18:48',NULL,'127.0.0.1','Mozilla/5.0 (Windows NT 10.0; Win64; x64) AppleWebKit/537.36 (KHTML, like Gecko) Chrome/73.0.3683.86 Safari/537.36','/wxapp/quota','PUT','','2709','0',NULL,1),(788,'0','新增微信消息','upms','admin','2019-06-04 11:13:37',NULL,'127.0.0.1','Mozilla/5.0 (Windows NT 10.0; Win64; x64) AppleWebKit/537.36 (KHTML, like Gecko) Chrome/73.0.3683.86 Safari/537.36','/wxmsg','POST','','683','0',NULL,1),(789,'0','删除微信账号配置','upms','admin','2019-06-04 11:48:01',NULL,'127.0.0.1','Mozilla/5.0 (Windows NT 10.0; Win64; x64) AppleWebKit/537.36 (KHTML, like Gecko) Chrome/73.0.3683.86 Safari/537.36','/wxapp/wx3a9b793d90227207','DELETE','','97','0',NULL,1),(790,'0','删除微信账号配置','upms','admin','2019-06-04 11:48:04',NULL,'127.0.0.1','Mozilla/5.0 (Windows NT 10.0; Win64; x64) AppleWebKit/537.36 (KHTML, like Gecko) Chrome/73.0.3683.86 Safari/537.36','/wxapp/wx49b06760bcc8b2eb','DELETE','','76','0',NULL,1),(791,'0','删除微信账号配置','upms','admin','2019-06-04 11:48:08',NULL,'127.0.0.1','Mozilla/5.0 (Windows NT 10.0; Win64; x64) AppleWebKit/537.36 (KHTML, like Gecko) Chrome/73.0.3683.86 Safari/537.36','/wxapp/wxfd19ebed74478150','DELETE','','86','0',NULL,1),(792,'0','删除消息自动回复','upms','admin','2019-06-04 22:23:13',NULL,'127.0.0.1','Mozilla/5.0 (Windows NT 10.0; Win64; x64) AppleWebKit/537.36 (KHTML, like Gecko) Chrome/73.0.3683.75 Safari/537.36','/wxautoreply/098fc5ac4b0a1f4a84a891e959c1db8d','DELETE','','16','0',NULL,1),(793,'0','新增微信消息','upms','admin','2019-06-04 22:24:37',NULL,'127.0.0.1','Mozilla/5.0 (Windows NT 10.0; Win64; x64) AppleWebKit/537.36 (KHTML, like Gecko) Chrome/73.0.3683.75 Safari/537.36','/wxmsg','POST','','468','0',NULL,1),(794,'0','新增微信消息','upms','admin','2019-06-04 22:32:53',NULL,'127.0.0.1','Mozilla/5.0 (Windows NT 10.0; Win64; x64) AppleWebKit/537.36 (KHTML, like Gecko) Chrome/73.0.3683.75 Safari/537.36','/wxmsg','POST','','380','0',NULL,1),(795,'0','新增微信消息','upms','admin','2019-06-05 18:13:51',NULL,'127.0.0.1','Mozilla/5.0 (Windows NT 10.0; Win64; x64) AppleWebKit/537.36 (KHTML, like Gecko) Chrome/73.0.3683.86 Safari/537.36','/wxmsg','POST','','463','0',NULL,1),(796,'0','保存并发布菜单','upms','admin','2019-06-05 18:18:39',NULL,'127.0.0.1','Mozilla/5.0 (Windows NT 10.0; Win64; x64) AppleWebKit/537.36 (KHTML, like Gecko) Chrome/73.0.3683.86 Safari/537.36','/wxmenu','POST','','1009','0',NULL,1),(797,'0','新增微信消息','upms','admin','2019-06-05 19:33:45',NULL,'127.0.0.1','Mozilla/5.0 (Windows NT 10.0; Win64; x64) AppleWebKit/537.36 (KHTML, like Gecko) Chrome/73.0.3683.75 Safari/537.36','/wxmsg','POST','','488','0',NULL,1),(798,'0','新增消息自动回复','upms','admin','2019-06-05 19:44:12',NULL,'127.0.0.1','Mozilla/5.0 (Windows NT 10.0; Win64; x64) AppleWebKit/537.36 (KHTML, like Gecko) Chrome/73.0.3683.75 Safari/537.36','/wxautoreply','POST','','337','0',NULL,1),(799,'0','新增微信消息','upms','admin','2019-06-05 19:44:39',NULL,'127.0.0.1','Mozilla/5.0 (Windows NT 10.0; Win64; x64) AppleWebKit/537.36 (KHTML, like Gecko) Chrome/73.0.3683.75 Safari/537.36','/wxmsg','POST','','425','0',NULL,1),(800,'0','新增微信消息','upms','admin','2019-06-05 20:31:57',NULL,'127.0.0.1','Mozilla/5.0 (Windows NT 10.0; Win64; x64) AppleWebKit/537.36 (KHTML, like Gecko) Chrome/73.0.3683.75 Safari/537.36','/wxmsg','POST','','489','0',NULL,1),(801,'0','新增微信消息','upms','admin','2019-06-05 20:34:44',NULL,'127.0.0.1','Mozilla/5.0 (Windows NT 10.0; Win64; x64) AppleWebKit/537.36 (KHTML, like Gecko) Chrome/73.0.3683.75 Safari/537.36','/wxmsg','POST','','423','0',NULL,1),(802,'0','新增微信消息','upms','admin','2019-06-05 20:35:01',NULL,'127.0.0.1','Mozilla/5.0 (Windows NT 10.0; Win64; x64) AppleWebKit/537.36 (KHTML, like Gecko) Chrome/73.0.3683.75 Safari/537.36','/wxmsg','POST','','359','0',NULL,1),(803,'0','修改微信消息','upms','admin','2019-06-05 20:42:02',NULL,'127.0.0.1','Mozilla/5.0 (Windows NT 10.0; Win64; x64) AppleWebKit/537.36 (KHTML, like Gecko) Chrome/73.0.3683.75 Safari/537.36','/wxmsg','PUT','','0','0',NULL,1),(804,'0','修改微信消息','upms','admin','2019-06-05 20:45:10',NULL,'127.0.0.1','Mozilla/5.0 (Windows NT 10.0; Win64; x64) AppleWebKit/537.36 (KHTML, like Gecko) Chrome/73.0.3683.75 Safari/537.36','/wxmsg','PUT','','18','0',NULL,1),(805,'0','修改微信消息','upms','admin','2019-06-05 20:46:14',NULL,'127.0.0.1','Mozilla/5.0 (Windows NT 10.0; Win64; x64) AppleWebKit/537.36 (KHTML, like Gecko) Chrome/73.0.3683.75 Safari/537.36','/wxmsg','PUT','','16','0',NULL,1),(806,'0','修改微信消息','upms','admin','2019-06-05 20:46:36',NULL,'127.0.0.1','Mozilla/5.0 (Windows NT 10.0; Win64; x64) AppleWebKit/537.36 (KHTML, like Gecko) Chrome/73.0.3683.75 Safari/537.36','/wxmsg','PUT','','16','0',NULL,1),(807,'0','修改微信消息','upms','admin','2019-06-05 20:46:58',NULL,'127.0.0.1','Mozilla/5.0 (Windows NT 10.0; Win64; x64) AppleWebKit/537.36 (KHTML, like Gecko) Chrome/73.0.3683.75 Safari/537.36','/wxmsg','PUT','','9','0',NULL,1),(808,'0','修改微信消息','upms','admin','2019-06-05 20:46:58',NULL,'127.0.0.1','Mozilla/5.0 (Windows NT 10.0; Win64; x64) AppleWebKit/537.36 (KHTML, like Gecko) Chrome/73.0.3683.75 Safari/537.36','/wxmsg','PUT','','13','0',NULL,1),(809,'0','修改微信消息','upms','admin','2019-06-05 20:47:11',NULL,'127.0.0.1','Mozilla/5.0 (Windows NT 10.0; Win64; x64) AppleWebKit/537.36 (KHTML, like Gecko) Chrome/73.0.3683.75 Safari/537.36','/wxmsg','PUT','','19','0',NULL,1),(810,'0','修改微信消息','upms','admin','2019-06-05 20:47:11',NULL,'127.0.0.1','Mozilla/5.0 (Windows NT 10.0; Win64; x64) AppleWebKit/537.36 (KHTML, like Gecko) Chrome/73.0.3683.75 Safari/537.36','/wxmsg','PUT','','19','0',NULL,1),(811,'0','修改微信消息','upms','admin','2019-06-05 20:48:44',NULL,'127.0.0.1','Mozilla/5.0 (Windows NT 10.0; Win64; x64) AppleWebKit/537.36 (KHTML, like Gecko) Chrome/73.0.3683.75 Safari/537.36','/wxmsg','PUT','','21','0',NULL,1),(812,'0','修改微信消息','upms','admin','2019-06-05 20:49:03',NULL,'127.0.0.1','Mozilla/5.0 (Windows NT 10.0; Win64; x64) AppleWebKit/537.36 (KHTML, like Gecko) Chrome/73.0.3683.75 Safari/537.36','/wxmsg','PUT','','17','0',NULL,1),(813,'0','修改微信消息','upms','admin','2019-06-05 20:49:14',NULL,'127.0.0.1','Mozilla/5.0 (Windows NT 10.0; Win64; x64) AppleWebKit/537.36 (KHTML, like Gecko) Chrome/73.0.3683.75 Safari/537.36','/wxmsg','PUT','','16','0',NULL,1),(814,'0','修改微信消息','upms','admin','2019-06-05 20:49:19',NULL,'127.0.0.1','Mozilla/5.0 (Windows NT 10.0; Win64; x64) AppleWebKit/537.36 (KHTML, like Gecko) Chrome/73.0.3683.75 Safari/537.36','/wxmsg','PUT','','7','0',NULL,1),(815,'0','修改微信消息','upms','admin','2019-06-05 20:49:24',NULL,'127.0.0.1','Mozilla/5.0 (Windows NT 10.0; Win64; x64) AppleWebKit/537.36 (KHTML, like Gecko) Chrome/73.0.3683.75 Safari/537.36','/wxmsg','PUT','','16','0',NULL,1),(816,'0','修改微信消息','upms','admin','2019-06-05 20:49:33',NULL,'127.0.0.1','Mozilla/5.0 (Windows NT 10.0; Win64; x64) AppleWebKit/537.36 (KHTML, like Gecko) Chrome/73.0.3683.75 Safari/537.36','/wxmsg','PUT','','19','0',NULL,1),(817,'0','修改微信消息','upms','admin','2019-06-05 20:49:48',NULL,'127.0.0.1','Mozilla/5.0 (Windows NT 10.0; Win64; x64) AppleWebKit/537.36 (KHTML, like Gecko) Chrome/73.0.3683.75 Safari/537.36','/wxmsg','PUT','','25','0',NULL,1),(818,'0','新增微信消息','upms','admin','2019-06-05 22:17:40',NULL,'127.0.0.1','Mozilla/5.0 (Windows NT 10.0; Win64; x64) AppleWebKit/537.36 (KHTML, like Gecko) Chrome/73.0.3683.75 Safari/537.36','/wxmsg','POST','','683','0',NULL,1),(819,'0','修改微信消息','upms','admin','2019-06-06 20:55:05',NULL,'127.0.0.1','Mozilla/5.0 (Windows NT 10.0; Win64; x64) AppleWebKit/537.36 (KHTML, like Gecko) Chrome/73.0.3683.75 Safari/537.36','/wxmsg','PUT','','16','0',NULL,1),(820,'0','新增微信消息','upms','admin','2019-06-06 20:55:14',NULL,'127.0.0.1','Mozilla/5.0 (Windows NT 10.0; Win64; x64) AppleWebKit/537.36 (KHTML, like Gecko) Chrome/73.0.3683.75 Safari/537.36','/wxmsg','POST','','395','0',NULL,1),(821,'0','修改微信消息','upms','admin','2019-06-06 20:55:19',NULL,'127.0.0.1','Mozilla/5.0 (Windows NT 10.0; Win64; x64) AppleWebKit/537.36 (KHTML, like Gecko) Chrome/73.0.3683.75 Safari/537.36','/wxmsg','PUT','','40','0',NULL,1),(822,'0','修改微信消息','upms','admin','2019-06-06 20:55:24',NULL,'127.0.0.1','Mozilla/5.0 (Windows NT 10.0; Win64; x64) AppleWebKit/537.36 (KHTML, like Gecko) Chrome/73.0.3683.75 Safari/537.36','/wxmsg','PUT','','9','0',NULL,1),(823,'0','新增微信消息','upms','admin','2019-06-07 01:59:22',NULL,'127.0.0.1','Mozilla/5.0 (Windows NT 10.0; Win64; x64) AppleWebKit/537.36 (KHTML, like Gecko) Chrome/73.0.3683.75 Safari/537.36','/wxmsg','POST','','841','0',NULL,1),(824,'0','修改微信消息','upms','admin','2019-06-07 01:59:32',NULL,'127.0.0.1','Mozilla/5.0 (Windows NT 10.0; Win64; x64) AppleWebKit/537.36 (KHTML, like Gecko) Chrome/73.0.3683.75 Safari/537.36','/wxmsg','PUT','','0','0',NULL,1),(825,'0','新增微信消息','upms','admin','2019-06-07 12:19:04',NULL,'127.0.0.1','Mozilla/5.0 (Windows NT 10.0; Win64; x64) AppleWebKit/537.36 (KHTML, like Gecko) Chrome/73.0.3683.75 Safari/537.36','/wxmsg','POST','','680','0',NULL,1),(826,'0','新增微信消息','upms','admin','2019-06-07 12:19:09',NULL,'127.0.0.1','Mozilla/5.0 (Windows NT 10.0; Win64; x64) AppleWebKit/537.36 (KHTML, like Gecko) Chrome/73.0.3683.75 Safari/537.36','/wxmsg','POST','','324','0',NULL,1),(827,'0','新增微信消息','upms','admin','2019-06-07 12:20:16',NULL,'127.0.0.1','Mozilla/5.0 (Windows NT 10.0; Win64; x64) AppleWebKit/537.36 (KHTML, like Gecko) Chrome/73.0.3683.75 Safari/537.36','/wxmsg','POST','','405','0',NULL,1),(828,'0','新增微信消息','upms','admin','2019-06-07 12:21:20',NULL,'127.0.0.1','Mozilla/5.0 (Windows NT 10.0; Win64; x64) AppleWebKit/537.36 (KHTML, like Gecko) Chrome/73.0.3683.75 Safari/537.36','/wxmsg','POST','','408','0',NULL,1),(829,'0','修改消息自动回复','upms','admin','2019-06-07 13:57:15',NULL,'127.0.0.1','Mozilla/5.0 (Windows NT 10.0; Win64; x64) AppleWebKit/537.36 (KHTML, like Gecko) Chrome/73.0.3683.75 Safari/537.36','/wxautoreply','PUT','','23','0',NULL,1),(830,'0','微信接口次数进行清零','upms','admin','2019-06-07 14:00:15',NULL,'127.0.0.1','Mozilla/5.0 (Windows NT 10.0; Win64; x64) AppleWebKit/537.36 (KHTML, like Gecko) Chrome/73.0.3683.75 Safari/537.36','/wxapp/quota','PUT','','273','0',NULL,1),(831,'0','新增微信消息','upms','admin','2019-06-07 14:30:03',NULL,'127.0.0.1','Mozilla/5.0 (Windows NT 10.0; Win64; x64) AppleWebKit/537.36 (KHTML, like Gecko) Chrome/73.0.3683.75 Safari/537.36','/wxmsg','POST','','275','0',NULL,1),(832,'0','微信接口次数进行清零','upms','admin','2019-06-07 14:30:44',NULL,'127.0.0.1','Mozilla/5.0 (Windows NT 10.0; Win64; x64) AppleWebKit/537.36 (KHTML, like Gecko) Chrome/73.0.3683.75 Safari/537.36','/wxapp/quota','PUT','','236','0',NULL,1),(833,'0','新增微信消息','upms','admin','2019-06-07 14:55:59',NULL,'127.0.0.1','Mozilla/5.0 (Windows NT 10.0; Win64; x64) AppleWebKit/537.36 (KHTML, like Gecko) Chrome/73.0.3683.75 Safari/537.36','/wxmsg','POST','','333','0',NULL,1),(834,'0','修改微信消息','upms','admin','2019-06-07 14:56:33',NULL,'127.0.0.1','Mozilla/5.0 (Windows NT 10.0; Win64; x64) AppleWebKit/537.36 (KHTML, like Gecko) Chrome/73.0.3683.75 Safari/537.36','/wxmsg','PUT','','11','0',NULL,1),(835,'0','修改微信消息','upms','admin','2019-06-07 14:56:39',NULL,'127.0.0.1','Mozilla/5.0 (Windows NT 10.0; Win64; x64) AppleWebKit/537.36 (KHTML, like Gecko) Chrome/73.0.3683.75 Safari/537.36','/wxmsg','PUT','','7','0',NULL,1),(836,'0','新增微信消息','upms','admin','2019-06-07 16:20:35',NULL,'127.0.0.1','Mozilla/5.0 (Windows NT 10.0; Win64; x64) AppleWebKit/537.36 (KHTML, like Gecko) Chrome/73.0.3683.75 Safari/537.36','/wxmsg','POST','','548','0',NULL,1),(837,'0','新增微信消息','upms','admin','2019-06-07 16:49:23',NULL,'127.0.0.1','Mozilla/5.0 (Windows NT 10.0; Win64; x64) AppleWebKit/537.36 (KHTML, like Gecko) Chrome/73.0.3683.75 Safari/537.36','/wxmsg','POST','','669','0',NULL,1),(838,'0','新增微信消息','upms','admin','2019-06-07 16:50:13',NULL,'127.0.0.1','Mozilla/5.0 (Windows NT 10.0; Win64; x64) AppleWebKit/537.36 (KHTML, like Gecko) Chrome/73.0.3683.75 Safari/537.36','/wxmsg','POST','','327','0',NULL,1),(839,'0','新增微信消息','upms','admin','2019-06-07 16:52:25',NULL,'127.0.0.1','Mozilla/5.0 (Windows NT 10.0; Win64; x64) AppleWebKit/537.36 (KHTML, like Gecko) Chrome/73.0.3683.75 Safari/537.36','/wxmsg','POST','','382','0',NULL,1),(840,'0','新增微信消息','upms','admin','2019-06-07 16:53:57',NULL,'127.0.0.1','Mozilla/5.0 (Windows NT 10.0; Win64; x64) AppleWebKit/537.36 (KHTML, like Gecko) Chrome/73.0.3683.75 Safari/537.36','/wxmsg','POST','','287','0',NULL,1),(841,'0','新增微信消息','upms','admin','2019-06-07 16:56:28',NULL,'127.0.0.1','Mozilla/5.0 (Windows NT 10.0; Win64; x64) AppleWebKit/537.36 (KHTML, like Gecko) Chrome/73.0.3683.75 Safari/537.36','/wxmsg','POST','','353','0',NULL,1),(842,'0','新增微信消息','upms','admin','2019-06-07 16:57:58',NULL,'127.0.0.1','Mozilla/5.0 (Windows NT 10.0; Win64; x64) AppleWebKit/537.36 (KHTML, like Gecko) Chrome/73.0.3683.75 Safari/537.36','/wxmsg','POST','','816','0',NULL,1),(843,'0','新增微信消息','upms','admin','2019-06-07 17:01:24',NULL,'127.0.0.1','Mozilla/5.0 (Windows NT 10.0; Win64; x64) AppleWebKit/537.36 (KHTML, like Gecko) Chrome/73.0.3683.75 Safari/537.36','/wxmsg','POST','','78389','0',NULL,1),(844,'0','新增微信消息','upms','admin','2019-06-07 17:33:44',NULL,'127.0.0.1','Mozilla/5.0 (Windows NT 10.0; Win64; x64) AppleWebKit/537.36 (KHTML, like Gecko) Chrome/73.0.3683.75 Safari/537.36','/wxmsg','POST','','518','0',NULL,1),(845,'0','修改消息自动回复','upms','admin','2019-06-07 21:02:53',NULL,'127.0.0.1','Mozilla/5.0 (Windows NT 10.0; Win64; x64) AppleWebKit/537.36 (KHTML, like Gecko) Chrome/73.0.3683.75 Safari/537.36','/wxautoreply','PUT','','31','0',NULL,1),(846,'0','修改消息自动回复','upms','admin','2019-06-07 21:16:50',NULL,'127.0.0.1','Mozilla/5.0 (Windows NT 10.0; Win64; x64) AppleWebKit/537.36 (KHTML, like Gecko) Chrome/73.0.3683.75 Safari/537.36','/wxautoreply','PUT','','49','0',NULL,1),(847,'0','修改消息自动回复','upms','admin','2019-06-07 21:17:52',NULL,'127.0.0.1','Mozilla/5.0 (Windows NT 10.0; Win64; x64) AppleWebKit/537.36 (KHTML, like Gecko) Chrome/73.0.3683.75 Safari/537.36','/wxautoreply','PUT','','10','0',NULL,1),(848,'0','新增消息自动回复','upms','admin','2019-06-07 21:18:38',NULL,'127.0.0.1','Mozilla/5.0 (Windows NT 10.0; Win64; x64) AppleWebKit/537.36 (KHTML, like Gecko) Chrome/73.0.3683.75 Safari/537.36','/wxautoreply','POST','','388','0',NULL,1),(849,'0','修改消息自动回复','upms','admin','2019-06-07 21:18:49',NULL,'127.0.0.1','Mozilla/5.0 (Windows NT 10.0; Win64; x64) AppleWebKit/537.36 (KHTML, like Gecko) Chrome/73.0.3683.75 Safari/537.36','/wxautoreply','PUT','','11','0',NULL,1),(850,'0','新增消息自动回复','upms','admin','2019-06-07 21:19:10',NULL,'127.0.0.1','Mozilla/5.0 (Windows NT 10.0; Win64; x64) AppleWebKit/537.36 (KHTML, like Gecko) Chrome/73.0.3683.75 Safari/537.36','/wxautoreply','POST','','31','0',NULL,1),(851,'0','修改消息自动回复','upms','admin','2019-06-07 21:22:23',NULL,'127.0.0.1','Mozilla/5.0 (Windows NT 10.0; Win64; x64) AppleWebKit/537.36 (KHTML, like Gecko) Chrome/73.0.3683.75 Safari/537.36','/wxautoreply','PUT','','20','0',NULL,1),(852,'0','保存并发布菜单','upms','admin','2019-06-07 21:31:16',NULL,'127.0.0.1','Mozilla/5.0 (Windows NT 10.0; Win64; x64) AppleWebKit/537.36 (KHTML, like Gecko) Chrome/73.0.3683.75 Safari/537.36','/wxmenu','POST','','194','0',NULL,1),(853,'0','保存并发布菜单','upms','admin','2019-06-07 21:39:01',NULL,'127.0.0.1','Mozilla/5.0 (Windows NT 10.0; Win64; x64) AppleWebKit/537.36 (KHTML, like Gecko) Chrome/73.0.3683.75 Safari/537.36','/wxmenu','POST','','1140','0',NULL,1),(854,'0','修改消息自动回复','upms','admin','2019-06-07 23:21:02',NULL,'127.0.0.1','Mozilla/5.0 (Windows NT 10.0; Win64; x64) AppleWebKit/537.36 (KHTML, like Gecko) Chrome/73.0.3683.75 Safari/537.36','/wxautoreply','PUT','','20','0',NULL,1),(855,'0','修改消息自动回复','upms','admin','2019-06-07 23:21:33',NULL,'127.0.0.1','Mozilla/5.0 (Windows NT 10.0; Win64; x64) AppleWebKit/537.36 (KHTML, like Gecko) Chrome/73.0.3683.75 Safari/537.36','/wxautoreply','PUT','','16','0',NULL,1),(856,'0','新增微信账号配置','upms','admin','2019-06-07 23:25:26',NULL,'127.0.0.1','Mozilla/5.0 (Windows NT 10.0; Win64; x64) AppleWebKit/537.36 (KHTML, like Gecko) Chrome/73.0.3683.75 Safari/537.36','/wxapp','POST','','1030','0',NULL,1),(857,'0','保存并发布菜单','upms','admin','2019-06-07 23:30:20',NULL,'127.0.0.1','Mozilla/5.0 (Windows NT 10.0; Win64; x64) AppleWebKit/537.36 (KHTML, like Gecko) Chrome/73.0.3683.75 Safari/537.36','/wxmenu','POST','','1115','0',NULL,1),(858,'0','保存并发布菜单','upms','admin','2019-06-07 23:36:23',NULL,'127.0.0.1','Mozilla/5.0 (Windows NT 10.0; Win64; x64) AppleWebKit/537.36 (KHTML, like Gecko) Chrome/73.0.3683.75 Safari/537.36','/wxmenu','POST','','1310','0',NULL,1),(859,'0','新增消息自动回复','upms','admin','2019-06-07 23:42:34',NULL,'127.0.0.1','Mozilla/5.0 (Windows NT 10.0; Win64; x64) AppleWebKit/537.36 (KHTML, like Gecko) Chrome/73.0.3683.75 Safari/537.36','/wxautoreply','POST','','18','0',NULL,1),(860,'0','新增消息自动回复','upms','admin','2019-06-07 23:44:07',NULL,'127.0.0.1','Mozilla/5.0 (Windows NT 10.0; Win64; x64) AppleWebKit/537.36 (KHTML, like Gecko) Chrome/73.0.3683.75 Safari/537.36','/wxautoreply','POST','','30','0',NULL,1),(861,'0','新增微信消息','upms','admin','2019-06-07 23:45:58',NULL,'127.0.0.1','Mozilla/5.0 (Windows NT 10.0; Win64; x64) AppleWebKit/537.36 (KHTML, like Gecko) Chrome/73.0.3683.75 Safari/537.36','/wxmsg','POST','','327','0',NULL,1),(862,'0','微信接口次数进行清零','upms','admin','2019-06-07 23:46:17',NULL,'127.0.0.1','Mozilla/5.0 (Windows NT 10.0; Win64; x64) AppleWebKit/537.36 (KHTML, like Gecko) Chrome/73.0.3683.75 Safari/537.36','/wxapp/quota','PUT','','5013','0',NULL,1),(863,'0','新增微信消息','upms','admin','2019-06-07 23:46:28',NULL,'127.0.0.1','Mozilla/5.0 (Windows NT 10.0; Win64; x64) AppleWebKit/537.36 (KHTML, like Gecko) Chrome/73.0.3683.75 Safari/537.36','/wxmsg','POST','','354','0',NULL,1),(864,'0','新增微信消息','upms','admin','2019-06-07 23:46:36',NULL,'127.0.0.1','Mozilla/5.0 (Windows NT 10.0; Win64; x64) AppleWebKit/537.36 (KHTML, like Gecko) Chrome/73.0.3683.75 Safari/537.36','/wxmsg','POST','','315','0',NULL,1),(865,'0','新增微信消息','upms','admin','2019-06-07 23:46:46',NULL,'127.0.0.1','Mozilla/5.0 (Windows NT 10.0; Win64; x64) AppleWebKit/537.36 (KHTML, like Gecko) Chrome/73.0.3683.75 Safari/537.36','/wxmsg','POST','','346','0',NULL,1),(866,'0','新增微信消息','upms','admin','2019-06-07 23:55:00',NULL,'127.0.0.1','Mozilla/5.0 (Windows NT 10.0; Win64; x64) AppleWebKit/537.36 (KHTML, like Gecko) Chrome/73.0.3683.75 Safari/537.36','/wxmsg','POST','','12473','0',NULL,1),(867,'0','新增消息自动回复','upms','admin','2019-06-07 23:57:25',NULL,'127.0.0.1','Mozilla/5.0 (Windows NT 10.0; Win64; x64) AppleWebKit/537.36 (KHTML, like Gecko) Chrome/73.0.3683.75 Safari/537.36','/wxautoreply','POST','','24','0',NULL,1),(868,'0','修改微信消息','upms','admin','2019-06-07 23:58:13',NULL,'127.0.0.1','Mozilla/5.0 (Windows NT 10.0; Win64; x64) AppleWebKit/537.36 (KHTML, like Gecko) Chrome/73.0.3683.75 Safari/537.36','/wxmsg','PUT','','19','0',NULL,1),(869,'0','修改微信消息','upms','admin','2019-06-07 23:58:13',NULL,'127.0.0.1','Mozilla/5.0 (Windows NT 10.0; Win64; x64) AppleWebKit/537.36 (KHTML, like Gecko) Chrome/73.0.3683.75 Safari/537.36','/wxmsg','PUT','','16','0',NULL,1),(870,'0','新增微信消息','upms','admin','2019-06-08 00:24:22',NULL,'127.0.0.1','Mozilla/5.0 (Windows NT 10.0; Win64; x64) AppleWebKit/537.36 (KHTML, like Gecko) Chrome/73.0.3683.75 Safari/537.36','/wxmsg','POST','','19539','0',NULL,1),(871,'0','新增微信消息','upms','admin','2019-06-08 00:29:40',NULL,'127.0.0.1','Mozilla/5.0 (Windows NT 10.0; Win64; x64) AppleWebKit/537.36 (KHTML, like Gecko) Chrome/73.0.3683.75 Safari/537.36','/wxmsg','POST','','375','0',NULL,1),(872,'0','新增微信消息','upms','admin','2019-06-08 00:31:39',NULL,'127.0.0.1','Mozilla/5.0 (Windows NT 10.0; Win64; x64) AppleWebKit/537.36 (KHTML, like Gecko) Chrome/73.0.3683.75 Safari/537.36','/wxmsg','POST','','754','0',NULL,1),(873,'0','新增微信消息','upms','admin','2019-06-08 00:35:17',NULL,'127.0.0.1','Mozilla/5.0 (Windows NT 10.0; Win64; x64) AppleWebKit/537.36 (KHTML, like Gecko) Chrome/73.0.3683.75 Safari/537.36','/wxmsg','POST','','337','0',NULL,1),(874,'0','新增微信消息','upms','admin','2019-06-08 10:36:36',NULL,'127.0.0.1','Mozilla/5.0 (Windows NT 10.0; Win64; x64) AppleWebKit/537.36 (KHTML, like Gecko) Chrome/73.0.3683.75 Safari/537.36','/wxmsg','POST','','411','0',NULL,1),(875,'0','修改微信消息','upms','admin','2019-06-08 10:37:45',NULL,'127.0.0.1','Mozilla/5.0 (Windows NT 10.0; Win64; x64) AppleWebKit/537.36 (KHTML, like Gecko) Chrome/73.0.3683.75 Safari/537.36','/wxmsg','PUT','','14','0',NULL,1),(876,'0','新增微信消息','upms','admin','2019-06-08 10:37:54',NULL,'127.0.0.1','Mozilla/5.0 (Windows NT 10.0; Win64; x64) AppleWebKit/537.36 (KHTML, like Gecko) Chrome/73.0.3683.75 Safari/537.36','/wxmsg','POST','','380','0',NULL,1),(877,'0','新增微信消息','upms','admin','2019-06-08 10:38:03',NULL,'127.0.0.1','Mozilla/5.0 (Windows NT 10.0; Win64; x64) AppleWebKit/537.36 (KHTML, like Gecko) Chrome/73.0.3683.75 Safari/537.36','/wxmsg','POST','','391','0',NULL,1),(878,'0','微信接口次数进行清零','upms','admin','2019-06-08 10:38:22',NULL,'127.0.0.1','Mozilla/5.0 (Windows NT 10.0; Win64; x64) AppleWebKit/537.36 (KHTML, like Gecko) Chrome/73.0.3683.75 Safari/537.36','/wxapp/quota','PUT','','5023','0',NULL,1),(879,'0','新增微信消息','upms','admin','2019-06-08 10:38:30',NULL,'127.0.0.1','Mozilla/5.0 (Windows NT 10.0; Win64; x64) AppleWebKit/537.36 (KHTML, like Gecko) Chrome/73.0.3683.75 Safari/537.36','/wxmsg','POST','','324','0',NULL,1),(880,'0','新增微信消息','upms','admin','2019-06-08 10:39:06',NULL,'127.0.0.1','Mozilla/5.0 (Windows NT 10.0; Win64; x64) AppleWebKit/537.36 (KHTML, like Gecko) Chrome/73.0.3683.75 Safari/537.36','/wxmsg','POST','','417','0',NULL,1),(881,'0','修改微信消息','upms','admin','2019-06-08 10:40:13',NULL,'127.0.0.1','Mozilla/5.0 (Windows NT 10.0; Win64; x64) AppleWebKit/537.36 (KHTML, like Gecko) Chrome/73.0.3683.75 Safari/537.36','/wxmsg','PUT','','15','0',NULL,1),(882,'0','修改微信消息','upms','admin','2019-06-08 10:40:27',NULL,'127.0.0.1','Mozilla/5.0 (Windows NT 10.0; Win64; x64) AppleWebKit/537.36 (KHTML, like Gecko) Chrome/73.0.3683.75 Safari/537.36','/wxmsg','PUT','','15','0',NULL,1),(883,'0','修改微信消息','upms','admin','2019-06-08 10:40:36',NULL,'127.0.0.1','Mozilla/5.0 (Windows NT 10.0; Win64; x64) AppleWebKit/537.36 (KHTML, like Gecko) Chrome/73.0.3683.75 Safari/537.36','/wxmsg','PUT','','15','0',NULL,1),(884,'0','修改微信消息','upms','admin','2019-06-08 10:40:42',NULL,'127.0.0.1','Mozilla/5.0 (Windows NT 10.0; Win64; x64) AppleWebKit/537.36 (KHTML, like Gecko) Chrome/73.0.3683.75 Safari/537.36','/wxmsg','PUT','','18','0',NULL,1),(885,'0','修改微信消息','upms','admin','2019-06-08 10:40:45',NULL,'127.0.0.1','Mozilla/5.0 (Windows NT 10.0; Win64; x64) AppleWebKit/537.36 (KHTML, like Gecko) Chrome/73.0.3683.75 Safari/537.36','/wxmsg','PUT','','19','0',NULL,1),(886,'0','修改微信消息','upms','admin','2019-06-08 10:40:48',NULL,'127.0.0.1','Mozilla/5.0 (Windows NT 10.0; Win64; x64) AppleWebKit/537.36 (KHTML, like Gecko) Chrome/73.0.3683.75 Safari/537.36','/wxmsg','PUT','','23','0',NULL,1),(887,'0','修改微信消息','upms','admin','2019-06-08 10:40:52',NULL,'127.0.0.1','Mozilla/5.0 (Windows NT 10.0; Win64; x64) AppleWebKit/537.36 (KHTML, like Gecko) Chrome/73.0.3683.75 Safari/537.36','/wxmsg','PUT','','14','0',NULL,1),(888,'0','修改微信消息','upms','admin','2019-06-08 10:40:57',NULL,'127.0.0.1','Mozilla/5.0 (Windows NT 10.0; Win64; x64) AppleWebKit/537.36 (KHTML, like Gecko) Chrome/73.0.3683.75 Safari/537.36','/wxmsg','PUT','','21','0',NULL,1),(889,'0','修改微信消息','upms','admin','2019-06-08 10:41:00',NULL,'127.0.0.1','Mozilla/5.0 (Windows NT 10.0; Win64; x64) AppleWebKit/537.36 (KHTML, like Gecko) Chrome/73.0.3683.75 Safari/537.36','/wxmsg','PUT','','18','0',NULL,1),(890,'0','修改微信消息','upms','admin','2019-06-08 10:41:12',NULL,'127.0.0.1','Mozilla/5.0 (Windows NT 10.0; Win64; x64) AppleWebKit/537.36 (KHTML, like Gecko) Chrome/73.0.3683.75 Safari/537.36','/wxmsg','PUT','','30','0',NULL,1),(891,'0','修改微信用户备注','upms','admin','2019-06-08 11:25:51',NULL,'127.0.0.1','Mozilla/5.0 (Windows NT 10.0; Win64; x64) AppleWebKit/537.36 (KHTML, like Gecko) Chrome/73.0.3683.75 Safari/537.36','/wxuser/remark','PUT','','311','0',NULL,1),(892,'0','修改消息自动回复','upms','admin','2019-06-08 11:26:38',NULL,'127.0.0.1','Mozilla/5.0 (Windows NT 10.0; Win64; x64) AppleWebKit/537.36 (KHTML, like Gecko) Chrome/73.0.3683.75 Safari/537.36','/wxautoreply','PUT','','29','0',NULL,1),(893,'0','修改消息自动回复','upms','admin','2019-06-08 11:26:57',NULL,'127.0.0.1','Mozilla/5.0 (Windows NT 10.0; Win64; x64) AppleWebKit/537.36 (KHTML, like Gecko) Chrome/73.0.3683.75 Safari/537.36','/wxautoreply','PUT','','58','0',NULL,1),(894,'0','修改消息自动回复','upms','admin','2019-06-08 11:27:16',NULL,'127.0.0.1','Mozilla/5.0 (Windows NT 10.0; Win64; x64) AppleWebKit/537.36 (KHTML, like Gecko) Chrome/73.0.3683.75 Safari/537.36','/wxautoreply','PUT','','17','0',NULL,1),(895,'0','修改微信消息','upms','admin','2019-06-08 11:46:01',NULL,'127.0.0.1','Mozilla/5.0 (Windows NT 10.0; Win64; x64) AppleWebKit/537.36 (KHTML, like Gecko) Chrome/73.0.3683.75 Safari/537.36','/wxmsg','PUT','','7','0',NULL,1),(896,'0','修改微信消息','upms','admin','2019-06-08 11:46:16',NULL,'127.0.0.1','Mozilla/5.0 (Windows NT 10.0; Win64; x64) AppleWebKit/537.36 (KHTML, like Gecko) Chrome/73.0.3683.75 Safari/537.36','/wxmsg','PUT','','15','0',NULL,1),(897,'0','修改微信消息','upms','admin','2019-06-08 12:08:19',NULL,'127.0.0.1','Mozilla/5.0 (Windows NT 10.0; Win64; x64) AppleWebKit/537.36 (KHTML, like Gecko) Chrome/73.0.3683.75 Safari/537.36','/wxmsg','PUT','','16','0',NULL,1),(898,'0','修改微信消息','upms','admin','2019-06-08 12:16:54',NULL,'127.0.0.1','Mozilla/5.0 (Windows NT 10.0; Win64; x64) AppleWebKit/537.36 (KHTML, like Gecko) Chrome/73.0.3683.75 Safari/537.36','/wxmsg','PUT','','16','0',NULL,1),(899,'0','修改微信消息','upms','admin','2019-06-08 12:29:39',NULL,'127.0.0.1','Mozilla/5.0 (Windows NT 10.0; Win64; x64) AppleWebKit/537.36 (KHTML, like Gecko) Chrome/73.0.3683.75 Safari/537.36','/wxmsg','PUT','','17','0',NULL,1),(900,'0','微信接口次数进行清零','upms','admin','2019-06-08 12:31:49',NULL,'127.0.0.1','Mozilla/5.0 (Windows NT 10.0; Win64; x64) AppleWebKit/537.36 (KHTML, like Gecko) Chrome/73.0.3683.75 Safari/537.36','/wxapp/quota','PUT','','3688','0',NULL,1),(901,'0','新增消息自动回复','upms','admin','2019-06-08 12:32:20',NULL,'127.0.0.1','Mozilla/5.0 (Windows NT 10.0; Win64; x64) AppleWebKit/537.36 (KHTML, like Gecko) Chrome/73.0.3683.75 Safari/537.36','/wxautoreply','POST','','40','0',NULL,1),(902,'0','修改消息自动回复','upms','admin','2019-06-08 12:33:05',NULL,'127.0.0.1','Mozilla/5.0 (Windows NT 10.0; Win64; x64) AppleWebKit/537.36 (KHTML, like Gecko) Chrome/73.0.3683.75 Safari/537.36','/wxautoreply','PUT','','36','0',NULL,1),(903,'0','修改微信消息','upms','admin','2019-06-08 12:33:09',NULL,'127.0.0.1','Mozilla/5.0 (Windows NT 10.0; Win64; x64) AppleWebKit/537.36 (KHTML, like Gecko) Chrome/73.0.3683.75 Safari/537.36','/wxmsg','PUT','','6','0',NULL,1),(904,'0','修改微信消息','upms','admin','2019-06-08 12:45:37',NULL,'127.0.0.1','Mozilla/5.0 (Windows NT 10.0; Win64; x64) AppleWebKit/537.36 (KHTML, like Gecko) Chrome/73.0.3683.75 Safari/537.36','/wxmsg','PUT','','16','0',NULL,1),(905,'0','修改微信消息','upms','admin','2019-06-08 12:45:37',NULL,'127.0.0.1','Mozilla/5.0 (Windows NT 10.0; Win64; x64) AppleWebKit/537.36 (KHTML, like Gecko) Chrome/73.0.3683.75 Safari/537.36','/wxmsg','PUT','','16','0',NULL,1),(906,'0','修改微信消息','upms','admin','2019-06-08 12:48:54',NULL,'127.0.0.1','Mozilla/5.0 (Windows NT 10.0; Win64; x64) AppleWebKit/537.36 (KHTML, like Gecko) Chrome/73.0.3683.75 Safari/537.36','/wxmsg','PUT','','17','0',NULL,1),(907,'0','修改微信消息','upms','admin','2019-06-08 12:49:27',NULL,'127.0.0.1','Mozilla/5.0 (Windows NT 10.0; Win64; x64) AppleWebKit/537.36 (KHTML, like Gecko) Chrome/73.0.3683.75 Safari/537.36','/wxmsg','PUT','','16','0',NULL,1),(908,'0','修改微信消息','upms','admin','2019-06-08 12:49:38',NULL,'127.0.0.1','Mozilla/5.0 (Windows NT 10.0; Win64; x64) AppleWebKit/537.36 (KHTML, like Gecko) Chrome/73.0.3683.75 Safari/537.36','/wxmsg','PUT','','17','0',NULL,1),(909,'0','修改微信消息','upms','admin','2019-06-08 12:49:44',NULL,'127.0.0.1','Mozilla/5.0 (Windows NT 10.0; Win64; x64) AppleWebKit/537.36 (KHTML, like Gecko) Chrome/73.0.3683.75 Safari/537.36','/wxmsg','PUT','','1','0',NULL,1),(910,'0','修改微信消息','upms','admin','2019-06-08 12:50:14',NULL,'127.0.0.1','Mozilla/5.0 (Windows NT 10.0; Win64; x64) AppleWebKit/537.36 (KHTML, like Gecko) Chrome/73.0.3683.75 Safari/537.36','/wxmsg','PUT','','14','0',NULL,1),(911,'0','修改微信消息','upms','admin','2019-06-08 19:44:14',NULL,'127.0.0.1','Mozilla/5.0 (Windows NT 10.0; Win64; x64) AppleWebKit/537.36 (KHTML, like Gecko) Chrome/73.0.3683.75 Safari/537.36','/wxmsg','PUT','','16','0',NULL,1),(912,'0','修改微信消息','upms','admin','2019-06-08 19:52:46',NULL,'127.0.0.1','Mozilla/5.0 (Windows NT 10.0; Win64; x64) AppleWebKit/537.36 (KHTML, like Gecko) Chrome/73.0.3683.75 Safari/537.36','/wxmsg','PUT','','14','0',NULL,1),(913,'0','修改微信消息','upms','admin','2019-06-08 21:33:37',NULL,'127.0.0.1','Mozilla/5.0 (Windows NT 10.0; Win64; x64) AppleWebKit/537.36 (KHTML, like Gecko) Chrome/73.0.3683.75 Safari/537.36','/wxmsg','PUT','','7','0',NULL,1),(914,'0','修改消息自动回复','upms','admin','2019-06-08 21:42:00',NULL,'127.0.0.1','Mozilla/5.0 (Windows NT 10.0; Win64; x64) AppleWebKit/537.36 (KHTML, like Gecko) Chrome/73.0.3683.75 Safari/537.36','/wxautoreply','PUT','','16','0',NULL,1),(915,'0','修改微信消息','upms','admin','2019-06-08 21:45:00',NULL,'127.0.0.1','Mozilla/5.0 (Windows NT 10.0; Win64; x64) AppleWebKit/537.36 (KHTML, like Gecko) Chrome/73.0.3683.75 Safari/537.36','/wxmsg','PUT','','8','0',NULL,1),(916,'0','修改微信消息','upms','admin','2019-06-08 23:32:06',NULL,'127.0.0.1','Mozilla/5.0 (Windows NT 10.0; Win64; x64) AppleWebKit/537.36 (KHTML, like Gecko) Chrome/73.0.3683.75 Safari/537.36','/wxmsg','PUT','','19','0',NULL,1),(917,'0','修改消息自动回复','upms','admin','2019-06-09 00:14:17',NULL,'127.0.0.1','Mozilla/5.0 (Windows NT 10.0; Win64; x64) AppleWebKit/537.36 (KHTML, like Gecko) Chrome/73.0.3683.75 Safari/537.36','/wxautoreply','PUT','','32','0',NULL,1),(918,'0','修改微信消息','upms','admin','2019-06-09 00:14:31',NULL,'127.0.0.1','Mozilla/5.0 (Windows NT 10.0; Win64; x64) AppleWebKit/537.36 (KHTML, like Gecko) Chrome/73.0.3683.75 Safari/537.36','/wxmsg','PUT','','22','0',NULL,1),(919,'0','修改微信消息','upms','admin','2019-06-09 00:17:01',NULL,'127.0.0.1','Mozilla/5.0 (Windows NT 10.0; Win64; x64) AppleWebKit/537.36 (KHTML, like Gecko) Chrome/73.0.3683.75 Safari/537.36','/wxmsg','PUT','','6','0',NULL,1),(920,'0','修改微信消息','upms','admin','2019-06-09 00:17:25',NULL,'127.0.0.1','Mozilla/5.0 (Windows NT 10.0; Win64; x64) AppleWebKit/537.36 (KHTML, like Gecko) Chrome/73.0.3683.75 Safari/537.36','/wxmsg','PUT','','40','0',NULL,1),(921,'0','修改微信消息','upms','admin','2019-06-09 00:47:42',NULL,'127.0.0.1','Mozilla/5.0 (Windows NT 10.0; Win64; x64) AppleWebKit/537.36 (KHTML, like Gecko) Chrome/73.0.3683.75 Safari/537.36','/wxmsg','PUT','','15','0',NULL,1),(922,'0','新增微信消息','upms','admin','2019-06-09 12:04:31',NULL,'127.0.0.1','Mozilla/5.0 (Windows NT 10.0; Win64; x64) AppleWebKit/537.36 (KHTML, like Gecko) Chrome/73.0.3683.75 Safari/537.36','/wxmsg','POST','','360','0',NULL,1),(923,'0','修改微信消息','upms','admin','2019-06-09 12:04:58',NULL,'127.0.0.1','Mozilla/5.0 (Windows NT 10.0; Win64; x64) AppleWebKit/537.36 (KHTML, like Gecko) Chrome/73.0.3683.75 Safari/537.36','/wxmsg','PUT','','6','0',NULL,1),(924,'0','修改微信消息','upms','admin','2019-06-09 12:05:24',NULL,'127.0.0.1','Mozilla/5.0 (Windows NT 10.0; Win64; x64) AppleWebKit/537.36 (KHTML, like Gecko) Chrome/73.0.3683.75 Safari/537.36','/wxmsg','PUT','','13','0',NULL,1),(925,'0','修改微信消息','upms','admin','2019-06-09 12:05:37',NULL,'127.0.0.1','Mozilla/5.0 (Windows NT 10.0; Win64; x64) AppleWebKit/537.36 (KHTML, like Gecko) Chrome/73.0.3683.75 Safari/537.36','/wxmsg','PUT','','14','0',NULL,1),(926,'0','修改微信消息','upms','admin','2019-06-09 12:05:50',NULL,'127.0.0.1','Mozilla/5.0 (Windows NT 10.0; Win64; x64) AppleWebKit/537.36 (KHTML, like Gecko) Chrome/73.0.3683.75 Safari/537.36','/wxmsg','PUT','','18','0',NULL,1),(927,'0','微信接口次数进行清零','upms','admin','2019-06-09 12:06:48',NULL,'127.0.0.1','Mozilla/5.0 (Windows NT 10.0; Win64; x64) AppleWebKit/537.36 (KHTML, like Gecko) Chrome/73.0.3683.75 Safari/537.36','/wxapp/quota','PUT','','5030','0',NULL,1),(928,'0','修改消息自动回复','upms','admin','2019-06-09 12:07:06',NULL,'127.0.0.1','Mozilla/5.0 (Windows NT 10.0; Win64; x64) AppleWebKit/537.36 (KHTML, like Gecko) Chrome/73.0.3683.75 Safari/537.36','/wxautoreply','PUT','','19','0',NULL,1),(929,'0','更新菜单','upms','admin','2019-06-09 12:19:48',NULL,'127.0.0.1','Mozilla/5.0 (Windows NT 10.0; Win64; x64) AppleWebKit/537.36 (KHTML, like Gecko) Chrome/73.0.3683.75 Safari/537.36','/menu','PUT','','31','0',NULL,1),(930,'0','更新菜单','upms','admin','2019-06-09 12:20:02',NULL,'127.0.0.1','Mozilla/5.0 (Windows NT 10.0; Win64; x64) AppleWebKit/537.36 (KHTML, like Gecko) Chrome/73.0.3683.75 Safari/537.36','/menu','PUT','','18','0',NULL,1),(931,'0','更新菜单','upms','admin','2019-06-09 12:20:10',NULL,'127.0.0.1','Mozilla/5.0 (Windows NT 10.0; Win64; x64) AppleWebKit/537.36 (KHTML, like Gecko) Chrome/73.0.3683.75 Safari/537.36','/menu','PUT','','10','0',NULL,1),(932,'0','更新菜单','upms','admin','2019-06-09 12:20:14',NULL,'127.0.0.1','Mozilla/5.0 (Windows NT 10.0; Win64; x64) AppleWebKit/537.36 (KHTML, like Gecko) Chrome/73.0.3683.75 Safari/537.36','/menu','PUT','','26','0',NULL,1),(933,'0','更新菜单','upms','admin','2019-06-09 12:20:18',NULL,'127.0.0.1','Mozilla/5.0 (Windows NT 10.0; Win64; x64) AppleWebKit/537.36 (KHTML, like Gecko) Chrome/73.0.3683.75 Safari/537.36','/menu','PUT','','19','0',NULL,1),(934,'0','新增字典项','upms','admin','2019-06-09 12:31:18',NULL,'127.0.0.1','Mozilla/5.0 (Windows NT 10.0; Win64; x64) AppleWebKit/537.36 (KHTML, like Gecko) Chrome/73.0.3683.75 Safari/537.36','/dict/item','POST','','24','0',NULL,1),(935,'0','添加字典','upms','admin','2019-06-09 12:37:37',NULL,'127.0.0.1','Mozilla/5.0 (Windows NT 10.0; Win64; x64) AppleWebKit/537.36 (KHTML, like Gecko) Chrome/73.0.3683.75 Safari/537.36','/dict','POST','','15','0',NULL,1),(936,'0','新增字典项','upms','admin','2019-06-09 12:37:54',NULL,'127.0.0.1','Mozilla/5.0 (Windows NT 10.0; Win64; x64) AppleWebKit/537.36 (KHTML, like Gecko) Chrome/73.0.3683.75 Safari/537.36','/dict/item','POST','','16','0',NULL,1),(937,'0','新增字典项','upms','admin','2019-06-09 12:38:06',NULL,'127.0.0.1','Mozilla/5.0 (Windows NT 10.0; Win64; x64) AppleWebKit/537.36 (KHTML, like Gecko) Chrome/73.0.3683.75 Safari/537.36','/dict/item','POST','','18','0',NULL,1),(938,'0','添加字典','upms','admin','2019-06-09 12:42:02',NULL,'127.0.0.1','Mozilla/5.0 (Windows NT 10.0; Win64; x64) AppleWebKit/537.36 (KHTML, like Gecko) Chrome/73.0.3683.75 Safari/537.36','/dict','POST','','13','0',NULL,1),(939,'0','新增字典项','upms','admin','2019-06-09 12:42:37',NULL,'127.0.0.1','Mozilla/5.0 (Windows NT 10.0; Win64; x64) AppleWebKit/537.36 (KHTML, like Gecko) Chrome/73.0.3683.75 Safari/537.36','/dict/item','POST','','13','0',NULL,1),(940,'0','新增字典项','upms','admin','2019-06-09 12:42:55',NULL,'127.0.0.1','Mozilla/5.0 (Windows NT 10.0; Win64; x64) AppleWebKit/537.36 (KHTML, like Gecko) Chrome/73.0.3683.75 Safari/537.36','/dict/item','POST','','7','0',NULL,1),(941,'0','新增字典项','upms','admin','2019-06-09 12:43:32',NULL,'127.0.0.1','Mozilla/5.0 (Windows NT 10.0; Win64; x64) AppleWebKit/537.36 (KHTML, like Gecko) Chrome/73.0.3683.75 Safari/537.36','/dict/item','POST','','15','0',NULL,1),(942,'0','新增字典项','upms','admin','2019-06-09 12:43:59',NULL,'127.0.0.1','Mozilla/5.0 (Windows NT 10.0; Win64; x64) AppleWebKit/537.36 (KHTML, like Gecko) Chrome/73.0.3683.75 Safari/537.36','/dict/item','POST','','7','0',NULL,1),(943,'0','新增微信消息','upms','admin','2019-06-09 16:07:53',NULL,'127.0.0.1','Mozilla/5.0 (Windows NT 10.0; Win64; x64) AppleWebKit/537.36 (KHTML, like Gecko) Chrome/73.0.3683.75 Safari/537.36','/wxmsg','POST','','350','0',NULL,1),(944,'0','新增微信消息','upms','admin','2019-06-09 16:13:54',NULL,'127.0.0.1','Mozilla/5.0 (Windows NT 10.0; Win64; x64) AppleWebKit/537.36 (KHTML, like Gecko) Chrome/73.0.3683.75 Safari/537.36','/wxmsg','POST','','317','0',NULL,1),(945,'0','修改微信消息','upms','admin','2019-06-09 16:14:00',NULL,'127.0.0.1','Mozilla/5.0 (Windows NT 10.0; Win64; x64) AppleWebKit/537.36 (KHTML, like Gecko) Chrome/73.0.3683.75 Safari/537.36','/wxmsg','PUT','','7','0',NULL,1),(946,'0','新增微信消息','upms','admin','2019-06-09 23:12:32',NULL,'127.0.0.1','Mozilla/5.0 (Windows NT 10.0; Win64; x64) AppleWebKit/537.36 (KHTML, like Gecko) Chrome/73.0.3683.75 Safari/537.36','/wxmsg','POST','','359','0',NULL,1),(947,'0','修改微信消息','upms','admin','2019-06-09 23:16:27',NULL,'127.0.0.1','Mozilla/5.0 (Windows NT 10.0; Win64; x64) AppleWebKit/537.36 (KHTML, like Gecko) Chrome/73.0.3683.75 Safari/537.36','/wxmsg','PUT','','8','0',NULL,1),(948,'0','修改微信消息','upms','admin','2019-06-09 23:16:50',NULL,'127.0.0.1','Mozilla/5.0 (Windows NT 10.0; Win64; x64) AppleWebKit/537.36 (KHTML, like Gecko) Chrome/73.0.3683.75 Safari/537.36','/wxmsg','PUT','','14','0',NULL,1),(949,'0','删除字典','upms','admin','2019-06-11 21:22:53',NULL,'127.0.0.1','Mozilla/5.0 (Windows NT 10.0; Win64; x64) AppleWebKit/537.36 (KHTML, like Gecko) Chrome/73.0.3683.75 Safari/537.36','/dict/9','DELETE','','36','0',NULL,1),(950,'0','添加字典','upms','admin','2019-06-11 21:31:31',NULL,'127.0.0.1','Mozilla/5.0 (Windows NT 10.0; Win64; x64) AppleWebKit/537.36 (KHTML, like Gecko) Chrome/73.0.3683.75 Safari/537.36','/dict','POST','','23','0',NULL,1),(951,'0','删除字典','upms','admin','2019-06-11 21:31:44',NULL,'127.0.0.1','Mozilla/5.0 (Windows NT 10.0; Win64; x64) AppleWebKit/537.36 (KHTML, like Gecko) Chrome/73.0.3683.75 Safari/537.36','/dict/22','DELETE','','32','0',NULL,1),(952,'0','删除字典','upms','admin','2019-06-11 21:35:42',NULL,'127.0.0.1','Mozilla/5.0 (Windows NT 10.0; Win64; x64) AppleWebKit/537.36 (KHTML, like Gecko) Chrome/73.0.3683.75 Safari/537.36','/dict/22','DELETE','','49','0',NULL,1),(953,'0','删除字典','upms','admin','2019-06-11 21:35:51',NULL,'127.0.0.1','Mozilla/5.0 (Windows NT 10.0; Win64; x64) AppleWebKit/537.36 (KHTML, like Gecko) Chrome/73.0.3683.75 Safari/537.36','/dict/9','DELETE','','12','0',NULL,1),(954,'0','添加字典','upms','admin','2019-06-11 21:35:58',NULL,'127.0.0.1','Mozilla/5.0 (Windows NT 10.0; Win64; x64) AppleWebKit/537.36 (KHTML, like Gecko) Chrome/73.0.3683.75 Safari/537.36','/dict','POST','','19','0',NULL,1),(955,'0','删除字典','upms','admin','2019-06-11 21:36:06',NULL,'127.0.0.1','Mozilla/5.0 (Windows NT 10.0; Win64; x64) AppleWebKit/537.36 (KHTML, like Gecko) Chrome/73.0.3683.75 Safari/537.36','/dict/23','DELETE','','29','0',NULL,1),(956,'0','删除字典','upms','admin','2019-06-11 21:36:10',NULL,'127.0.0.1','Mozilla/5.0 (Windows NT 10.0; Win64; x64) AppleWebKit/537.36 (KHTML, like Gecko) Chrome/73.0.3683.75 Safari/537.36','/dict/2','DELETE','','9','0',NULL,1),(957,'0','删除字典','upms','admin','2019-06-11 21:41:07',NULL,'127.0.0.1','Mozilla/5.0 (Windows NT 10.0; Win64; x64) AppleWebKit/537.36 (KHTML, like Gecko) Chrome/73.0.3683.75 Safari/537.36','/dict/20','DELETE','','8','0',NULL,1),(958,'0','新增微信消息','upms','admin','2019-06-11 23:15:06',NULL,'127.0.0.1','Mozilla/5.0 (Windows NT 10.0; Win64; x64) AppleWebKit/537.36 (KHTML, like Gecko) Chrome/73.0.3683.75 Safari/537.36','/wxmsg','POST','','720','0',NULL,1),(959,'0','编辑部门','upms','admin','2019-06-12 12:47:20',NULL,'127.0.0.1','Mozilla/5.0 (Windows NT 10.0; Win64; x64) AppleWebKit/537.36 (KHTML, like Gecko) Chrome/73.0.3683.86 Safari/537.36','/dept','PUT','','176','0',NULL,1),(960,'0','添加部门','upms','admin','2019-06-12 14:20:36',NULL,'127.0.0.1','Mozilla/5.0 (Windows NT 10.0; Win64; x64) AppleWebKit/537.36 (KHTML, like Gecko) Chrome/73.0.3683.86 Safari/537.36','/dept','POST','','136','0',NULL,1),(961,'0','删除部门','upms','admin','2019-06-12 14:20:42',NULL,'127.0.0.1','Mozilla/5.0 (Windows NT 10.0; Win64; x64) AppleWebKit/537.36 (KHTML, like Gecko) Chrome/73.0.3683.86 Safari/537.36','/dept/12','DELETE','','106','0',NULL,1),(962,'0','保存并发布菜单','upms','admin','2019-06-12 14:23:20',NULL,'127.0.0.1','Mozilla/5.0 (Windows NT 10.0; Win64; x64) AppleWebKit/537.36 (KHTML, like Gecko) Chrome/73.0.3683.86 Safari/537.36','/wxmenu','POST','','2398','0',NULL,1),(963,'0','保存并发布菜单','upms','admin','2019-06-12 14:34:24',NULL,'127.0.0.1','Mozilla/5.0 (Windows NT 10.0; Win64; x64) AppleWebKit/537.36 (KHTML, like Gecko) Chrome/73.0.3683.86 Safari/537.36','/wxmenu','POST','','1057','0',NULL,1),(964,'0','保存并发布菜单','upms','admin','2019-06-12 14:40:41',NULL,'127.0.0.1','Mozilla/5.0 (Windows NT 10.0; Win64; x64) AppleWebKit/537.36 (KHTML, like Gecko) Chrome/73.0.3683.86 Safari/537.36','/wxmenu','POST','','1032','0',NULL,1),(965,'0','保存并发布菜单','upms','admin','2019-06-12 14:42:21',NULL,'127.0.0.1','Mozilla/5.0 (Windows NT 10.0; Win64; x64) AppleWebKit/537.36 (KHTML, like Gecko) Chrome/73.0.3683.86 Safari/537.36','/wxmenu','POST','','918','0',NULL,1),(966,'0','同步微信用户','upms','admin','2019-06-12 15:17:44',NULL,'127.0.0.1','Mozilla/5.0 (Windows NT 10.0; Win64; x64) AppleWebKit/537.36 (KHTML, like Gecko) Chrome/73.0.3683.86 Safari/537.36','/wxuser/synchron','POST','','847','0',NULL,1),(967,'0','同步微信用户','upms','admin','2019-06-12 15:18:47',NULL,'127.0.0.1','Mozilla/5.0 (Windows NT 10.0; Win64; x64) AppleWebKit/537.36 (KHTML, like Gecko) Chrome/73.0.3683.86 Safari/537.36','/wxuser/synchron','POST','','454','0',NULL,1),(968,'0','同步微信用户','upms','admin','2019-06-12 15:28:02',NULL,'127.0.0.1','Mozilla/5.0 (Windows NT 10.0; Win64; x64) AppleWebKit/537.36 (KHTML, like Gecko) Chrome/73.0.3683.86 Safari/537.36','/wxuser/synchron','POST','','142855','0',NULL,1),(969,'0','同步微信用户','upms','admin','2019-06-12 15:49:22',NULL,'127.0.0.1','Mozilla/5.0 (Windows NT 10.0; Win64; x64) AppleWebKit/537.36 (KHTML, like Gecko) Chrome/73.0.3683.86 Safari/537.36','/wxuser/synchron','POST','','475','0',NULL,1),(970,'0','同步微信用户','upms','admin','2019-06-12 15:49:50',NULL,'127.0.0.1','Mozilla/5.0 (Windows NT 10.0; Win64; x64) AppleWebKit/537.36 (KHTML, like Gecko) Chrome/73.0.3683.86 Safari/537.36','/wxuser/synchron','POST','','510','0',NULL,1),(971,'0','同步微信用户','upms','admin','2019-06-12 15:52:31',NULL,'127.0.0.1','Mozilla/5.0 (Windows NT 10.0; Win64; x64) AppleWebKit/537.36 (KHTML, like Gecko) Chrome/73.0.3683.86 Safari/537.36','/wxuser/synchron','POST','','143228','0',NULL,1),(972,'0','新增微信消息','upms','admin','2019-06-12 16:49:33',NULL,'127.0.0.1','Mozilla/5.0 (Windows NT 10.0; Win64; x64) AppleWebKit/537.36 (KHTML, like Gecko) Chrome/73.0.3683.86 Safari/537.36','/wxmsg','POST','','315','0',NULL,1),(973,'0','修改微信消息','upms','admin','2019-06-12 16:50:20',NULL,'127.0.0.1','Mozilla/5.0 (Windows NT 10.0; Win64; x64) AppleWebKit/537.36 (KHTML, like Gecko) Chrome/73.0.3683.86 Safari/537.36','/wxmsg','PUT','','119','0',NULL,1),(974,'0','修改微信消息','upms','admin','2019-06-12 16:50:24',NULL,'127.0.0.1','Mozilla/5.0 (Windows NT 10.0; Win64; x64) AppleWebKit/537.36 (KHTML, like Gecko) Chrome/73.0.3683.86 Safari/537.36','/wxmsg','PUT','','63','0',NULL,1),(975,'0','修改微信消息','upms','admin','2019-06-12 16:50:28',NULL,'127.0.0.1','Mozilla/5.0 (Windows NT 10.0; Win64; x64) AppleWebKit/537.36 (KHTML, like Gecko) Chrome/73.0.3683.86 Safari/537.36','/wxmsg','PUT','','105','0',NULL,1),(976,'0','修改微信消息','upms','admin','2019-06-12 16:50:34',NULL,'127.0.0.1','Mozilla/5.0 (Windows NT 10.0; Win64; x64) AppleWebKit/537.36 (KHTML, like Gecko) Chrome/73.0.3683.86 Safari/537.36','/wxmsg','PUT','','124','0',NULL,1),(977,'0','生成公众号二维码','upms','admin','2019-06-12 17:23:42',NULL,'127.0.0.1','Mozilla/5.0 (Windows NT 10.0; Win64; x64) AppleWebKit/537.36 (KHTML, like Gecko) Chrome/73.0.3683.86 Safari/537.36','/wxapp/qrCode','POST','','522','0',NULL,1),(978,'0','生成公众号二维码','upms','admin','2019-06-12 17:24:22',NULL,'127.0.0.1','Mozilla/5.0 (Windows NT 10.0; Win64; x64) AppleWebKit/537.36 (KHTML, like Gecko) Chrome/73.0.3683.86 Safari/537.36','/wxapp/qrCode','POST','','223','0',NULL,1),(979,'0','新增微信用户标签','upms','admin','2019-06-12 17:38:20',NULL,'127.0.0.1','Mozilla/5.0 (Windows NT 10.0; Win64; x64) AppleWebKit/537.36 (KHTML, like Gecko) Chrome/73.0.3683.86 Safari/537.36','/wxusertags','POST','','239','0',NULL,1),(980,'0','生成公众号二维码','upms','admin','2019-06-12 17:39:43',NULL,'127.0.0.1','Mozilla/5.0 (Windows NT 10.0; Win64; x64) AppleWebKit/537.36 (KHTML, like Gecko) Chrome/73.0.3683.86 Safari/537.36','/wxapp/qrCode','POST','','129','0',NULL,1),(981,'0','修改消息自动回复','upms','admin','2019-06-13 11:51:43',NULL,'127.0.0.1','Mozilla/5.0 (Windows NT 10.0; Win64; x64) AppleWebKit/537.36 (KHTML, like Gecko) Chrome/73.0.3683.86 Safari/537.36','/wxautoreply','PUT','','15','0',NULL,1),(982,'0','删除微信账号配置','upms','admin','2019-06-13 11:59:52',NULL,'127.0.0.1','Mozilla/5.0 (Windows NT 10.0; Win64; x64) AppleWebKit/537.36 (KHTML, like Gecko) Chrome/73.0.3683.86 Safari/537.36','/wxapp/wx49b06760bcc8b2eb','DELETE','','67','0',NULL,1),(983,'0','修改微信账号配置','upms','admin','2019-06-13 12:00:01',NULL,'127.0.0.1','Mozilla/5.0 (Windows NT 10.0; Win64; x64) AppleWebKit/537.36 (KHTML, like Gecko) Chrome/73.0.3683.86 Safari/537.36','/wxapp','PUT','','1933','0',NULL,1),(984,'0','删除微信账号配置','upms','admin','2019-06-13 12:00:12',NULL,'127.0.0.1','Mozilla/5.0 (Windows NT 10.0; Win64; x64) AppleWebKit/537.36 (KHTML, like Gecko) Chrome/73.0.3683.86 Safari/537.36','/wxapp/wx6bbabe2a208f5463','DELETE','','82','0',NULL,1),(985,'0','保存并发布菜单','upms','admin','2019-06-13 12:00:33',NULL,'127.0.0.1','Mozilla/5.0 (Windows NT 10.0; Win64; x64) AppleWebKit/537.36 (KHTML, like Gecko) Chrome/73.0.3683.86 Safari/537.36','/wxmenu','POST','','1564','0',NULL,1),(986,'0','新增微信消息','upms','admin','2019-06-13 12:00:49',NULL,'127.0.0.1','Mozilla/5.0 (Windows NT 10.0; Win64; x64) AppleWebKit/537.36 (KHTML, like Gecko) Chrome/73.0.3683.86 Safari/537.36','/wxmsg','POST','','335','0',NULL,1),(987,'0','同步微信用户','upms','admin','2019-06-13 17:39:56',NULL,'127.0.0.1','Mozilla/5.0 (Windows NT 10.0; Win64; x64) AppleWebKit/537.36 (KHTML, like Gecko) Chrome/73.0.3683.86 Safari/537.36','/wxuser/synchron','POST','','782','0',NULL,1),(988,'0','修改微信消息','upms','admin','2019-06-13 22:41:36',NULL,'127.0.0.1','Mozilla/5.0 (Windows NT 10.0; Win64; x64) AppleWebKit/537.36 (KHTML, like Gecko) Chrome/73.0.3683.75 Safari/537.36','/wxmsg','PUT','','23','0',NULL,1),(989,'0','修改个人信息','upms','admin','2019-06-14 21:57:53',NULL,'127.0.0.1','Mozilla/5.0 (Windows NT 10.0; Win64; x64) AppleWebKit/537.36 (KHTML, like Gecko) Chrome/73.0.3683.75 Safari/537.36','/user/edit','PUT','','34','0',NULL,1),(990,'0','编辑终端','upms','admin','2019-06-14 22:18:51',NULL,'127.0.0.1','Mozilla/5.0 (Windows NT 10.0; Win64; x64) AppleWebKit/537.36 (KHTML, like Gecko) Chrome/73.0.3683.75 Safari/537.36','/client','PUT','','10','0',NULL,1),(991,'0','保存并发布菜单','upms','admin','2019-06-15 17:18:49',NULL,'127.0.0.1','Mozilla/5.0 (Windows NT 10.0; Win64; x64) AppleWebKit/537.36 (KHTML, like Gecko) Chrome/75.0.3770.90 Safari/537.36','/wxmenu','POST','','2675','0',NULL,1),(992,'0','新增消息自动回复','upms','admin','2019-06-15 17:21:23',NULL,'127.0.0.1','Mozilla/5.0 (Windows NT 10.0; Win64; x64) AppleWebKit/537.36 (KHTML, like Gecko) Chrome/75.0.3770.90 Safari/537.36','/wxautoreply','POST','','20','0',NULL,1),(993,'0','新增消息自动回复','upms','admin','2019-06-15 17:21:40',NULL,'127.0.0.1','Mozilla/5.0 (Windows NT 10.0; Win64; x64) AppleWebKit/537.36 (KHTML, like Gecko) Chrome/75.0.3770.90 Safari/537.36','/wxautoreply','POST','','14','0',NULL,1),(994,'0','新增消息自动回复','upms','admin','2019-06-15 17:21:52',NULL,'127.0.0.1','Mozilla/5.0 (Windows NT 10.0; Win64; x64) AppleWebKit/537.36 (KHTML, like Gecko) Chrome/75.0.3770.90 Safari/537.36','/wxautoreply','POST','','28','0',NULL,1),(995,'0','新增消息自动回复','upms','admin','2019-06-15 17:22:04',NULL,'127.0.0.1','Mozilla/5.0 (Windows NT 10.0; Win64; x64) AppleWebKit/537.36 (KHTML, like Gecko) Chrome/75.0.3770.90 Safari/537.36','/wxautoreply','POST','','47','0',NULL,1),(996,'0','新增消息自动回复','upms','admin','2019-06-15 17:22:19',NULL,'127.0.0.1','Mozilla/5.0 (Windows NT 10.0; Win64; x64) AppleWebKit/537.36 (KHTML, like Gecko) Chrome/75.0.3770.90 Safari/537.36','/wxautoreply','POST','','27','0',NULL,1),(997,'0','新增消息自动回复','upms','admin','2019-06-15 17:22:34',NULL,'127.0.0.1','Mozilla/5.0 (Windows NT 10.0; Win64; x64) AppleWebKit/537.36 (KHTML, like Gecko) Chrome/75.0.3770.90 Safari/537.36','/wxautoreply','POST','','16','0',NULL,1),(998,'0','修改字典','upms','admin','2019-06-15 17:24:04',NULL,'127.0.0.1','Mozilla/5.0 (Windows NT 10.0; Win64; x64) AppleWebKit/537.36 (KHTML, like Gecko) Chrome/75.0.3770.90 Safari/537.36','/dict','PUT','','7','0',NULL,1),(999,'0','保存并发布菜单','upms','admin','2019-06-15 18:30:47',NULL,'127.0.0.1','Mozilla/5.0 (Windows NT 10.0; Win64; x64) AppleWebKit/537.36 (KHTML, like Gecko) Chrome/75.0.3770.90 Safari/537.36','/wxmenu','POST','','1221','0',NULL,1),(1000,'0','保存并发布菜单','upms','admin','2019-06-15 21:41:25',NULL,'127.0.0.1','Mozilla/5.0 (Windows NT 10.0; Win64; x64) AppleWebKit/537.36 (KHTML, like Gecko) Chrome/75.0.3770.90 Safari/537.36','/wxmenu','POST','','704','0',NULL,1),(1001,'0','编辑终端','upms','admin','2019-06-20 09:48:49',NULL,'127.0.0.1','Mozilla/5.0 (Windows NT 10.0; Win64; x64) AppleWebKit/537.36 (KHTML, like Gecko) Chrome/73.0.3683.86 Safari/537.36','/client','PUT','','73','0',NULL,1),(1002,'0','修改字典项','upms','admin','2019-06-21 09:46:04',NULL,'127.0.0.1','Mozilla/5.0 (Windows NT 10.0; Win64; x64) AppleWebKit/537.36 (KHTML, like Gecko) Chrome/73.0.3683.86 Safari/537.36','/dict/item','PUT','','11','0',NULL,1),(1003,'0','新增微信消息','upms','admin','2019-06-21 10:07:16',NULL,'127.0.0.1','Mozilla/5.0 (Windows NT 10.0; Win64; x64) AppleWebKit/537.36 (KHTML, like Gecko) Chrome/73.0.3683.86 Safari/537.36','/wxmsg','POST','','425','0',NULL,1),(1004,'0','第三方平台新增微信账号配置',NULL,'anonymousUser','2019-06-21 17:15:58',NULL,'192.168.1.117','okhttp/3.10.0','/wxapp/wxOpen','POST','','138','0',NULL,1),(1005,'0','删除微信账号配置','upms','admin','2019-06-21 17:41:49',NULL,'127.0.0.1','Mozilla/5.0 (Windows NT 10.0; Win64; x64) AppleWebKit/537.36 (KHTML, like Gecko) Chrome/73.0.3683.86 Safari/537.36','/wxapp/wxa911990057aa571d','DELETE','','90','0',NULL,1),(1006,'0','第三方平台新增微信账号配置',NULL,'anonymousUser','2019-06-21 17:44:32',NULL,'192.168.1.117','okhttp/3.10.0','/wxapp/wx-open','POST','','75','0',NULL,1),(1007,'0','第三方平台新增微信账号配置',NULL,'anonymousUser','2019-06-21 18:01:02',NULL,'192.168.1.117','okhttp/3.10.0','/wxapp/wx-open','POST','','4124','0',NULL,1),(1008,'0','第三方平台新增微信账号配置',NULL,'anonymousUser','2019-06-24 14:36:02',NULL,'192.168.1.117','okhttp/3.10.0','/wxapp/wx-open','POST','','99','0',NULL,1),(1009,'0','保存并发布菜单','upms','admin','2019-06-25 10:16:46',NULL,'127.0.0.1','Mozilla/5.0 (Windows NT 10.0; Win64; x64) AppleWebKit/537.36 (KHTML, like Gecko) Chrome/73.0.3683.86 Safari/537.36','/wxmenu','POST','','1448','0',NULL,1),(1010,'0','删除微信账号配置','upms','admin','2019-06-25 10:18:48',NULL,'127.0.0.1','Mozilla/5.0 (Windows NT 10.0; Win64; x64) AppleWebKit/537.36 (KHTML, like Gecko) Chrome/73.0.3683.86 Safari/537.36','/wxapp/wx283a213c9277740f','DELETE','','61','0',NULL,1),(1011,'0','保存并发布菜单','upms','admin','2019-06-25 10:19:15',NULL,'127.0.0.1','Mozilla/5.0 (Windows NT 10.0; Win64; x64) AppleWebKit/537.36 (KHTML, like Gecko) Chrome/73.0.3683.86 Safari/537.36','/wxmenu','POST','','1083','0',NULL,1),(1012,'0','保存并发布菜单','upms','admin','2019-06-25 10:19:34',NULL,'127.0.0.1','Mozilla/5.0 (Windows NT 10.0; Win64; x64) AppleWebKit/537.36 (KHTML, like Gecko) Chrome/73.0.3683.86 Safari/537.36','/wxmenu','POST','','485','0',NULL,1),(1013,'0','保存并发布菜单','upms','admin','2019-06-25 10:20:30',NULL,'127.0.0.1','Mozilla/5.0 (Windows NT 10.0; Win64; x64) AppleWebKit/537.36 (KHTML, like Gecko) Chrome/73.0.3683.86 Safari/537.36','/wxmenu','POST','','1196','0',NULL,1),(1014,'0','添加字典','upms','admin','2019-06-25 10:27:39',NULL,'127.0.0.1','Mozilla/5.0 (Windows NT 10.0; Win64; x64) AppleWebKit/537.36 (KHTML, like Gecko) Chrome/73.0.3683.86 Safari/537.36','/dict','POST','','76','0',NULL,1),(1015,'0','新增字典项','upms','admin','2019-06-25 10:28:39',NULL,'127.0.0.1','Mozilla/5.0 (Windows NT 10.0; Win64; x64) AppleWebKit/537.36 (KHTML, like Gecko) Chrome/73.0.3683.86 Safari/537.36','/dict/item','POST','','63','0',NULL,1),(1016,'0','新增字典项','upms','admin','2019-06-25 10:28:56',NULL,'127.0.0.1','Mozilla/5.0 (Windows NT 10.0; Win64; x64) AppleWebKit/537.36 (KHTML, like Gecko) Chrome/73.0.3683.86 Safari/537.36','/dict/item','POST','','73','0',NULL,1),(1017,'0','新增字典项','upms','admin','2019-06-25 10:29:10',NULL,'127.0.0.1','Mozilla/5.0 (Windows NT 10.0; Win64; x64) AppleWebKit/537.36 (KHTML, like Gecko) Chrome/73.0.3683.86 Safari/537.36','/dict/item','POST','','81','0',NULL,1),(1018,'0','新增字典项','upms','admin','2019-06-25 10:29:22',NULL,'127.0.0.1','Mozilla/5.0 (Windows NT 10.0; Win64; x64) AppleWebKit/537.36 (KHTML, like Gecko) Chrome/73.0.3683.86 Safari/537.36','/dict/item','POST','','64','0',NULL,1),(1019,'0','新增字典项','upms','admin','2019-06-25 10:29:38',NULL,'127.0.0.1','Mozilla/5.0 (Windows NT 10.0; Win64; x64) AppleWebKit/537.36 (KHTML, like Gecko) Chrome/73.0.3683.86 Safari/537.36','/dict/item','POST','','59','0',NULL,1),(1020,'0','新增字典项','upms','admin','2019-06-25 10:29:52',NULL,'127.0.0.1','Mozilla/5.0 (Windows NT 10.0; Win64; x64) AppleWebKit/537.36 (KHTML, like Gecko) Chrome/73.0.3683.86 Safari/537.36','/dict/item','POST','','53','0',NULL,1),(1021,'0','新增字典项','upms','admin','2019-06-25 10:30:05',NULL,'127.0.0.1','Mozilla/5.0 (Windows NT 10.0; Win64; x64) AppleWebKit/537.36 (KHTML, like Gecko) Chrome/73.0.3683.86 Safari/537.36','/dict/item','POST','','56','0',NULL,1),(1022,'0','修改微信账号配置','upms','admin','2019-06-25 10:50:05',NULL,'127.0.0.1','Mozilla/5.0 (Windows NT 10.0; Win64; x64) AppleWebKit/537.36 (KHTML, like Gecko) Chrome/73.0.3683.86 Safari/537.36','/wxapp','PUT','','707','0',NULL,1),(1023,'0','修改微信账号配置','upms','admin','2019-06-25 10:50:30',NULL,'127.0.0.1','Mozilla/5.0 (Windows NT 10.0; Win64; x64) AppleWebKit/537.36 (KHTML, like Gecko) Chrome/73.0.3683.86 Safari/537.36','/wxapp','PUT','','288','0',NULL,1),(1024,'0','修改微信账号配置','upms','admin','2019-06-25 10:50:36',NULL,'127.0.0.1','Mozilla/5.0 (Windows NT 10.0; Win64; x64) AppleWebKit/537.36 (KHTML, like Gecko) Chrome/73.0.3683.86 Safari/537.36','/wxapp','PUT','','355','0',NULL,1),(1025,'0','删除微信账号配置','upms','admin','2019-06-25 15:03:08',NULL,'127.0.0.1','Mozilla/5.0 (Windows NT 10.0; Win64; x64) AppleWebKit/537.36 (KHTML, like Gecko) Chrome/73.0.3683.86 Safari/537.36','/wxapp/wx49b06760bcc8b2eb','DELETE','','129','0',NULL,1),(1026,'0','删除微信账号配置','upms','admin','2019-06-25 15:03:18',NULL,'127.0.0.1','Mozilla/5.0 (Windows NT 10.0; Win64; x64) AppleWebKit/537.36 (KHTML, like Gecko) Chrome/73.0.3683.86 Safari/537.36','/wxapp/wx3a9b793d90227207','DELETE','','94','0',NULL,1),(1027,'0','删除微信账号配置','upms','admin','2019-06-25 15:03:21',NULL,'127.0.0.1','Mozilla/5.0 (Windows NT 10.0; Win64; x64) AppleWebKit/537.36 (KHTML, like Gecko) Chrome/73.0.3683.86 Safari/537.36','/wxapp/wx283a213c9277740f','DELETE','','77','0',NULL,1),(1028,'0','删除微信账号配置','upms','admin','2019-06-25 15:03:30',NULL,'127.0.0.1','Mozilla/5.0 (Windows NT 10.0; Win64; x64) AppleWebKit/537.36 (KHTML, like Gecko) Chrome/73.0.3683.86 Safari/537.36','/wxapp/wxa911990057aa571d','DELETE','','100','0',NULL,1),(1029,'0','同步微信用户','upms','admin','2019-06-26 09:23:53',NULL,'127.0.0.1','Mozilla/5.0 (Windows NT 10.0; Win64; x64) AppleWebKit/537.36 (KHTML, like Gecko) Chrome/73.0.3683.86 Safari/537.36','/wxuser/synchron','POST','','4763','0',NULL,1),(1030,'0','删除微信账号配置','upms','admin','2019-06-26 09:35:53',NULL,'127.0.0.1','Mozilla/5.0 (Windows NT 10.0; Win64; x64) AppleWebKit/537.36 (KHTML, like Gecko) Chrome/73.0.3683.86 Safari/537.36','/wxapp/wx3a9b793d90227207','DELETE','','67','0',NULL,1),(1031,'0','同步微信用户','upms','admin','2019-06-26 18:21:03',NULL,'127.0.0.1','Mozilla/5.0 (Windows NT 10.0; Win64; x64) AppleWebKit/537.36 (KHTML, like Gecko) Chrome/73.0.3683.86 Safari/537.36','/wxuser/synchron','POST','','1314','0',NULL,1);

/*Table structure for table `sys_menu` */

DROP TABLE IF EXISTS `sys_menu`;

CREATE TABLE `sys_menu` (
  `menu_id` int(11) NOT NULL COMMENT '菜单ID',
  `name` varchar(32) NOT NULL COMMENT '菜单名称',
  `permission` varchar(32) DEFAULT NULL COMMENT '菜单权限标识',
  `path` varchar(128) DEFAULT NULL COMMENT '前端URL',
  `parent_id` int(11) DEFAULT NULL COMMENT '父菜单ID',
  `icon` varchar(32) DEFAULT NULL COMMENT '图标',
  `component` varchar(64) DEFAULT NULL COMMENT 'VUE页面',
  `sort` int(11) DEFAULT '1' COMMENT '排序值',
  `keep_alive` char(1) DEFAULT '0' COMMENT '0-开启，1- 关闭',
  `type` char(1) DEFAULT NULL COMMENT '菜单类型 （0菜单 1按钮）',
  `create_time` timestamp NULL DEFAULT CURRENT_TIMESTAMP COMMENT '创建时间',
  `update_time` timestamp NULL DEFAULT NULL ON UPDATE CURRENT_TIMESTAMP COMMENT '更新时间',
  `del_flag` char(1) DEFAULT '0' COMMENT '逻辑删除标记(0--正常 1--删除)',
  PRIMARY KEY (`menu_id`) USING BTREE
) ENGINE=InnoDB DEFAULT CHARSET=utf8 ROW_FORMAT=DYNAMIC COMMENT='菜单权限表';

/*Data for the table `sys_menu` */

insert  into `sys_menu`(`menu_id`,`name`,`permission`,`path`,`parent_id`,`icon`,`component`,`sort`,`keep_alive`,`type`,`create_time`,`update_time`,`del_flag`) values (1000000,'权限管理',NULL,'/upms',-1,'icon-quanxianguanli','Layout',2,'0','0','2018-09-28 08:29:53','2019-04-06 19:49:40','0'),(1100000,'用户管理',NULL,'user',1000000,'icon-yonghu','views/admin/user/index',1,'1','0','2017-11-02 22:24:37','2019-04-13 12:15:27','0'),(1101000,'用户新增','sys_user_add',NULL,1100000,NULL,NULL,NULL,'0','1','2017-11-08 09:52:09','2019-04-06 19:50:56','0'),(1102000,'用户修改','sys_user_edit',NULL,1100000,NULL,NULL,NULL,'0','1','2017-11-08 09:52:48','2019-04-06 19:50:56','0'),(1103000,'用户删除','sys_user_del',NULL,1100000,NULL,NULL,NULL,'0','1','2017-11-08 09:54:01','2019-04-06 19:50:56','0'),(1200000,'菜单管理',NULL,'menu',1000000,'icon-caidanguanli','views/admin/menu/index',2,'0','0','2017-11-08 09:57:27','2019-04-06 19:50:56','0'),(1201000,'菜单新增','sys_menu_add',NULL,1200000,NULL,NULL,NULL,'0','1','2017-11-08 10:15:53','2019-04-06 19:50:56','0'),(1202000,'菜单修改','sys_menu_edit',NULL,1200000,NULL,NULL,NULL,'0','1','2017-11-08 10:16:23','2019-04-06 19:50:56','0'),(1203000,'菜单删除','sys_menu_del',NULL,1200000,NULL,NULL,NULL,'0','1','2017-11-08 10:16:43','2019-04-06 19:50:56','0'),(1300000,'角色管理',NULL,'role',1000000,'icon-jiaose','views/admin/role/index',3,'0','0','2017-11-08 10:13:37','2019-04-13 12:17:52','0'),(1301000,'角色新增','sys_role_add',NULL,1300000,NULL,NULL,NULL,'0','1','2017-11-08 10:14:18','2019-04-06 19:50:56','0'),(1302000,'角色修改','sys_role_edit',NULL,1300000,NULL,NULL,NULL,'0','1','2017-11-08 10:14:41','2019-04-06 19:50:56','0'),(1303000,'角色删除','sys_role_del',NULL,1300000,NULL,NULL,NULL,'0','1','2017-11-08 10:14:59','2019-04-06 19:50:56','0'),(1304000,'分配权限','sys_role_perm',NULL,1300000,NULL,NULL,NULL,'0','1','2018-04-20 07:22:55','2019-04-06 19:50:56','0'),(1400000,'部门管理',NULL,'dept',1000000,'icon-bumen','views/admin/dept/index',4,'0','0','2018-01-20 13:17:19','2019-04-06 20:14:04','0'),(1401000,'部门新增','sys_dept_add',NULL,1400000,NULL,NULL,NULL,'0','1','2018-01-20 14:56:16','2019-04-06 19:50:56','0'),(1402000,'部门修改','sys_dept_edit',NULL,1400000,NULL,NULL,NULL,'0','1','2018-01-20 14:56:59','2019-04-06 19:50:56','0'),(1403000,'部门删除','sys_dept_del',NULL,1400000,NULL,NULL,NULL,'0','1','2018-01-20 14:57:28','2019-04-06 19:50:56','0'),(2000000,'系统管理',NULL,'/admin',-1,'icon-xitongguanli','Layout',1,'0','0','2017-11-07 20:56:00','2019-04-06 19:49:40','0'),(2100000,'日志管理',NULL,'log',2000000,'icon-rizhi','views/admin/log/index',5,'0','0','2017-11-20 14:06:22','2019-04-06 20:15:43','0'),(2101000,'日志删除','sys_log_del',NULL,2100000,NULL,NULL,NULL,'0','1','2017-11-20 20:37:37','2019-04-06 19:50:56','0'),(2200000,'字典管理',NULL,'dict',2000000,'icon-zidian','views/admin/dict/index',6,'0','0','2017-11-29 11:30:52','2019-04-06 20:15:43','0'),(2201000,'字典删除','sys_dict_del',NULL,2200000,NULL,NULL,NULL,'0','1','2017-11-29 11:30:11','2019-04-06 19:50:56','0'),(2202000,'字典新增','sys_dict_add',NULL,2200000,NULL,NULL,NULL,'0','1','2018-05-11 22:34:55','2019-04-06 19:50:56','0'),(2203000,'字典修改','sys_dict_edit',NULL,2200000,NULL,NULL,NULL,'0','1','2018-05-11 22:36:03','2019-04-06 19:50:56','0'),(2300000,'代码生成','','gen',2000000,'icon-daimashengcheng','views/gen/index',8,'0','0','2018-01-20 13:17:19','2019-04-06 20:18:50','0'),(2400000,'终端管理','','client',2000000,'icon-shouji','views/admin/client/index',9,'0','0','2018-01-20 13:17:19','2019-04-06 19:50:56','0'),(2401000,'客户端新增','sys_client_add',NULL,2400000,'1',NULL,NULL,'0','1','2018-05-15 21:35:18','2019-04-06 19:50:56','0'),(2402000,'客户端修改','sys_client_edit',NULL,2400000,NULL,NULL,NULL,'0','1','2018-05-15 21:37:06','2019-04-06 19:50:56','0'),(2403000,'客户端删除','sys_client_del',NULL,2400000,NULL,NULL,NULL,'0','1','2018-05-15 21:39:16','2019-04-06 19:50:56','0'),(2500000,'社交平台密钥管理','','social',2000000,'icon-miyue','views/admin/social/index',10,'0','0','2018-01-20 13:17:19','2019-05-28 11:27:09','0'),(2501000,'密钥新增','sys_social_details_add',NULL,2500000,'1',NULL,0,'0','1','2018-05-15 21:35:18','2019-04-06 19:50:56','0'),(2502000,'密钥修改','sys_social_details_edit',NULL,2500000,'1',NULL,1,'0','1','2018-05-15 21:35:18','2019-04-06 19:50:56','0'),(2503000,'密钥删除','sys_social_details_del',NULL,2500000,'1',NULL,2,'0','1','2018-05-15 21:35:18','2019-04-06 19:50:56','0'),(2600000,'令牌管理',NULL,'token',2000000,'icon-lingpai','views/admin/token/index',11,'0','0','2018-09-04 05:58:41','2019-04-06 20:20:04','0'),(2601000,'令牌删除','sys_token_del',NULL,2600000,NULL,NULL,1,'0','1','2018-09-04 05:59:50','2019-04-06 19:50:56','0'),(2700000,'动态路由',NULL,'route',2000000,'icon-luyou','views/admin/route/index',12,'0','0','2018-09-04 05:58:41','2019-04-06 19:50:56','0'),(2800000,'参数管理',NULL,NULL,2000000,'icon-canshu','views/admin/param/index',16,'1','0','2019-05-14 15:41:52','2019-05-14 15:51:40','0'),(2810000,'参数编辑','admin_syspublicparam_edit',NULL,2800000,NULL,NULL,1,'0','1','2019-05-14 15:42:43',NULL,'0'),(2820000,'参数新增','admin_syspublicparam_add',NULL,2800000,NULL,NULL,1,'0','1','2019-05-14 15:43:13',NULL,'0'),(2830000,'参数删除','admin_syspublicparam_del',NULL,2800000,NULL,NULL,1,'0','1','2019-05-14 15:43:42',NULL,'0'),(8000000,'微信模块','','/weixin',-1,'icon-weixin','Layout',0,'0','0','2018-01-20 13:17:19','2019-04-02 09:48:13','0'),(8100000,'公众号管理','','wxmp/wxapp',8000000,'icon-gongzhonghao','views/wxmp/wxapp/index',0,'0','0','2018-01-20 13:17:19','2019-04-02 09:50:46','0'),(8110000,'公众号配置','wxmp_wxapp_index','wxapp',8100000,'icon-peizhi','views/wxmp/wxapp/index',1,'0','1','2018-01-20 13:17:19','2019-04-02 09:50:46','0'),(8111000,'公众号配置新增','wxmp_wxapp_add',NULL,8110000,'1',NULL,0,'0','1','2018-05-15 21:35:18','2019-04-02 09:50:46','0'),(8112000,'公众号配置修改','wxmp_wxapp_edit',NULL,8110000,'1',NULL,1,'0','1','2018-05-15 21:35:18','2019-04-02 09:50:46','0'),(8113000,'公众号配置删除','wxmp_wxapp_del',NULL,8110000,'1',NULL,2,'0','1','2018-05-15 21:35:18','2019-04-02 09:50:46','0'),(8114000,'公众号配置详情','wxmp_wxapp_get',NULL,8110000,'1',NULL,3,'0','1','2018-05-15 21:35:18','2019-04-02 09:50:46','0'),(8116000,'消息自动回复管理','wxmp_wxautoreply_index','wxautoreply',8110000,'icon-bangzhushouji','views/wxmp/wxautoreply/index',8,'0','0','2018-01-20 13:17:19','2019-04-18 15:51:53','1'),(8116100,'消息自动回复新增','wxmp_wxautoreply_add',NULL,8116000,'1',NULL,0,'0','1','2018-05-15 21:35:18','2019-04-18 15:51:49','1'),(8116200,'消息自动回复修改','wxmp_wxautoreply_edit',NULL,8116000,'1',NULL,1,'0','1','2018-05-15 21:35:18','2019-04-18 15:51:46','1'),(8116300,'消息自动回复删除','wxmp_wxautoreply_del',NULL,8116000,'1',NULL,2,'0','1','2018-05-15 21:35:18','2019-04-18 15:51:44','1'),(8116400,'消息自动回复详情','wxmp_wxautoreply_get',NULL,8116000,'1',NULL,3,'0','1','2018-05-15 21:35:18','2019-04-18 15:51:40','1'),(8120000,'公众号用户','wxmp_wxuser_index','wxuser',8100000,'icon-yonghu','views/wxmp/wxuser/index',3,'0','1','2018-01-20 13:17:19','2019-04-02 09:50:46','0'),(8121000,'公众号用户新增','wxmp_wxuser_add',NULL,8120000,'1',NULL,0,'0','1','2018-05-15 21:35:18','2019-04-02 09:50:46','0'),(8122000,'公众号用户修改','wxmp_wxuser_edit',NULL,8120000,'1',NULL,1,'0','1','2018-05-15 21:35:18','2019-04-02 09:50:46','0'),(8123000,'公众号用户删除','wxmp_wxuser_del',NULL,8120000,'1',NULL,2,'0','1','2018-05-15 21:35:18','2019-04-02 09:50:46','0'),(8124000,'公众号用户详情','wxmp_wxuser_get',NULL,8120000,'1',NULL,3,'0','1','2018-05-15 21:35:18','2019-04-02 09:50:46','0'),(8125000,'公众号用户同步','wxmp_wxuser_synchro',NULL,8120000,NULL,NULL,1,'0','1','2019-04-14 17:35:01','2019-04-17 14:35:39','0'),(8126000,'公众号用户备注修改','wxmp_wxuser_edit_remark',NULL,8120000,NULL,NULL,1,'0','1','2019-04-17 14:35:14',NULL,'0'),(8127000,'公众号用户打标签','wxmp_wxuser_tagging',NULL,8120000,NULL,NULL,1,'0','1','2019-04-17 15:26:18',NULL,'0'),(8130000,'素材管理','wxmp_wxmaterial_index',NULL,8100000,'1',NULL,4,'0','1','2018-01-20 13:17:19','2019-04-02 09:50:46','0'),(8131000,'素材新增','wxmp_wxmaterial_add',NULL,8130000,'1',NULL,0,'0','1','2018-05-15 21:35:18','2019-04-02 09:50:46','0'),(8132000,'素材修改','wxmp_wxmaterial_edit',NULL,8130000,'1',NULL,1,'0','1','2018-05-15 21:35:18','2019-04-02 09:50:46','0'),(8133000,'素材删除','wxmp_wxmaterial_del',NULL,8130000,'1',NULL,2,'0','1','2018-05-15 21:35:18','2019-04-02 09:50:46','0'),(8134000,'素材详情','wxmp_wxmaterial_get',NULL,8130000,'1',NULL,3,'0','1','2018-05-15 21:35:18','2019-04-02 09:50:46','0'),(8140000,'自定义菜单管理','wxmp_wxmenu_index',NULL,8100000,'1',NULL,8,'0','1','2018-01-20 13:17:19','2019-04-02 09:50:46','0'),(8141000,'自定义菜单发布','wxmp_wxmenu_add',NULL,8140000,'1',NULL,4,'0','1','2018-05-15 21:35:18','2019-04-02 09:50:46','0'),(8142000,'自定义菜单详情','wxmp_wxmenu_get',NULL,8140000,'1',NULL,5,'0','1','2018-05-15 21:35:18','2019-04-02 09:50:46','0'),(8150000,'用户标签管理',NULL,NULL,8100000,NULL,NULL,1,'0','1','2019-04-16 17:28:44',NULL,'0'),(8151000,'用户标签列表','wxmp_wxusertags_list',NULL,8150000,NULL,NULL,1,'0','1','2019-04-16 17:30:24','2019-04-17 09:05:25','0'),(8152000,'用户标签新增','wxmp_wxusertags_add',NULL,8150000,NULL,NULL,1,'0','1','2019-04-17 09:03:56','2019-04-17 09:05:19','0'),(8153000,'用户标签修改','wxmp_wxusertags_edit',NULL,8150000,NULL,NULL,1,'0','1','2019-04-17 09:04:33','2019-04-17 09:05:14','0'),(8154000,'用户标签删除','wxmp_wxusertags_del',NULL,8150000,NULL,NULL,1,'0','1','2019-04-17 09:05:08',NULL,'0'),(8160000,'消息自动回复管理','wxmp_wxautoreply_index','wxautoreply',8100000,'icon-bangzhushouji','views/wxmp/wxautoreply/index',8,'0','1','2018-01-20 13:17:19','2018-07-29 13:38:19','0'),(8161000,'消息自动回复新增','wxmp_wxautoreply_add',NULL,8160000,'1',NULL,0,'0','1','2018-05-15 21:35:18','2018-07-29 13:38:59','0'),(8162000,'消息自动回复修改','wxmp_wxautoreply_edit',NULL,8160000,'1',NULL,1,'0','1','2018-05-15 21:35:18','2018-07-29 13:38:59','0'),(8163000,'消息自动回复删除','wxmp_wxautoreply_del',NULL,8160000,'1',NULL,2,'0','1','2018-05-15 21:35:18','2018-07-29 13:38:59','0'),(8164000,'消息自动回复详情','wxmp_wxautoreply_get',NULL,8160000,'1',NULL,3,'0','1','2018-05-15 21:35:18','2018-07-29 13:38:59','0'),(8170000,'用户消息管理','wxmp_wxmsg_index',NULL,8100000,NULL,NULL,1,'1','1','2019-05-28 16:04:18','2019-06-09 12:19:47','0'),(8171000,'用户消息新增','wxmp_wxmsg_add',NULL,8170000,NULL,NULL,1,'0','1','2019-05-28 16:05:48','2019-06-09 12:20:09','0'),(8172000,'用户消息修改','wxmp_wxmsg_edit',NULL,8170000,NULL,NULL,1,'0','1','2019-05-28 16:06:15','2019-06-09 12:20:14','0'),(8173000,'用户消息删除','wxmp_wxmsg_del',NULL,8170000,NULL,NULL,1,'0','1','2019-05-28 16:11:06','2019-06-09 12:20:18','0'),(8174000,'用户消息详情','wxmp_wxmsg_get',NULL,8170000,NULL,NULL,1,'0','1','2019-05-28 16:11:35','2019-06-09 12:20:02','0');

/*Table structure for table `sys_oauth_client_details` */

DROP TABLE IF EXISTS `sys_oauth_client_details`;

CREATE TABLE `sys_oauth_client_details` (
  `client_id` varchar(32) NOT NULL,
  `resource_ids` varchar(256) DEFAULT NULL,
  `client_secret` varchar(256) DEFAULT NULL,
  `scope` varchar(256) DEFAULT NULL,
  `authorized_grant_types` varchar(256) DEFAULT NULL,
  `web_server_redirect_uri` varchar(256) DEFAULT NULL,
  `authorities` varchar(256) DEFAULT NULL,
  `access_token_validity` int(11) DEFAULT NULL,
  `refresh_token_validity` int(11) DEFAULT NULL,
  `additional_information` varchar(4096) DEFAULT NULL,
  `autoapprove` varchar(256) DEFAULT NULL,
  `tenant_id` int(11) NOT NULL DEFAULT '0' COMMENT '所属租户',
  PRIMARY KEY (`client_id`) USING BTREE
) ENGINE=InnoDB DEFAULT CHARSET=utf8mb4 COLLATE=utf8mb4_0900_ai_ci ROW_FORMAT=DYNAMIC COMMENT='终端信息表';

/*Data for the table `sys_oauth_client_details` */

insert  into `sys_oauth_client_details`(`client_id`,`resource_ids`,`client_secret`,`scope`,`authorized_grant_types`,`web_server_redirect_uri`,`authorities`,`access_token_validity`,`refresh_token_validity`,`additional_information`,`autoapprove`,`tenant_id`) values ('gen',NULL,'gen','server','password,refresh_token',NULL,NULL,NULL,NULL,NULL,'true',1),('upms',NULL,'upms','server','password,refresh_token,authorization_code,client_credentials','',NULL,NULL,NULL,NULL,'true',1);

/*Table structure for table `sys_public_param` */

DROP TABLE IF EXISTS `sys_public_param`;

CREATE TABLE `sys_public_param` (
  `public_id` bigint(20) NOT NULL AUTO_INCREMENT COMMENT '编号',
  `public_name` varchar(128) NOT NULL COMMENT '公共参数名称',
  `public_key` varchar(128) NOT NULL COMMENT '键,英文大写+下划线',
  `public_value` text COMMENT '值',
  `status` char(1) DEFAULT '1' COMMENT '状态：1有效；2无效；',
  `validate_code` varchar(64) DEFAULT NULL COMMENT '公共参数编码',
  `create_time` timestamp NOT NULL DEFAULT CURRENT_TIMESTAMP COMMENT '创建时间',
  `update_time` timestamp NULL DEFAULT NULL ON UPDATE CURRENT_TIMESTAMP COMMENT '修改时间',
  `public_type` char(1) DEFAULT '0' COMMENT '配置类型：0-默认；1-检索；2-原文；3-报表；4-安全；5-文档；6-消息；9-其他',
  `is_system` char(1) CHARACTER SET utf8mb4 COLLATE utf8mb4_0900_ai_ci NOT NULL COMMENT '0-是|1-否',
  `del_flag` char(1) DEFAULT '0' COMMENT '删除状态：0-正常；1-已删除',
  `tenant_id` int(11) DEFAULT NULL COMMENT '租户ID',
  PRIMARY KEY (`public_id`) USING BTREE,
  KEY `ids_tenant_id` (`tenant_id`)
) ENGINE=InnoDB AUTO_INCREMENT=7 DEFAULT CHARSET=utf8mb4 COLLATE=utf8mb4_0900_ai_ci ROW_FORMAT=COMPACT COMMENT='公共参数配置表';

/*Data for the table `sys_public_param` */

insert  into `sys_public_param`(`public_id`,`public_name`,`public_key`,`public_value`,`status`,`validate_code`,`create_time`,`update_time`,`public_type`,`is_system`,`del_flag`,`tenant_id`) values (1,'系统首页参数配置','INDEX_MSG_CONFIG','运维电话： 18888888888','0',NULL,'2019-04-28 18:24:38','2019-06-11 21:34:24','9','0','0',1),(2,'版本信息说明','VERSION_INSTRUCTIONS','平台3.1版本','0',NULL,'2019-04-28 18:24:38','2019-06-11 21:34:24','9','0','0',1),(3,'办公安全支持文件类型','OFFICE_SAFETY_FILETYPE','PDF,CEB,CEBX,DOC,DOCX,XLS,XLSX,PPT,PPTX,WPS','0',NULL,'2019-04-28 18:24:38','2019-06-11 21:34:24','4','0','0',1);

/*Table structure for table `sys_role` */

DROP TABLE IF EXISTS `sys_role`;

CREATE TABLE `sys_role` (
  `role_id` int(11) NOT NULL AUTO_INCREMENT,
  `role_name` varchar(64) CHARACTER SET utf8mb4 COLLATE utf8mb4_bin NOT NULL,
  `role_code` varchar(64) CHARACTER SET utf8mb4 COLLATE utf8mb4_bin NOT NULL,
  `role_desc` varchar(255) CHARACTER SET utf8mb4 COLLATE utf8mb4_bin DEFAULT NULL,
  `ds_type` char(1) CHARACTER SET utf8mb4 COLLATE utf8mb4_bin NOT NULL DEFAULT '2' COMMENT '数据权限类型',
  `ds_scope` varchar(255) CHARACTER SET utf8mb4 COLLATE utf8mb4_bin DEFAULT NULL COMMENT '数据权限范围',
  `create_time` timestamp NOT NULL DEFAULT CURRENT_TIMESTAMP,
  `update_time` timestamp NULL DEFAULT NULL ON UPDATE CURRENT_TIMESTAMP,
  `del_flag` char(1) CHARACTER SET utf8mb4 COLLATE utf8mb4_bin DEFAULT '0' COMMENT '删除标识（0-正常,1-删除）',
  `tenant_id` int(11) DEFAULT NULL,
  PRIMARY KEY (`role_id`) USING BTREE,
  UNIQUE KEY `role_idx1_role_code` (`role_code`) USING BTREE,
  KEY `ids_tenant_id` (`tenant_id`)
) ENGINE=InnoDB AUTO_INCREMENT=4 DEFAULT CHARSET=utf8mb4 COLLATE=utf8mb4_bin ROW_FORMAT=DYNAMIC COMMENT='系统角色表';

/*Data for the table `sys_role` */

insert  into `sys_role`(`role_id`,`role_name`,`role_code`,`role_desc`,`ds_type`,`ds_scope`,`create_time`,`update_time`,`del_flag`,`tenant_id`) values (1,'管理员','ROLE_ADMIN','管理员','0','2','2017-10-29 15:45:51','2019-04-06 18:21:08','0',1),(2,'ROLE_CQQ','ROLE_CQQ','ROLE_CQQ','2',NULL,'2018-11-11 19:42:26','2018-12-26 14:09:07','0',2),(3,'test','test','test角色描述','2','','2019-03-30 17:44:20',NULL,'0',1);

/*Table structure for table `sys_role_menu` */

DROP TABLE IF EXISTS `sys_role_menu`;

CREATE TABLE `sys_role_menu` (
  `role_id` int(11) NOT NULL COMMENT '角色ID',
  `menu_id` int(11) NOT NULL COMMENT '菜单ID',
  PRIMARY KEY (`role_id`,`menu_id`) USING BTREE
) ENGINE=InnoDB DEFAULT CHARSET=utf8 ROW_FORMAT=DYNAMIC COMMENT='角色菜单表';

/*Data for the table `sys_role_menu` */

insert  into `sys_role_menu`(`role_id`,`menu_id`) values (1,1000000),(1,1100000),(1,1101000),(1,1102000),(1,1103000),(1,1200000),(1,1201000),(1,1202000),(1,1203000),(1,1300000),(1,1301000),(1,1302000),(1,1303000),(1,1304000),(1,1400000),(1,1401000),(1,1402000),(1,1403000),(1,2000000),(1,2100000),(1,2101000),(1,2200000),(1,2201000),(1,2202000),(1,2203000),(1,2300000),(1,2400000),(1,2401000),(1,2402000),(1,2403000),(1,2500000),(1,2501000),(1,2502000),(1,2503000),(1,2600000),(1,2601000),(1,8000000),(1,8100000),(1,8110000),(1,8111000),(1,8112000),(1,8113000),(1,8114000),(1,8120000),(1,8121000),(1,8122000),(1,8123000),(1,8124000),(1,8125000),(1,8126000),(1,8127000),(1,8130000),(1,8131000),(1,8132000),(1,8133000),(1,8134000),(1,8140000),(1,8141000),(1,8142000),(1,8150000),(1,8151000),(1,8152000),(1,8153000),(1,8154000),(1,8160000),(1,8161000),(1,8162000),(1,8163000),(1,8164000),(1,8170000),(1,8171000),(1,8172000),(1,8173000),(1,8174000),(2,1000000),(2,1100000),(2,1101000),(2,1102000),(2,1103000),(2,1200000),(2,1201000),(2,1202000),(2,1203000),(2,1300000),(2,1301000),(2,1302000),(2,1303000),(2,1304000),(2,1400000),(2,1401000),(2,1402000),(2,1403000),(2,2000000),(2,2100000),(2,2101000),(2,2200000),(2,2201000),(2,2202000),(2,2203000),(2,2300000),(2,2400000),(2,2401000),(2,2402000),(2,2403000),(2,2500000),(2,2501000),(2,2502000),(2,2503000),(2,2600000),(2,2601000),(2,8000000),(2,8100000),(2,8110000),(2,8111000),(2,8112000),(2,8113000),(2,8114000),(2,8120000),(2,8121000),(2,8122000),(2,8123000),(2,8124000),(2,8125000),(2,8126000),(2,8127000),(2,8130000),(2,8131000),(2,8132000),(2,8133000),(2,8134000),(2,8140000),(2,8141000),(2,8142000),(2,8150000),(2,8151000),(2,8152000),(2,8153000),(2,8154000),(2,8160000),(2,8161000),(2,8162000),(2,8163000),(2,8164000),(2,8170000),(2,8171000),(2,8172000),(2,8173000),(2,8174000),(3,1000000),(3,1100000),(3,1101000),(3,1102000),(3,1103000),(3,1200000),(3,1201000),(3,1202000),(3,1203000),(3,1300000),(3,1301000),(3,1302000),(3,1303000),(3,1304000),(3,1400000),(3,1401000),(3,1402000),(3,1403000);

/*Table structure for table `sys_route_conf` */

DROP TABLE IF EXISTS `sys_route_conf`;

CREATE TABLE `sys_route_conf` (
  `id` int(11) NOT NULL AUTO_INCREMENT COMMENT '主键',
  `route_name` varchar(30) DEFAULT NULL COMMENT '路由名称',
  `route_id` varchar(30) NOT NULL DEFAULT '' COMMENT '路由ID',
  `predicates` json DEFAULT NULL COMMENT '断言',
  `filters` json DEFAULT NULL COMMENT '过滤器',
  `uri` varchar(50) DEFAULT NULL,
  `order` int(2) DEFAULT '0' COMMENT '排序',
  `create_time` datetime DEFAULT CURRENT_TIMESTAMP COMMENT '创建时间',
  `update_time` datetime DEFAULT NULL ON UPDATE CURRENT_TIMESTAMP COMMENT '修改时间',
  `del_flag` char(1) DEFAULT '0' COMMENT '删除标记',
  PRIMARY KEY (`id`) USING BTREE
) ENGINE=InnoDB AUTO_INCREMENT=12 DEFAULT CHARSET=utf8mb4 COLLATE=utf8mb4_0900_ai_ci ROW_FORMAT=DYNAMIC COMMENT='路由配置表';

/*Data for the table `sys_route_conf` */

insert  into `sys_route_conf`(`id`,`route_name`,`route_id`,`predicates`,`filters`,`uri`,`order`,`create_time`,`update_time`,`del_flag`) values (2,'认证中心','base-auth','[{\"args\": {\"_genkey_0\": \"/auth/**\"}, \"name\": \"Path\"}]','[{\"args\": {}, \"name\": \"ValidateCodeGatewayFilter\"}, {\"args\": {}, \"name\": \"PasswordDecoderFilter\"}]','lb://base-auth',0,'2019-01-17 16:42:50','2019-03-19 15:19:27','0'),(3,'代码生成模块','base-codegen','[{\"args\": {\"_genkey_0\": \"/gen/**\"}, \"name\": \"Path\"}]','[]','lb://base-codegen',0,'2019-01-17 16:42:50','2019-05-20 15:56:19','0'),(7,'通用权限模块','base-upms-biz','[{\"args\": {\"_genkey_0\": \"/admin/**\"}, \"name\": \"Path\"}]','[{\"args\": {\"key-resolver\": \"#{@remoteAddrKeyResolver}\", \"redis-rate-limiter.burstCapacity\": \"20\", \"redis-rate-limiter.replenishRate\": \"10\"}, \"name\": \"RequestRateLimiter\"}, {\"args\": {\"name\": \"default\", \"fallbackUri\": \"forward:/fallback\"}, \"name\": \"Hystrix\"}]','lb://base-upms-biz',0,'2019-01-17 16:42:50','2019-05-20 17:11:59','0'),(9,'微信公众号模块','base-weixin-mp','[{\"args\": {\"_genkey_0\": \"/wxmp/**\"}, \"name\": \"Path\"}]','[]','lb://base-weixin-mp',0,'2019-03-15 11:37:45','2019-03-23 21:09:46','0'),(11,'微信第三方平台模块','base-weixin-open','[{\"args\": {\"_genkey_0\": \"/wxopen/**\"}, \"name\": \"Path\"}]','[]','lb://base-weixin-open',0,'2019-06-20 11:43:52','2019-06-20 11:44:35','0');

/*Table structure for table `sys_social_details` */

DROP TABLE IF EXISTS `sys_social_details`;

CREATE TABLE `sys_social_details` (
  `id` int(11) NOT NULL AUTO_INCREMENT COMMENT '主鍵',
  `type` varchar(16) NOT NULL COMMENT '类型',
  `remark` varchar(64) DEFAULT NULL COMMENT '描述',
  `app_id` varchar(64) NOT NULL COMMENT 'appid',
  `app_secret` varchar(64) NOT NULL COMMENT 'app_secret',
  `redirect_url` varchar(128) DEFAULT NULL COMMENT '回调地址',
  `create_time` datetime DEFAULT CURRENT_TIMESTAMP COMMENT '创建时间',
  `update_time` datetime DEFAULT CURRENT_TIMESTAMP ON UPDATE CURRENT_TIMESTAMP COMMENT '更新时间',
  `del_flag` char(1) NOT NULL DEFAULT '0' COMMENT '删除标记',
  `tenant_id` int(11) NOT NULL DEFAULT '0' COMMENT '所属租户',
  PRIMARY KEY (`id`) USING BTREE,
  KEY `ids_tenant_id` (`tenant_id`)
) ENGINE=InnoDB AUTO_INCREMENT=3 DEFAULT CHARSET=utf8mb4 COLLATE=utf8mb4_0900_ai_ci ROW_FORMAT=DYNAMIC COMMENT='系统社交登录账号表';

/*Data for the table `sys_social_details` */

insert  into `sys_social_details`(`id`,`type`,`remark`,`app_id`,`app_secret`,`redirect_url`,`create_time`,`update_time`,`del_flag`,`tenant_id`) values (1,'WX','微信互联参数','wx3a9b793d95164649','bdd3f6b0e65498e85695b5d84978841','demo.joolun.com','2018-08-16 14:24:25','2019-05-28 12:10:51','1',1);

/*Table structure for table `sys_tenant` */

DROP TABLE IF EXISTS `sys_tenant`;

CREATE TABLE `sys_tenant` (
  `id` int(11) NOT NULL AUTO_INCREMENT COMMENT '租户id',
  `name` varchar(255) DEFAULT NULL COMMENT '租户名称',
  `code` varchar(64) DEFAULT NULL COMMENT '租户编号',
  `start_time` timestamp NULL DEFAULT NULL COMMENT '开始时间',
  `end_time` timestamp NULL DEFAULT NULL COMMENT '结束时间',
  `status` char(1) NOT NULL DEFAULT '0' COMMENT '0正常 9-冻结',
  `del_flag` char(1) DEFAULT '0' COMMENT '删除标记',
  `create_time` timestamp NOT NULL DEFAULT CURRENT_TIMESTAMP COMMENT '创建',
  `update_time` timestamp NOT NULL DEFAULT CURRENT_TIMESTAMP ON UPDATE CURRENT_TIMESTAMP COMMENT '更新时间',
  PRIMARY KEY (`id`)
) ENGINE=InnoDB AUTO_INCREMENT=2 DEFAULT CHARSET=utf8 ROW_FORMAT=DYNAMIC COMMENT='租户表';

/*Data for the table `sys_tenant` */

insert  into `sys_tenant`(`id`,`name`,`code`,`start_time`,`end_time`,`status`,`del_flag`,`create_time`,`update_time`) values (1,'北京分公司','1','2019-05-15 00:00:00','2020-05-15 00:00:00','0','0','2019-05-15 15:44:57','2019-05-18 14:47:30');

/*Table structure for table `sys_user` */

DROP TABLE IF EXISTS `sys_user`;

CREATE TABLE `sys_user` (
  `user_id` int(11) NOT NULL AUTO_INCREMENT COMMENT '主键ID',
  `username` varchar(64) CHARACTER SET utf8mb4 COLLATE utf8mb4_bin NOT NULL COMMENT '用户名',
  `password` varchar(255) CHARACTER SET utf8mb4 COLLATE utf8mb4_bin NOT NULL,
  `salt` varchar(255) CHARACTER SET utf8mb4 COLLATE utf8mb4_bin DEFAULT NULL COMMENT '随机盐',
  `phone` varchar(20) CHARACTER SET utf8mb4 COLLATE utf8mb4_bin DEFAULT NULL COMMENT '简介',
  `avatar` varchar(255) CHARACTER SET utf8mb4 COLLATE utf8mb4_bin DEFAULT NULL COMMENT '头像',
  `dept_id` int(11) DEFAULT NULL COMMENT '部门ID',
  `create_time` timestamp NULL DEFAULT CURRENT_TIMESTAMP COMMENT '创建时间',
  `update_time` timestamp NULL DEFAULT NULL ON UPDATE CURRENT_TIMESTAMP COMMENT '修改时间',
  `lock_flag` char(1) CHARACTER SET utf8mb4 COLLATE utf8mb4_bin DEFAULT '0' COMMENT '0-正常，9-锁定',
  `del_flag` char(1) CHARACTER SET utf8mb4 COLLATE utf8mb4_bin DEFAULT '0' COMMENT '0-正常，1-删除',
  `wx_openid` varchar(32) CHARACTER SET utf8mb4 COLLATE utf8mb4_bin DEFAULT NULL COMMENT '微信openid',
  `qq_openid` varchar(32) CHARACTER SET utf8mb4 COLLATE utf8mb4_bin DEFAULT NULL COMMENT 'QQ openid',
  `gitee_login` varchar(100) CHARACTER SET utf8mb4 COLLATE utf8mb4_bin DEFAULT NULL,
  `osc_id` varchar(100) CHARACTER SET utf8mb4 COLLATE utf8mb4_bin DEFAULT NULL,
  `tenant_id` int(11) NOT NULL DEFAULT '0' COMMENT '所属租户',
  PRIMARY KEY (`user_id`) USING BTREE,
  KEY `user_wx_openid` (`wx_openid`) USING BTREE,
  KEY `user_qq_openid` (`qq_openid`) USING BTREE,
  KEY `user_idx1_username` (`username`) USING BTREE,
  KEY `ids_tenant_id` (`tenant_id`)
) ENGINE=InnoDB AUTO_INCREMENT=4 DEFAULT CHARSET=utf8mb4 COLLATE=utf8mb4_bin ROW_FORMAT=DYNAMIC COMMENT='用户表';

/*Data for the table `sys_user` */

insert  into `sys_user`(`user_id`,`username`,`password`,`salt`,`phone`,`avatar`,`dept_id`,`create_time`,`update_time`,`lock_flag`,`del_flag`,`wx_openid`,`qq_openid`,`gitee_login`,`osc_id`,`tenant_id`) values (1,'admin','$2a$10$QOfWxxFyAMmEEmnuw9UI/..1s4B4eF/u9PzE2ZaGO.ij9YfmcUy.u',NULL,'18525851621','http://joolun-base-test.oss-cn-zhangjiakou.aliyuncs.com/u%3D392081896%2C3689918515%26fm%3D173.jpg',1,'2018-04-20 07:15:18','2019-06-14 21:57:52','0','0','o_0FT0uyg_H1vVy2H0JpSwlVGhWQ',NULL,NULL,NULL,1),(2,'admin','$2a$10$RpFJjxYiXdEsAGnWp/8fsOetMuOON96Ntk/Ym2M/RKRyU0GZseaDC',NULL,'17034642887',NULL,10,'2018-04-20 07:15:18','2019-01-09 11:06:24','0','0','o_0FT0uyg_H1vVy2H0JpSwlVGhWQ',NULL,NULL,NULL,2),(3,'test','$2a$10$1vFDUqkq6uEcNsQsLjMIL.k6XeBLi0FnI61QhcEP9gg0WMs3xW36S',NULL,'',NULL,3,'2019-03-30 17:45:24','2019-03-30 17:48:35','0','0',NULL,NULL,NULL,NULL,1);

/*Table structure for table `sys_user_role` */

DROP TABLE IF EXISTS `sys_user_role`;

CREATE TABLE `sys_user_role` (
  `user_id` int(11) NOT NULL COMMENT '用户ID',
  `role_id` int(11) NOT NULL COMMENT '角色ID',
  PRIMARY KEY (`user_id`,`role_id`) USING BTREE
) ENGINE=InnoDB DEFAULT CHARSET=utf8 ROW_FORMAT=DYNAMIC COMMENT='用户角色表';

/*Data for the table `sys_user_role` */

insert  into `sys_user_role`(`user_id`,`role_id`) values (1,1),(2,2),(3,3);

/*!40101 SET SQL_MODE=@OLD_SQL_MODE */;
/*!40014 SET FOREIGN_KEY_CHECKS=@OLD_FOREIGN_KEY_CHECKS */;
/*!40014 SET UNIQUE_CHECKS=@OLD_UNIQUE_CHECKS */;
/*!40111 SET SQL_NOTES=@OLD_SQL_NOTES */;
