/*
SQLyog Ultimate v13.1.1 (64 bit)
MySQL - 8.0.15 : Database - base_upms
*********************************************************************
*/

/*!40101 SET NAMES utf8 */;

/*!40101 SET SQL_MODE=''*/;

/*!40014 SET @OLD_UNIQUE_CHECKS=@@UNIQUE_CHECKS, UNIQUE_CHECKS=0 */;
/*!40014 SET @OLD_FOREIGN_KEY_CHECKS=@@FOREIGN_KEY_CHECKS, FOREIGN_KEY_CHECKS=0 */;
/*!40101 SET @OLD_SQL_MODE=@@SQL_MODE, SQL_MODE='NO_AUTO_VALUE_ON_ZERO' */;
/*!40111 SET @OLD_SQL_NOTES=@@SQL_NOTES, SQL_NOTES=0 */;
CREATE DATABASE /*!32312 IF NOT EXISTS*/`base_upms` /*!40100 DEFAULT CHARACTER SET utf8mb4 COLLATE utf8mb4_general_ci */;

USE `base_upms`;

/*Table structure for table `sys_config_editor` */

DROP TABLE IF EXISTS `sys_config_editor`;

CREATE TABLE `sys_config_editor` (
  `id` varchar(32) CHARACTER SET utf8mb4 COLLATE utf8mb4_0900_ai_ci NOT NULL COMMENT 'PK',
  `tenant_id` varchar(32) CHARACTER SET utf8mb4 COLLATE utf8mb4_0900_ai_ci NOT NULL COMMENT '所属租户',
  `del_flag` char(2) CHARACTER SET utf8mb4 COLLATE utf8mb4_0900_ai_ci NOT NULL DEFAULT '0' COMMENT '逻辑删除标记（0：显示；1：隐藏）',
  `create_time` datetime NOT NULL DEFAULT CURRENT_TIMESTAMP COMMENT '创建时间',
  `update_time` timestamp NOT NULL DEFAULT CURRENT_TIMESTAMP ON UPDATE CURRENT_TIMESTAMP COMMENT '最后更新时间',
  `editor_type` char(2) CHARACTER SET utf8mb4 COLLATE utf8mb4_bin NOT NULL COMMENT '编辑器类型1、quill-editor；2、froala',
  PRIMARY KEY (`id`) USING BTREE
) ENGINE=InnoDB DEFAULT CHARSET=utf8mb4 COLLATE=utf8mb4_bin ROW_FORMAT=DYNAMIC COMMENT='编辑器配置';

/*Data for the table `sys_config_editor` */

insert  into `sys_config_editor`(`id`,`tenant_id`,`del_flag`,`create_time`,`update_time`,`editor_type`) values 
('1226761439705792514','1','0','2020-02-10 14:54:54','2020-02-10 14:54:54','1');

/*Table structure for table `sys_config_storage` */

DROP TABLE IF EXISTS `sys_config_storage`;

CREATE TABLE `sys_config_storage` (
  `id` varchar(32) CHARACTER SET utf8mb4 COLLATE utf8mb4_0900_ai_ci NOT NULL COMMENT 'PK',
  `tenant_id` varchar(32) CHARACTER SET utf8mb4 COLLATE utf8mb4_0900_ai_ci NOT NULL COMMENT '所属租户',
  `del_flag` char(2) CHARACTER SET utf8mb4 COLLATE utf8mb4_0900_ai_ci NOT NULL DEFAULT '0' COMMENT '逻辑删除标记（0：显示；1：隐藏）',
  `create_time` datetime NOT NULL DEFAULT CURRENT_TIMESTAMP COMMENT '创建时间',
  `update_time` timestamp NOT NULL DEFAULT CURRENT_TIMESTAMP ON UPDATE CURRENT_TIMESTAMP COMMENT '最后更新时间',
  `storage_type` char(2) CHARACTER SET utf8mb4 COLLATE utf8mb4_bin NOT NULL COMMENT '存储类型1、阿里OSS；2、七牛云；3、minio',
  `endpoint` varchar(64) CHARACTER SET utf8mb4 COLLATE utf8mb4_bin DEFAULT NULL COMMENT '地域节点',
  `access_key_id` varchar(64) CHARACTER SET utf8mb4 COLLATE utf8mb4_bin DEFAULT NULL COMMENT 'access_key',
  `access_key_secret` varchar(64) CHARACTER SET utf8mb4 COLLATE utf8mb4_bin DEFAULT NULL COMMENT 'access_secret',
  `bucket` varchar(64) CHARACTER SET utf8mb4 COLLATE utf8mb4_bin DEFAULT NULL COMMENT '域名',
  `water_mark_content` varchar(64) CHARACTER SET utf8mb4 COLLATE utf8mb4_bin DEFAULT NULL COMMENT '图片水印内容',
  PRIMARY KEY (`id`) USING BTREE
) ENGINE=InnoDB DEFAULT CHARSET=utf8mb4 COLLATE=utf8mb4_bin ROW_FORMAT=DYNAMIC COMMENT='存储配置';

/*Data for the table `sys_config_storage` */

insert  into `sys_config_storage`(`id`,`tenant_id`,`del_flag`,`create_time`,`update_time`,`storage_type`,`endpoint`,`access_key_id`,`access_key_secret`,`bucket`,`water_mark_content`) values 
('1225436079642886145','1','0','2020-02-06 23:08:23','2020-02-10 19:59:23','3','http://minio.joolun.com/','joolun','joolun','joolun','www.joolun.com');

/*Table structure for table `sys_datasource` */

DROP TABLE IF EXISTS `sys_datasource`;

CREATE TABLE `sys_datasource` (
  `id` varchar(32) CHARACTER SET utf8mb4 COLLATE utf8mb4_0900_ai_ci NOT NULL COMMENT '主键',
  `name` varchar(255) CHARACTER SET utf8mb4 COLLATE utf8mb4_0900_ai_ci DEFAULT NULL COMMENT '名称',
  `url` varchar(255) CHARACTER SET utf8mb4 COLLATE utf8mb4_0900_ai_ci DEFAULT NULL,
  `username` varchar(255) CHARACTER SET utf8mb4 COLLATE utf8mb4_0900_ai_ci DEFAULT NULL,
  `password` varchar(255) CHARACTER SET utf8mb4 COLLATE utf8mb4_0900_ai_ci DEFAULT NULL,
  `create_time` datetime DEFAULT CURRENT_TIMESTAMP COMMENT '创建时间',
  `update_time` datetime DEFAULT CURRENT_TIMESTAMP ON UPDATE CURRENT_TIMESTAMP COMMENT '更新',
  `del_flag` char(50) CHARACTER SET utf8mb4 COLLATE utf8mb4_0900_ai_ci DEFAULT '0' COMMENT '逻辑删除标记（0：显示；1：隐藏）',
  `tenant_id` varchar(32) CHARACTER SET utf8mb4 COLLATE utf8mb4_0900_ai_ci NOT NULL COMMENT '租户ID',
  PRIMARY KEY (`id`) USING BTREE
) ENGINE=InnoDB DEFAULT CHARSET=utf8mb4 COLLATE=utf8mb4_0900_ai_ci ROW_FORMAT=DYNAMIC COMMENT='数据源表';

/*Data for the table `sys_datasource` */

insert  into `sys_datasource`(`id`,`name`,`url`,`username`,`password`,`create_time`,`update_time`,`del_flag`,`tenant_id`) values 
('0700a5db4afd22ba1a197223ecd3285f','base_mall','jdbc:mysql://base-mysql:3306/base_mall?characterEncoding=utf8&zeroDateTimeBehavior=convertToNull&useSSL=false&useJDBCCompliantTimezoneShift=true&useLegacyDatetimeCode=false&serverTimezone=GMT%2B8&allowMultiQueries=true','root','+qEgpjuAtvXUWj/VFsz2KQ==','2019-08-12 10:38:17','2019-08-12 10:38:17','0','1'),
('10','base_wx2','jdbc:mysql://base-mysql:3306/base_wx?characterEncoding=utf8&zeroDateTimeBehavior=convertToNull&useSSL=false&useJDBCCompliantTimezoneShift=true&useLegacyDatetimeCode=false&serverTimezone=GMT%2B8&allowMultiQueries=true','root','z6hVGBOMkEqLCmMhA+FHhA==','2019-05-14 14:50:32','2019-07-12 15:39:18','0','2'),
('11','base_wx','jdbc:mysql://base-mysql:3306/base_wx?characterEncoding=utf8&zeroDateTimeBehavior=convertToNull&useSSL=false&useJDBCCompliantTimezoneShift=true&useLegacyDatetimeCode=false&serverTimezone=GMT%2B8&allowMultiQueries=true','root','EmpyNvpkykAGBzDXb8gEPg==','2019-05-24 21:47:43','2019-05-24 21:47:43','0','1');

/*Table structure for table `sys_dict` */

DROP TABLE IF EXISTS `sys_dict`;

CREATE TABLE `sys_dict` (
  `id` varchar(32) CHARACTER SET utf8 COLLATE utf8_general_ci NOT NULL COMMENT '编号',
  `type` varchar(100) CHARACTER SET utf8 COLLATE utf8_general_ci NOT NULL COMMENT '类型',
  `description` varchar(100) CHARACTER SET utf8 COLLATE utf8_general_ci NOT NULL COMMENT '描述',
  `create_time` timestamp NOT NULL DEFAULT CURRENT_TIMESTAMP COMMENT '创建时间',
  `update_time` timestamp NOT NULL DEFAULT CURRENT_TIMESTAMP ON UPDATE CURRENT_TIMESTAMP COMMENT '更新时间',
  `remarks` varchar(255) CHARACTER SET utf8 COLLATE utf8_general_ci DEFAULT NULL COMMENT '备注信息',
  `del_flag` char(1) CHARACTER SET utf8 COLLATE utf8_general_ci NOT NULL DEFAULT '0' COMMENT '逻辑删除标记（0：显示；1：隐藏）',
  PRIMARY KEY (`id`) USING BTREE,
  KEY `sys_dict_del_flag` (`del_flag`) USING BTREE
) ENGINE=InnoDB DEFAULT CHARSET=utf8 ROW_FORMAT=DYNAMIC COMMENT='字典表';

/*Data for the table `sys_dict` */

insert  into `sys_dict`(`id`,`type`,`description`,`create_time`,`update_time`,`remarks`,`del_flag`) values 
('1','log_type','日志类型','2019-01-22 11:06:44','2019-07-25 16:30:52','异常、正常','0'),
('11','wx_rep_type','微信回复消息类型','2019-04-12 16:46:24','2019-07-25 16:30:55','text：文本；image：图片；voice：语音；video：视频；music：音乐；news：图文','0'),
('12','wx_req_type','微信请求消息类型','2019-04-04 10:23:41','2019-07-25 16:30:58','text：文本；image：图片；voice：语音；video：视频；shortvideo：小视频；location：地理位置；event：事件推送','0'),
('1224310636680245250','storage_type','存储类型','2020-02-03 20:36:17','2020-02-03 20:36:17',NULL,'0'),
('1226758602905022466','editor_type','文本编辑器','2020-02-10 14:43:37','2020-02-10 14:43:37',NULL,'0'),
('13','wx_rep_mate','微信回复类型文本匹配类型','2019-04-13 11:11:57','2019-07-25 16:31:00','微信回复类型文本匹配类型','0'),
('14','weixin_type','公众号类型','2019-04-12 09:35:56','2019-07-25 16:31:05','公众号类型','0'),
('15','wx_qr_scene_str','微信二维码扫码场景','2019-04-29 11:50:57','2019-06-11 21:34:24','微信二维码扫码场景','0'),
('17','wx_subscribe','微信用户关注状态','2019-06-02 10:21:59','2019-06-11 21:34:24','微信用户关注状态','0'),
('18','wx_subscribe_scene','微信用户关注渠道','2019-06-02 10:27:25','2019-06-11 21:34:24','微信用户关注渠道','0'),
('19','wx_sex','微信性别','2019-06-02 10:31:16','2019-06-11 21:34:24','微信性别','0'),
('2','third_party_type','第三方登录类型','2019-03-19 11:09:44','2019-06-11 21:34:24','微信、QQ','0'),
('20','yes_no','是/否','2019-06-09 12:37:37','2019-06-11 21:34:24','是/否','0'),
('21','wx_event','微信事件类型','2019-06-09 12:42:02','2019-06-11 21:34:24','微信事件类型','0'),
('24','wx_verify_type','认证类型','2019-06-25 10:27:39','2019-06-25 10:27:39','认证类型','0'),
('26','wx_mass_msg_status','微信群发消息状态','2019-07-03 09:04:19','2019-07-03 09:04:19','微信群发消息状态','0'),
('3947ade00eea6517e2b66a1f7985fe1a','organ_type','机构类型','2019-07-25 18:29:07','2019-07-25 18:29:07','机构类型','0'),
('51aa2730eb17bca730cf7a50d9ce4b35','true_false','是/否','2019-07-31 09:20:45','2019-07-31 09:20:45',NULL,'0'),
('53372a6873b2d03e5fb8c1918de82d9f','authorized_grant_types','授权类型','2019-07-30 17:08:13','2019-07-30 17:08:13',NULL,'0'),
('6c5ab5650155a1b4cc3c1a2c881fa137','request_method','请求类型','2019-07-26 12:11:37','2019-07-26 12:11:37',NULL,'0');

/*Table structure for table `sys_dict_value` */

DROP TABLE IF EXISTS `sys_dict_value`;

CREATE TABLE `sys_dict_value` (
  `id` varchar(32) CHARACTER SET utf8 COLLATE utf8_general_ci NOT NULL COMMENT '编号',
  `dict_id` varchar(32) CHARACTER SET utf8 COLLATE utf8_general_ci NOT NULL COMMENT '字典ID',
  `value` varchar(100) CHARACTER SET utf8 COLLATE utf8_general_ci NOT NULL COMMENT '数据值',
  `label` varchar(100) CHARACTER SET utf8 COLLATE utf8_general_ci NOT NULL COMMENT '标签名',
  `type` varchar(100) CHARACTER SET utf8 COLLATE utf8_general_ci NOT NULL COMMENT '类型',
  `description` varchar(100) CHARACTER SET utf8 COLLATE utf8_general_ci DEFAULT NULL COMMENT '描述',
  `sort` int(10) NOT NULL COMMENT '排序（升序）',
  `create_time` timestamp NOT NULL DEFAULT CURRENT_TIMESTAMP COMMENT '创建时间',
  `update_time` timestamp NOT NULL DEFAULT CURRENT_TIMESTAMP ON UPDATE CURRENT_TIMESTAMP COMMENT '更新时间',
  `remarks` varchar(255) CHARACTER SET utf8 COLLATE utf8_general_ci DEFAULT NULL COMMENT '备注信息',
  `del_flag` char(1) CHARACTER SET utf8 COLLATE utf8_general_ci NOT NULL DEFAULT '0' COMMENT '逻辑删除标记（0：显示；1：隐藏）',
  PRIMARY KEY (`id`) USING BTREE,
  KEY `sys_dict_value` (`value`) USING BTREE,
  KEY `sys_dict_label` (`label`) USING BTREE,
  KEY `sys_dict_del_flag` (`del_flag`) USING BTREE
) ENGINE=InnoDB DEFAULT CHARSET=utf8 ROW_FORMAT=DYNAMIC COMMENT='字典项';

/*Data for the table `sys_dict_value` */

insert  into `sys_dict_value`(`id`,`dict_id`,`value`,`label`,`type`,`description`,`sort`,`create_time`,`update_time`,`remarks`,`del_flag`) values 
('1','1','9','异常','log_type','日志异常',1,'2019-03-19 11:08:59','2019-03-25 12:49:13','','0'),
('1224310769123782658','1224310636680245250','1','阿里OSS','storage_type','阿里OSS',1,'2020-02-03 20:36:48','2020-02-03 20:36:48',NULL,'0'),
('1224310831061069825','1224310636680245250','2','七牛云','storage_type','七牛云',2,'2020-02-03 20:37:03','2020-02-03 20:37:03',NULL,'0'),
('1224310888170713090','1224310636680245250','3','minio','storage_type','minio',4,'2020-02-03 20:37:17','2020-02-03 20:37:17',NULL,'0'),
('1226758708496625665','1226758602905022466','1','quill-editor','editor_type','quill-editor',1,'2020-02-10 14:44:02','2020-02-10 14:44:02',NULL,'0'),
('1226758779615244290','1226758602905022466','2','froala','editor_type','froala',2,'2020-02-10 14:44:19','2020-02-10 14:44:19',NULL,'0'),
('1227915814432108545','1224310636680245250','4','腾讯cos','storage_type','腾讯cos',3,'2020-02-13 19:21:58','2020-02-13 19:21:58',NULL,'0'),
('14758623adf70d753af951a5f4df0643','53372a6873b2d03e5fb8c1918de82d9f','authorization_code','授权码模式','authorized_grant_types','Web服务端应用与第三方移动App应用',0,'2019-07-30 17:11:08','2019-07-30 17:11:08',NULL,'0'),
('2','1','0','正常','log_type','日志正常',0,'2019-03-19 11:09:17','2019-03-25 12:49:18','','0'),
('29','11','text','文本','wx_rep_type','文本',1,'2019-04-23 16:47:14','2019-04-23 16:47:14','文本','0'),
('2f2a733749ead9eb7ad9d32b4930ca0c','3947ade00eea6517e2b66a1f7985fe1a','3','小组','organ_type','小组',2,'2019-07-25 21:45:06','2019-07-25 21:45:06','小组','0'),
('3','2','WX','微信','third_party_type','微信登录',0,'2019-03-19 11:10:02','2019-07-25 16:26:54','','0'),
('30','11','image','图片','wx_rep_type','图片',2,'2019-04-23 16:47:36','2019-04-23 16:47:36','图片','0'),
('30cb1469d0f571a7febb45c6e8386cdd','6c5ab5650155a1b4cc3c1a2c881fa137','POST','新增','request_method','新增',1,'2019-07-26 12:12:48','2019-07-26 12:12:48',NULL,'0'),
('31','11','voice','语音','wx_rep_type','语音',3,'2019-04-23 16:47:57','2019-04-23 16:47:57','语音','0'),
('32','11','video','视频','wx_rep_type','视频',4,'2019-04-23 16:48:12','2019-04-23 16:48:12','视频','0'),
('33','11','music','音乐','wx_rep_type','音乐',5,'2019-04-23 16:48:27','2019-04-23 16:48:27','音乐','0'),
('34','11','news','图文','wx_rep_type','图文',6,'2019-04-23 16:48:42','2019-04-23 16:48:42','图文','0'),
('35','12','text','文本','wx_req_type','文本',1,'2019-04-24 10:24:03','2019-04-24 10:24:03','文本','0'),
('36','12','image','图片','wx_req_type','图片',2,'2019-04-24 10:24:18','2019-04-24 10:24:18','图片','0'),
('37','12','voice','语音','wx_req_type','语音',3,'2019-04-24 10:24:32','2019-04-24 10:24:32','语音','0'),
('38','12','video','视频','wx_req_type','视频',4,'2019-04-24 10:24:46','2019-04-24 10:24:46','视频','0'),
('39','12','shortvideo','小视频','wx_req_type','小视频',5,'2019-04-24 10:25:01','2019-04-24 10:25:01','小视频','0'),
('4','2','QQ','QQ','third_party_type','QQ登录',1,'2019-03-19 11:10:14','2019-07-25 16:26:54','','0'),
('40','12','location','地理位置','wx_req_type','地理位置',6,'2019-04-24 10:25:15','2019-04-24 10:25:15','地理位置','0'),
('41','13','1','全匹配','wx_rep_mate','全匹配',1,'2019-04-24 11:12:12','2019-04-24 11:12:12','全匹配','0'),
('42','13','2','半匹配','wx_rep_mate','半匹配',2,'2019-04-24 11:12:26','2019-04-24 11:12:26','半匹配','0'),
('43','14','0','订阅号','weixin_type','订阅号',0,'2019-04-29 09:36:12','2019-06-21 09:49:12','订阅号','0'),
('44','14','2','服务号','weixin_type','服务号',1,'2019-04-29 09:36:30','2019-06-21 09:51:09','服务号','0'),
('45','14','1','老帐号升级后的订阅号','weixin_type','老帐号升级后的订阅号',2,'2019-04-29 09:36:41','2019-06-21 09:51:10','老帐号升级后的订阅号','0'),
('46','15','1','后台默认二维码','wx_qr_scene_str','后台默认二维码',1,'2019-04-29 11:51:51','2019-04-29 11:51:51','后台默认二维码','0'),
('471fccf38af3aca7d4a6ea9242de64f9','53372a6873b2d03e5fb8c1918de82d9f','refresh_token','刷新令牌','authorized_grant_types','刷新并延迟访问令牌时长',0,'2019-07-30 17:10:47','2019-07-30 17:10:47',NULL,'0'),
('55','12','link','链接消息','wx_req_type','链接消息',7,'2019-05-30 11:05:00','2019-05-30 11:05:00','链接消息','0'),
('56','17','1','已关注','wx_subscribe','已关注',0,'2019-06-02 10:23:46','2019-06-02 10:23:46','已关注','0'),
('57','17','0','取消关注','wx_subscribe','取消关注',1,'2019-06-02 10:24:11','2019-06-02 10:24:11','取消关注','0'),
('58','17','2','网页授权用户','wx_subscribe','网页授权用户',2,'2019-06-02 10:24:34','2019-06-02 10:24:34','网页授权用户','0'),
('59','18','ADD_SCENE_SEARCH','公众号搜索','wx_subscribe_scene','公众号搜索',0,'2019-06-02 10:28:04','2019-06-02 10:28:04','公众号搜索','0'),
('5b86d249fa9db2c9cde7b3793b516d44','53372a6873b2d03e5fb8c1918de82d9f','client_credentials','客户端模式','authorized_grant_types','没有用户参与的,内部服务端与第三方服务端',0,'2019-07-30 17:11:26','2019-07-30 17:11:26',NULL,'0'),
('5cd74c7e25a7358e18cb1778587c155d','51aa2730eb17bca730cf7a50d9ce4b35','false','否','true_false','假',0,'2019-07-31 09:21:28','2019-07-31 09:21:28',NULL,'0'),
('60','18','ADD_SCENE_ACCOUNT_MIGRATION','公众号迁移','wx_subscribe_scene','公众号迁移',1,'2019-06-02 10:28:21','2019-06-02 10:28:21','公众号迁移','0'),
('61','18','ADD_SCENE_PROFILE_CARD','名片分享','wx_subscribe_scene','名片分享',2,'2019-06-02 10:28:40','2019-06-02 10:28:40','名片分享','0'),
('62','18','ADD_SCENE_QR_CODE','扫描二维码','wx_subscribe_scene','扫描二维码',3,'2019-06-02 10:28:58','2019-06-02 10:28:58','扫描二维码','0'),
('63','18','ADD_SCENE_PROFILE_LINK','图文页内名称点击','wx_subscribe_scene','图文页内名称点击',4,'2019-06-02 10:29:18','2019-06-02 10:29:18','图文页内名称点击','0'),
('64','18','ADD_SCENE_PROFILE_ITEM','图文页右上角菜单','wx_subscribe_scene','图文页右上角菜单',5,'2019-06-02 10:29:36','2019-06-02 10:29:36','图文页右上角菜单','0'),
('65','18','ADD_SCENE_PAID','支付后关注','wx_subscribe_scene','支付后关注',7,'2019-06-02 10:29:50','2019-06-02 10:29:50','支付后关注','0'),
('66','18','ADD_SCENE_OTHERS','其他','wx_subscribe_scene','其他',7,'2019-06-02 10:30:06','2019-06-02 10:30:06','其他','0'),
('67','19','0','未知','wx_sex','未知',0,'2019-06-02 10:31:31','2019-06-02 10:31:31','未知','0'),
('68','19','1','男','wx_sex','男',1,'2019-06-02 10:31:43','2019-06-02 10:31:43','男','0'),
('69','19','2','女','wx_sex','女',2,'2019-06-02 10:31:55','2019-06-02 10:31:55','女','0'),
('70','12','event','事件推送','wx_req_type','事件推送',7,'2019-06-09 12:31:18','2019-06-09 12:31:18','事件推送','0'),
('705f57cfc5d58f6a9f71b880a2efdf76','6c5ab5650155a1b4cc3c1a2c881fa137','GET','查询','request_method','查询',4,'2019-07-26 12:13:49','2019-07-26 12:13:49',NULL,'0'),
('71','20','1','是','yes_no','是',0,'2019-06-09 12:37:54','2019-06-09 12:37:54','是','0'),
('72','20','0','否','yes_no','否',1,'2019-06-09 12:38:06','2019-06-09 12:38:06','否','0'),
('73','21','subscribe','关注','wx_event','关注',0,'2019-06-09 12:42:37','2019-06-09 12:42:37','关注','0'),
('74','21','unsubscribe','取关','wx_event','取关',1,'2019-06-09 12:42:55','2019-06-09 12:42:55','取关','0'),
('75','21','CLICK','点击菜单','wx_event','点击菜单',2,'2019-06-09 12:43:32','2019-06-09 12:43:32','点击菜单','0'),
('76','21','VIEW','点击菜单链接','wx_event','点击菜单链接',3,'2019-06-09 12:43:59','2019-06-09 12:43:59','点击菜单链接','0'),
('76064a463d0f06300dccfffb654d1fe9','53372a6873b2d03e5fb8c1918de82d9f','implicit','隐式授权','authorized_grant_types','Web网页应用或第三方移动App应用',0,'2019-07-30 17:13:41','2019-07-30 17:13:41',NULL,'0'),
('77','24','-1','未认证','wx_verify_type','未认证',0,'2019-06-25 10:28:39','2019-06-25 10:28:39','未认证','0'),
('78','24','0','微信认证','wx_verify_type','微信认证',1,'2019-06-25 10:28:56','2019-06-25 10:28:56','微信认证','0'),
('79','24','1','新浪微博认证','wx_verify_type','新浪微博认证',2,'2019-06-25 10:29:10','2019-06-25 10:29:10','新浪微博认证','0'),
('7a2d5f98b2f60fa309aa4dd69c111ea2','6c5ab5650155a1b4cc3c1a2c881fa137','PUT','修改','request_method','修改',2,'2019-07-26 12:12:18','2019-07-26 12:12:18',NULL,'0'),
('80','24','2','腾讯微博认证','wx_verify_type','腾讯微博认证',3,'2019-06-25 10:29:22','2019-06-25 10:29:22','腾讯微博认证','0'),
('81','24','3','已资质认证通过但还未通过名称认证','wx_verify_type','已资质认证通过但还未通过名称认证',4,'2019-06-25 10:29:38','2019-06-25 10:29:38','已资质认证通过但还未通过名称认证','0'),
('82','24','4','已资质认证通过、还未通过名称认证，但通过了新浪微博认证','wx_verify_type','已资质认证通过、还未通过名称认证，但通过了新浪微博认证',5,'2019-06-25 10:29:52','2019-06-25 10:29:52','已资质认证通过、还未通过名称认证，但通过了新浪微博认证','0'),
('83','24','5','已资质认证通过、还未通过名称认证，但通过了腾讯微博认证','wx_verify_type','已资质认证通过、还未通过名称认证，但通过了腾讯微博认证',6,'2019-06-25 10:30:05','2019-06-25 10:30:05','已资质认证通过、还未通过名称认证，但通过了腾讯微博认证','0'),
('86','26','SUB_SUCCESS','提交成功','wx_mass_msg_status','提交成功',0,'2019-07-03 09:04:47','2019-07-03 09:04:47','提交成功','0'),
('87','26','SUB_FAIL','提交失败','wx_mass_msg_status','提交失败',1,'2019-07-03 09:05:15','2019-07-03 09:05:15','提交失败','0'),
('88','26','SEND_SUCCESS','发送成功','wx_mass_msg_status','发送成功',2,'2019-07-03 09:05:31','2019-07-03 09:05:31','发送成功','0'),
('89','26','SENDING','发送中','wx_mass_msg_status','发送中',3,'2019-07-03 09:06:11','2019-07-03 09:06:11','发送中','0'),
('90','26','SEND_FAIL','发送失败','wx_mass_msg_status','发送失败',4,'2019-07-03 09:06:30','2019-07-03 09:06:30','发送失败','0'),
('91','26','DELETE','已删除','wx_mass_msg_status','已删除',5,'2019-07-03 09:06:48','2019-07-03 09:06:48','已删除','0'),
('91be97d29d6849492c0b279478957f4e','3947ade00eea6517e2b66a1f7985fe1a','1','公司','organ_type','公司',0,'2019-07-25 18:30:20','2019-07-25 18:30:20','公司','0'),
('97ac1672e010af552517a46e5d150678','6c5ab5650155a1b4cc3c1a2c881fa137','DELETE','删除','request_method','删除',3,'2019-07-26 12:13:08','2019-07-26 12:13:08',NULL,'0'),
('9b75d4968ea73c2cd494f3688a043878','3947ade00eea6517e2b66a1f7985fe1a','4','其它','organ_type','其它',3,'2019-07-25 21:45:32','2019-07-25 21:45:32','其它','0'),
('9c84ab74bda56b68dc381a0cad08b321','51aa2730eb17bca730cf7a50d9ce4b35','true','是','true_false','真',0,'2019-07-31 09:21:08','2019-07-31 09:21:08',NULL,'0'),
('a5f575a44038c13900feaab29704e4f3','3947ade00eea6517e2b66a1f7985fe1a','2','部门','organ_type','部门',1,'2019-07-25 21:44:47','2019-07-25 21:44:47','部门','0'),
('b369cb683678b6b2e913187277799b83','53372a6873b2d03e5fb8c1918de82d9f','password','密码模式','authorized_grant_types','内部Web网页应用与内部移动App应用',0,'2019-07-30 17:10:29','2019-07-30 17:10:29',NULL,'0');

/*Table structure for table `sys_log` */

DROP TABLE IF EXISTS `sys_log`;

CREATE TABLE `sys_log` (
  `id` varchar(32) CHARACTER SET utf8 COLLATE utf8_general_ci NOT NULL COMMENT '编号',
  `type` char(1) CHARACTER SET utf8 COLLATE utf8_general_ci DEFAULT '1' COMMENT '日志类型',
  `title` varchar(255) CHARACTER SET utf8 COLLATE utf8_general_ci DEFAULT '' COMMENT '日志标题',
  `service_id` varchar(32) CHARACTER SET utf8 COLLATE utf8_general_ci DEFAULT NULL COMMENT '服务ID',
  `create_id` varchar(32) CHARACTER SET utf8 COLLATE utf8_general_ci DEFAULT NULL COMMENT '创建者ID',
  `create_by` varchar(32) CHARACTER SET utf8 COLLATE utf8_general_ci DEFAULT NULL COMMENT '创建者',
  `create_time` datetime DEFAULT CURRENT_TIMESTAMP COMMENT '创建时间',
  `update_time` datetime DEFAULT NULL ON UPDATE CURRENT_TIMESTAMP COMMENT '更新时间',
  `remote_addr` varchar(255) CHARACTER SET utf8 COLLATE utf8_general_ci DEFAULT NULL COMMENT '操作IP地址',
  `user_agent` varchar(1000) CHARACTER SET utf8 COLLATE utf8_general_ci DEFAULT NULL COMMENT '用户代理',
  `request_uri` varchar(255) CHARACTER SET utf8 COLLATE utf8_general_ci DEFAULT NULL COMMENT '请求URI',
  `method` varchar(10) CHARACTER SET utf8 COLLATE utf8_general_ci DEFAULT NULL COMMENT '操作方式',
  `params` text CHARACTER SET utf8 COLLATE utf8_general_ci COMMENT '操作提交的数据',
  `time` mediumtext CHARACTER SET utf8 COLLATE utf8_general_ci COMMENT '执行时间',
  `del_flag` char(1) CHARACTER SET utf8 COLLATE utf8_general_ci DEFAULT '0' COMMENT '逻辑删除标记（0：显示；1：隐藏）',
  `exception` text CHARACTER SET utf8 COLLATE utf8_general_ci COMMENT '异常信息',
  `tenant_id` varchar(32) CHARACTER SET utf8 COLLATE utf8_general_ci NOT NULL DEFAULT '0' COMMENT '所属租户',
  PRIMARY KEY (`id`) USING BTREE,
  KEY `sys_log_create_by` (`create_by`) USING BTREE,
  KEY `sys_log_request_uri` (`request_uri`) USING BTREE,
  KEY `sys_log_type` (`type`) USING BTREE,
  KEY `sys_log_create_date` (`create_time`) USING BTREE
) ENGINE=InnoDB DEFAULT CHARSET=utf8 ROW_FORMAT=DYNAMIC COMMENT='日志表';

/*Data for the table `sys_log` */

insert  into `sys_log`(`id`,`type`,`title`,`service_id`,`create_id`,`create_by`,`create_time`,`update_time`,`remote_addr`,`user_agent`,`request_uri`,`method`,`params`,`time`,`del_flag`,`exception`,`tenant_id`) values 
('1233941716043440129','0','删除素材','admin','1','admin','2020-03-01 10:26:45',NULL,'127.0.0.1','Mozilla/5.0 (Windows NT 10.0; Win64; x64) AppleWebKit/537.36 (KHTML, like Gecko) Chrome/80.0.3987.116 Safari/537.36','/material/1','DELETE','','23','0',NULL,'1'),
('1233941766358310913','0','删除素材','admin','1','admin','2020-03-01 10:26:57',NULL,'127.0.0.1','Mozilla/5.0 (Windows NT 10.0; Win64; x64) AppleWebKit/537.36 (KHTML, like Gecko) Chrome/80.0.3987.116 Safari/537.36','/material/02a825aa19d9ed58ea3dbabbbb24aeb6','DELETE','','7','0',NULL,'1'),
('1233957115623575553','0','新增菜单','admin','1','admin','2020-03-01 11:27:56',NULL,'127.0.0.1','Mozilla/5.0 (Windows NT 10.0; Win64; x64) AppleWebKit/537.36 (KHTML, like Gecko) Chrome/80.0.3987.116 Safari/537.36','/menu','POST','','61','0',NULL,'1'),
('1233957501029711874','0','新增菜单','admin','1','admin','2020-03-01 11:29:28',NULL,'127.0.0.1','Mozilla/5.0 (Windows NT 10.0; Win64; x64) AppleWebKit/537.36 (KHTML, like Gecko) Chrome/80.0.3987.116 Safari/537.36','/menu','POST','','139','0',NULL,'1'),
('1234086431565000706','0','新增菜单','admin','1','admin','2020-03-01 20:01:48',NULL,'127.0.0.1','Mozilla/5.0 (Windows NT 10.0; Win64; x64) AppleWebKit/537.36 (KHTML, like Gecko) Chrome/80.0.3987.116 Safari/537.36','/menu','POST','','59','0',NULL,'1'),
('1234087587745869826','0','更新菜单','admin','1','admin','2020-03-01 20:06:23',NULL,'127.0.0.1','Mozilla/5.0 (Windows NT 10.0; Win64; x64) AppleWebKit/537.36 (KHTML, like Gecko) Chrome/80.0.3987.116 Safari/537.36','/menu','PUT','','22','0',NULL,'1'),
('1234092658785234946','0','更新菜单','admin','1','admin','2020-03-01 20:26:32',NULL,'127.0.0.1','Mozilla/5.0 (Windows NT 10.0; Win64; x64) AppleWebKit/537.36 (KHTML, like Gecko) Chrome/80.0.3987.116 Safari/537.36','/menu','PUT','','12','0',NULL,'1'),
('1234092769326116866','0','更新菜单','admin','1','admin','2020-03-01 20:26:59',NULL,'127.0.0.1','Mozilla/5.0 (Windows NT 10.0; Win64; x64) AppleWebKit/537.36 (KHTML, like Gecko) Chrome/80.0.3987.116 Safari/537.36','/menu','PUT','','25','0',NULL,'1'),
('1234116502543626241','0','保存并发布菜单','admin','1','admin','2020-03-01 22:01:17',NULL,'127.0.0.1','Mozilla/5.0 (Windows NT 10.0; Win64; x64) AppleWebKit/537.36 (KHTML, like Gecko) Chrome/80.0.3987.116 Safari/537.36','/wxmenu/release','POST','','407','0',NULL,'1'),
('1234116810116132866','0','保存并发布菜单','admin','1','admin','2020-03-01 22:02:30',NULL,'127.0.0.1','Mozilla/5.0 (Windows NT 10.0; Win64; x64) AppleWebKit/537.36 (KHTML, like Gecko) Chrome/80.0.3987.116 Safari/537.36','/wxmenu/release','POST','','1143','0',NULL,'1'),
('1234118330484224002','0','保存并发布菜单','admin','1','admin','2020-03-01 22:08:33',NULL,'127.0.0.1','Mozilla/5.0 (Windows NT 10.0; Win64; x64) AppleWebKit/537.36 (KHTML, like Gecko) Chrome/80.0.3987.116 Safari/537.36','/wxmenu/release','POST','','1002','0',NULL,'1'),
('1234119923166310402','0','删除微信素材','admin','1','admin','2020-03-01 22:14:53',NULL,'127.0.0.1','Mozilla/5.0 (Windows NT 10.0; Win64; x64) AppleWebKit/537.36 (KHTML, like Gecko) Chrome/80.0.3987.116 Safari/537.36','/wxmaterial','DELETE','appId=%5Bwxfd19ebed74478150%5D&id=%5Bry82ksWQklo7dYGvgo7mXksHAU_LoEApwQdIyUYysBA%5D','442','0',NULL,'1'),
('1234120102124679169','0','保存并发布菜单','admin','1','admin','2020-03-01 22:15:35',NULL,'127.0.0.1','Mozilla/5.0 (Windows NT 10.0; Win64; x64) AppleWebKit/537.36 (KHTML, like Gecko) Chrome/80.0.3987.116 Safari/537.36','/wxmenu/release','POST','','867','0',NULL,'1'),
('1234120382581010433','0','删除微信素材','admin','1','admin','2020-03-01 22:16:42',NULL,'127.0.0.1','Mozilla/5.0 (Windows NT 10.0; Win64; x64) AppleWebKit/537.36 (KHTML, like Gecko) Chrome/80.0.3987.116 Safari/537.36','/wxmaterial','DELETE','appId=%5Bwx1c254bf1dea2184d%5D&id=%5Bm3tplYKmnk78rFzuRgJPputYsAGncinMsXkkPxes_yo%5D','546','0',NULL,'1'),
('1234120596649897985','0','删除微信素材','admin','1','admin','2020-03-01 22:17:33',NULL,'127.0.0.1','Mozilla/5.0 (Windows NT 10.0; Win64; x64) AppleWebKit/537.36 (KHTML, like Gecko) Chrome/80.0.3987.116 Safari/537.36','/wxmaterial','DELETE','appId=%5Bwx1c254bf1dea2184d%5D&id=%5Bm3tplYKmnk78rFzuRgJPps_URgxk6eUQtWkZ2ONgH6E%5D','692','0',NULL,'1'),
('1234120697199947777','0','删除微信素材','admin','1','admin','2020-03-01 22:17:57',NULL,'127.0.0.1','Mozilla/5.0 (Windows NT 10.0; Win64; x64) AppleWebKit/537.36 (KHTML, like Gecko) Chrome/80.0.3987.116 Safari/537.36','/wxmaterial','DELETE','appId=%5Bwx1c254bf1dea2184d%5D&id=%5Bm3tplYKmnk78rFzuRgJPpomw6pr2fOHz6Mpp_necEiI%5D','640','0',NULL,'1'),
('1234120764988289025','0','删除微信素材','admin','1','admin','2020-03-01 22:18:13',NULL,'127.0.0.1','Mozilla/5.0 (Windows NT 10.0; Win64; x64) AppleWebKit/537.36 (KHTML, like Gecko) Chrome/80.0.3987.116 Safari/537.36','/wxmaterial','DELETE','appId=%5Bwx1c254bf1dea2184d%5D&id=%5Bm3tplYKmnk78rFzuRgJPpsERmQmEJwHWcsk4VEO2ct0%5D','385','0',NULL,'1'),
('1234120880868519938','0','删除微信素材','admin','1','admin','2020-03-01 22:18:41',NULL,'127.0.0.1','Mozilla/5.0 (Windows NT 10.0; Win64; x64) AppleWebKit/537.36 (KHTML, like Gecko) Chrome/80.0.3987.116 Safari/537.36','/wxmaterial','DELETE','appId=%5Bwx1c254bf1dea2184d%5D&id=%5Bm3tplYKmnk78rFzuRgJPpgoUn2V5o8NiIhhwCweH_eQ%5D','321','0',NULL,'1'),
('1234120903693922305','0','删除微信素材','admin','1','admin','2020-03-01 22:18:46',NULL,'127.0.0.1','Mozilla/5.0 (Windows NT 10.0; Win64; x64) AppleWebKit/537.36 (KHTML, like Gecko) Chrome/80.0.3987.116 Safari/537.36','/wxmaterial','DELETE','appId=%5Bwx1c254bf1dea2184d%5D&id=%5Bm3tplYKmnk78rFzuRgJPpg3YR2tAVdysTsBx9HmoIFU%5D','337','0',NULL,'1'),
('1234120916935340033','0','删除微信素材','admin','1','admin','2020-03-01 22:18:50',NULL,'127.0.0.1','Mozilla/5.0 (Windows NT 10.0; Win64; x64) AppleWebKit/537.36 (KHTML, like Gecko) Chrome/80.0.3987.116 Safari/537.36','/wxmaterial','DELETE','appId=%5Bwx1c254bf1dea2184d%5D&id=%5Bm3tplYKmnk78rFzuRgJPpsAXdd9aPvFslgJL8_qYTpE%5D','342','0',NULL,'1'),
('1234120961386573825','0','微信接口次数进行清零','admin','1','admin','2020-03-01 22:19:00',NULL,'127.0.0.1','Mozilla/5.0 (Windows NT 10.0; Win64; x64) AppleWebKit/537.36 (KHTML, like Gecko) Chrome/80.0.3987.116 Safari/537.36','/wxapp/quota','PUT','','274','0',NULL,'1'),
('1234121000695590914','0','删除微信素材','admin','1','admin','2020-03-01 22:19:10',NULL,'127.0.0.1','Mozilla/5.0 (Windows NT 10.0; Win64; x64) AppleWebKit/537.36 (KHTML, like Gecko) Chrome/80.0.3987.116 Safari/537.36','/wxmaterial','DELETE','appId=%5Bwxfd19ebed74478150%5D&id=%5Bry82ksWQklo7dYGvgo7mXrtwPUet_-Lj6SE6hPO7Nxg%5D','339','0',NULL,'1'),
('1234121012204761090','0','删除微信素材','admin','1','admin','2020-03-01 22:19:12',NULL,'127.0.0.1','Mozilla/5.0 (Windows NT 10.0; Win64; x64) AppleWebKit/537.36 (KHTML, like Gecko) Chrome/80.0.3987.116 Safari/537.36','/wxmaterial','DELETE','appId=%5Bwxfd19ebed74478150%5D&id=%5Bry82ksWQklo7dYGvgo7mXv3sg8EeLSw0J7shBi1nhT8%5D','371','0',NULL,'1'),
('1234121024166916097','0','删除微信素材','admin','1','admin','2020-03-01 22:19:15',NULL,'127.0.0.1','Mozilla/5.0 (Windows NT 10.0; Win64; x64) AppleWebKit/537.36 (KHTML, like Gecko) Chrome/80.0.3987.116 Safari/537.36','/wxmaterial','DELETE','appId=%5Bwxfd19ebed74478150%5D&id=%5Bry82ksWQklo7dYGvgo7mXuwufnOztpK8QeZP5C2Tmoc%5D','369','0',NULL,'1'),
('1234123893540614145','0','微信接口次数进行清零','admin','1','admin','2020-03-01 22:30:39',NULL,'127.0.0.1','Mozilla/5.0 (Windows NT 10.0; Win64; x64) AppleWebKit/537.36 (KHTML, like Gecko) Chrome/80.0.3987.116 Safari/537.36','/wxapp/quota','PUT','','261','0',NULL,'1'),
('1235071233252352002','0','删除素材','admin','1','admin','2020-03-04 13:15:03',NULL,'127.0.0.1','Mozilla/5.0 (Windows NT 10.0; Win64; x64) AppleWebKit/537.36 (KHTML, like Gecko) Chrome/80.0.3987.116 Safari/537.36','/material/90c47c161af99fa89920bba220689c44','DELETE','','21','0',NULL,'1'),
('1235071286717145090','0','删除素材','admin','1','admin','2020-03-04 13:15:15',NULL,'127.0.0.1','Mozilla/5.0 (Windows NT 10.0; Win64; x64) AppleWebKit/537.36 (KHTML, like Gecko) Chrome/80.0.3987.116 Safari/537.36','/material/fc416ea0abf5b034abffe7b9ba214a12','DELETE','','5','0',NULL,'1'),
('1235071574316376066','0','删除素材','admin','1','admin','2020-03-04 13:16:24',NULL,'127.0.0.1','Mozilla/5.0 (Windows NT 10.0; Win64; x64) AppleWebKit/537.36 (KHTML, like Gecko) Chrome/80.0.3987.116 Safari/537.36','/material/a70b0ad998ef832eacfd114e067557c2','DELETE','','22','0',NULL,'1'),
('1235072244780064769','0','删除素材','admin','1','admin','2020-03-04 13:19:04',NULL,'127.0.0.1','Mozilla/5.0 (Windows NT 10.0; Win64; x64) AppleWebKit/537.36 (KHTML, like Gecko) Chrome/80.0.3987.116 Safari/537.36','/material/ea6df3613b101b5cc7e22d7fc879f736','DELETE','','14','0',NULL,'1'),
('1235072478654455810','0','删除素材','admin','1','admin','2020-03-04 13:20:00',NULL,'127.0.0.1','Mozilla/5.0 (Windows NT 10.0; Win64; x64) AppleWebKit/537.36 (KHTML, like Gecko) Chrome/80.0.3987.116 Safari/537.36','/material/13','DELETE','','7','0',NULL,'1'),
('1235073144508604418','0','修改存储配置','admin','1','admin','2020-03-04 13:22:38',NULL,'127.0.0.1','Mozilla/5.0 (Windows NT 10.0; Win64; x64) AppleWebKit/537.36 (KHTML, like Gecko) Chrome/80.0.3987.116 Safari/537.36','/configstorage','PUT','','26','0',NULL,'1'),
('1235073199906971650','0','新增素材','admin','1','admin','2020-03-04 13:22:52',NULL,'127.0.0.1','Mozilla/5.0 (Windows NT 10.0; Win64; x64) AppleWebKit/537.36 (KHTML, like Gecko) Chrome/80.0.3987.116 Safari/537.36','/material','POST','','12','0',NULL,'1'),
('1235073252620984322','0','新增素材','admin','1','admin','2020-03-04 13:23:04',NULL,'127.0.0.1','Mozilla/5.0 (Windows NT 10.0; Win64; x64) AppleWebKit/537.36 (KHTML, like Gecko) Chrome/80.0.3987.116 Safari/537.36','/material','POST','','26','0',NULL,'1'),
('1235073291204386817','0','删除素材','admin','1','admin','2020-03-04 13:23:13',NULL,'127.0.0.1','Mozilla/5.0 (Windows NT 10.0; Win64; x64) AppleWebKit/537.36 (KHTML, like Gecko) Chrome/80.0.3987.116 Safari/537.36','/material/1235073199852367873','DELETE','','7','0',NULL,'1'),
('1235073464647245826','0','删除素材','admin','1','admin','2020-03-04 13:23:55',NULL,'127.0.0.1','Mozilla/5.0 (Windows NT 10.0; Win64; x64) AppleWebKit/537.36 (KHTML, like Gecko) Chrome/80.0.3987.116 Safari/537.36','/material/1235073252486688770','DELETE','','6','0',NULL,'1'),
('1235073514681098241','0','新增素材','admin','1','admin','2020-03-04 13:24:07',NULL,'127.0.0.1','Mozilla/5.0 (Windows NT 10.0; Win64; x64) AppleWebKit/537.36 (KHTML, like Gecko) Chrome/80.0.3987.116 Safari/537.36','/material','POST','','6','0',NULL,'1'),
('1235073541994405890','0','新增素材','admin','1','admin','2020-03-04 13:24:13',NULL,'127.0.0.1','Mozilla/5.0 (Windows NT 10.0; Win64; x64) AppleWebKit/537.36 (KHTML, like Gecko) Chrome/80.0.3987.116 Safari/537.36','/material','POST','','11','0',NULL,'1'),
('1235073587980754945','0','删除素材','admin','1','admin','2020-03-04 13:24:24',NULL,'127.0.0.1','Mozilla/5.0 (Windows NT 10.0; Win64; x64) AppleWebKit/537.36 (KHTML, like Gecko) Chrome/80.0.3987.116 Safari/537.36','/material/1235073514630688769','DELETE','','14','0',NULL,'1'),
('1235073625536552962','0','删除素材','admin','1','admin','2020-03-04 13:24:33',NULL,'127.0.0.1','Mozilla/5.0 (Windows NT 10.0; Win64; x64) AppleWebKit/537.36 (KHTML, like Gecko) Chrome/80.0.3987.116 Safari/537.36','/material/1235073541927219201','DELETE','','12','0',NULL,'1'),
('1235073654850543618','0','新增素材','admin','1','admin','2020-03-04 13:24:40',NULL,'127.0.0.1','Mozilla/5.0 (Windows NT 10.0; Win64; x64) AppleWebKit/537.36 (KHTML, like Gecko) Chrome/80.0.3987.116 Safari/537.36','/material','POST','','18','0',NULL,'1'),
('1235073673724911618','0','新增素材','admin','1','admin','2020-03-04 13:24:45',NULL,'127.0.0.1','Mozilla/5.0 (Windows NT 10.0; Win64; x64) AppleWebKit/537.36 (KHTML, like Gecko) Chrome/80.0.3987.116 Safari/537.36','/material','POST','','11','0',NULL,'1'),
('1235073721758081026','0','删除素材','admin','1','admin','2020-03-04 13:24:56',NULL,'127.0.0.1','Mozilla/5.0 (Windows NT 10.0; Win64; x64) AppleWebKit/537.36 (KHTML, like Gecko) Chrome/80.0.3987.116 Safari/537.36','/material/1235073654745608194','DELETE','','14','0',NULL,'1'),
('1235073752389083138','0','删除素材','admin','1','admin','2020-03-04 13:25:03',NULL,'127.0.0.1','Mozilla/5.0 (Windows NT 10.0; Win64; x64) AppleWebKit/537.36 (KHTML, like Gecko) Chrome/80.0.3987.116 Safari/537.36','/material/1235073673611587586','DELETE','','16','0',NULL,'1'),
('1235073883435917314','0','新增素材','admin','1','admin','2020-03-04 13:25:35',NULL,'127.0.0.1','Mozilla/5.0 (Windows NT 10.0; Win64; x64) AppleWebKit/537.36 (KHTML, like Gecko) Chrome/80.0.3987.116 Safari/537.36','/material','POST','','12','0',NULL,'1'),
('1235073904008978434','0','新增素材','admin','1','admin','2020-03-04 13:25:39',NULL,'127.0.0.1','Mozilla/5.0 (Windows NT 10.0; Win64; x64) AppleWebKit/537.36 (KHTML, like Gecko) Chrome/80.0.3987.116 Safari/537.36','/material','POST','','7','0',NULL,'1'),
('1235073949747863553','0','删除素材','admin','1','admin','2020-03-04 13:25:50',NULL,'127.0.0.1','Mozilla/5.0 (Windows NT 10.0; Win64; x64) AppleWebKit/537.36 (KHTML, like Gecko) Chrome/80.0.3987.116 Safari/537.36','/material/1235073883343564802','DELETE','','14','0',NULL,'1'),
('1235074005834096642','0','新增素材','admin','1','admin','2020-03-04 13:26:04',NULL,'127.0.0.1','Mozilla/5.0 (Windows NT 10.0; Win64; x64) AppleWebKit/537.36 (KHTML, like Gecko) Chrome/80.0.3987.116 Safari/537.36','/material','POST','','6','0',NULL,'1'),
('1235074028126822402','0','删除素材','admin','1','admin','2020-03-04 13:26:09',NULL,'127.0.0.1','Mozilla/5.0 (Windows NT 10.0; Win64; x64) AppleWebKit/537.36 (KHTML, like Gecko) Chrome/80.0.3987.116 Safari/537.36','/material/1235074005783687170','DELETE','','9','0',NULL,'1'),
('1235074042538450945','0','删除素材','admin','1','admin','2020-03-04 13:26:12',NULL,'127.0.0.1','Mozilla/5.0 (Windows NT 10.0; Win64; x64) AppleWebKit/537.36 (KHTML, like Gecko) Chrome/80.0.3987.116 Safari/537.36','/material/1235073903954374658','DELETE','','16','0',NULL,'1'),
('1235076968644304897','0','新增素材','admin','1','admin','2020-03-04 13:37:50',NULL,'127.0.0.1','Mozilla/5.0 (Windows NT 10.0; Win64; x64) AppleWebKit/537.36 (KHTML, like Gecko) Chrome/80.0.3987.116 Safari/537.36','/material','POST','','14','0',NULL,'1'),
('1235076987329929218','0','删除素材','admin','1','admin','2020-03-04 13:37:55',NULL,'127.0.0.1','Mozilla/5.0 (Windows NT 10.0; Win64; x64) AppleWebKit/537.36 (KHTML, like Gecko) Chrome/80.0.3987.116 Safari/537.36','/material/1235076968564535298','DELETE','','6','0',NULL,'1'),
('1235077192741773313','0','新增砍价','admin','1','admin','2020-03-04 13:38:44',NULL,'127.0.0.1','Mozilla/5.0 (Windows NT 10.0; Win64; x64) AppleWebKit/537.36 (KHTML, like Gecko) Chrome/80.0.3987.116 Safari/537.36','/bargaininfo','POST','','14','0',NULL,'1'),
('1235079134796800002','0','新增砍价','admin','1','admin','2020-03-04 13:46:27',NULL,'127.0.0.1','Mozilla/5.0 (Windows NT 10.0; Win64; x64) AppleWebKit/537.36 (KHTML, like Gecko) Chrome/80.0.3987.116 Safari/537.36','/bargaininfo','POST','','16','0',NULL,'1'),
('1235079512485486594','0','新增砍价','admin','1','admin','2020-03-04 13:47:57',NULL,'127.0.0.1','Mozilla/5.0 (Windows NT 10.0; Win64; x64) AppleWebKit/537.36 (KHTML, like Gecko) Chrome/80.0.3987.116 Safari/537.36','/bargaininfo','POST','','20','0',NULL,'1'),
('1235081892753006593','0','修改spu商品','admin','1','admin','2020-03-04 13:57:24',NULL,'127.0.0.1','Mozilla/5.0 (Windows NT 10.0; Win64; x64) AppleWebKit/537.36 (KHTML, like Gecko) Chrome/80.0.3987.116 Safari/537.36','/goodsspu','PUT','','81','0',NULL,'1'),
('1235082950724247553','0','修改商城订单','admin','1','admin','2020-03-04 14:01:36',NULL,'127.0.0.1','Mozilla/5.0 (Windows NT 10.0; Win64; x64) AppleWebKit/537.36 (KHTML, like Gecko) Chrome/80.0.3987.116 Safari/537.36','/orderinfo','PUT','','681','0',NULL,'1'),
('1235155060343635969','0','修改存储配置','admin','1','admin','2020-03-04 18:48:09',NULL,'127.0.0.1','Mozilla/5.0 (Windows NT 10.0; Win64; x64) AppleWebKit/537.36 (KHTML, like Gecko) Chrome/80.0.3987.116 Safari/537.36','/configstorage','PUT','','26','0',NULL,'1'),
('1235477189115240450','0','微信接口次数进行清零','admin','1','admin','2020-03-05 16:08:10',NULL,'127.0.0.1','Mozilla/5.0 (Windows NT 10.0; Win64; x64) AppleWebKit/537.36 (KHTML, like Gecko) Chrome/80.0.3987.122 Safari/537.36','/wxapp/quota','PUT','','310','0',NULL,'1'),
('1236155740642590721','0','修改存储配置','admin','1','admin','2020-03-07 13:04:29',NULL,'127.0.0.1','Mozilla/5.0 (Windows NT 10.0; Win64; x64) AppleWebKit/537.36 (KHTML, like Gecko) Chrome/80.0.3987.132 Safari/537.36','/configstorage','PUT','','17','0',NULL,'1'),
('1236607422954430465','0','编辑机构','admin','1','admin','2020-03-08 18:59:19',NULL,'127.0.0.1','Mozilla/5.0 (Windows NT 10.0; Win64; x64) AppleWebKit/537.36 (KHTML, like Gecko) Chrome/80.0.3987.132 Safari/537.36','/organ','PUT','','118','0',NULL,'1'),
('1236612883405561857','0','编辑机构','admin','1','admin','2020-03-08 19:21:01',NULL,'127.0.0.1','Mozilla/5.0 (Windows NT 10.0; Win64; x64) AppleWebKit/537.36 (KHTML, like Gecko) Chrome/80.0.3987.132 Safari/537.36','/organ','PUT','','32','0',NULL,'1'),
('1236612943895814146','0','编辑机构','admin','1','admin','2020-03-08 19:21:15',NULL,'127.0.0.1','Mozilla/5.0 (Windows NT 10.0; Win64; x64) AppleWebKit/537.36 (KHTML, like Gecko) Chrome/80.0.3987.132 Safari/537.36','/organ','PUT','','24','0',NULL,'1'),
('1236614138102243330','0','添加机构','admin','1','admin','2020-03-08 19:26:00',NULL,'127.0.0.1','Mozilla/5.0 (Windows NT 10.0; Win64; x64) AppleWebKit/537.36 (KHTML, like Gecko) Chrome/80.0.3987.132 Safari/537.36','/organ','POST','','43','0',NULL,'1'),
('1236614244109082625','0','添加机构','admin','1','admin','2020-03-08 19:26:25',NULL,'127.0.0.1','Mozilla/5.0 (Windows NT 10.0; Win64; x64) AppleWebKit/537.36 (KHTML, like Gecko) Chrome/80.0.3987.132 Safari/537.36','/organ','POST','','37','0',NULL,'1'),
('1236614284974186498','0','删除机构','admin','1','admin','2020-03-08 19:26:35',NULL,'127.0.0.1','Mozilla/5.0 (Windows NT 10.0; Win64; x64) AppleWebKit/537.36 (KHTML, like Gecko) Chrome/80.0.3987.132 Safari/537.36','/organ/1236614137905111041','DELETE','','34','0',NULL,'1'),
('1236617144872935426','0','编辑机构','admin','1','admin','2020-03-08 19:37:57',NULL,'127.0.0.1','Mozilla/5.0 (Windows NT 10.0; Win64; x64) AppleWebKit/537.36 (KHTML, like Gecko) Chrome/80.0.3987.132 Safari/537.36','/organ','PUT','','205','0',NULL,'1'),
('1236617986518761474','0','编辑机构','admin','1','admin','2020-03-08 19:41:17',NULL,'127.0.0.1','Mozilla/5.0 (Windows NT 10.0; Win64; x64) AppleWebKit/537.36 (KHTML, like Gecko) Chrome/80.0.3987.132 Safari/537.36','/organ','PUT','','192','0',NULL,'1'),
('1236628794615263233','0','编辑机构','admin','1','admin','2020-03-08 20:24:14',NULL,'127.0.0.1','Mozilla/5.0 (Windows NT 10.0; Win64; x64) AppleWebKit/537.36 (KHTML, like Gecko) Chrome/80.0.3987.132 Safari/537.36','/organ','PUT','','78','0',NULL,'1'),
('1236628890736128001','0','编辑机构','admin','1','admin','2020-03-08 20:24:37',NULL,'127.0.0.1','Mozilla/5.0 (Windows NT 10.0; Win64; x64) AppleWebKit/537.36 (KHTML, like Gecko) Chrome/80.0.3987.132 Safari/537.36','/organ','PUT','','20','0',NULL,'1'),
('1236629904352501762','0','编辑机构','admin','1','admin','2020-03-08 20:28:39',NULL,'127.0.0.1','Mozilla/5.0 (Windows NT 10.0; Win64; x64) AppleWebKit/537.36 (KHTML, like Gecko) Chrome/80.0.3987.132 Safari/537.36','/organ','PUT','','33101','0',NULL,'1'),
('1236629935772033025','0','编辑机构','admin','1','admin','2020-03-08 20:28:46',NULL,'127.0.0.1','Mozilla/5.0 (Windows NT 10.0; Win64; x64) AppleWebKit/537.36 (KHTML, like Gecko) Chrome/80.0.3987.132 Safari/537.36','/organ','PUT','','49','0',NULL,'1'),
('1236629999017943041','0','编辑机构','admin','1','admin','2020-03-08 20:29:01',NULL,'127.0.0.1','Mozilla/5.0 (Windows NT 10.0; Win64; x64) AppleWebKit/537.36 (KHTML, like Gecko) Chrome/80.0.3987.132 Safari/537.36','/organ','PUT','','37','0',NULL,'1'),
('1236630100817895425','0','编辑机构','admin','1','admin','2020-03-08 20:29:26',NULL,'127.0.0.1','Mozilla/5.0 (Windows NT 10.0; Win64; x64) AppleWebKit/537.36 (KHTML, like Gecko) Chrome/80.0.3987.132 Safari/537.36','/organ','PUT','','33','0',NULL,'1'),
('1236896322012733441','0','修改存储配置','admin','1','admin','2020-03-09 14:07:18',NULL,'127.0.0.1','Mozilla/5.0 (Windows NT 10.0; Win64; x64) AppleWebKit/537.36 (KHTML, like Gecko) Chrome/80.0.3987.132 Safari/537.36','/configstorage','PUT','','15','0',NULL,'1'),
('1236899849816662018','0','更新菜单','admin','1','admin','2020-03-09 14:21:19',NULL,'127.0.0.1','Mozilla/5.0 (Windows NT 10.0; Win64; x64) AppleWebKit/537.36 (KHTML, like Gecko) Chrome/80.0.3987.132 Safari/537.36','/menu','PUT','','73','0',NULL,'1'),
('1236899957601886210','0','修改存储配置','admin','1','admin','2020-03-09 14:21:45',NULL,'127.0.0.1','Mozilla/5.0 (Windows NT 10.0; Win64; x64) AppleWebKit/537.36 (KHTML, like Gecko) Chrome/80.0.3987.132 Safari/537.36','/configstorage','PUT','','22','0',NULL,'1'),
('1236990570183680002','0','修改存储配置','admin','1','admin','2020-03-09 20:21:48',NULL,'127.0.0.1','Mozilla/5.0 (Windows NT 10.0; Win64; x64) AppleWebKit/537.36 (KHTML, like Gecko) Chrome/80.0.3987.132 Safari/537.36','/configstorage','PUT','','27','0',NULL,'1'),
('1237004102732242946','0','微信接口次数进行清零','admin','1','admin','2020-03-09 21:15:35',NULL,'127.0.0.1','Mozilla/5.0 (Windows NT 10.0; Win64; x64) AppleWebKit/537.36 (KHTML, like Gecko) Chrome/80.0.3987.132 Safari/537.36','/wxapp/quota','PUT','','336','0',NULL,'1'),
('1237004114388213761','0','删除微信账号配置','admin','1','admin','2020-03-09 21:15:37',NULL,'127.0.0.1','Mozilla/5.0 (Windows NT 10.0; Win64; x64) AppleWebKit/537.36 (KHTML, like Gecko) Chrome/80.0.3987.132 Safari/537.36','/wxapp/wx1c254bf1dea2184d','DELETE','','9','0',NULL,'1'),
('1237256772214837250','0','修改存储配置','admin','1','admin','2020-03-10 13:59:36',NULL,'127.0.0.1','Mozilla/5.0 (Windows NT 10.0; Win64; x64) AppleWebKit/537.36 (KHTML, like Gecko) Chrome/80.0.3987.132 Safari/537.36','/configstorage','PUT','','33','0',NULL,'1'),
('1237256990574497794','0','新增素材','admin','1','admin','2020-03-10 14:00:28',NULL,'127.0.0.1','Mozilla/5.0 (Windows NT 10.0; Win64; x64) AppleWebKit/537.36 (KHTML, like Gecko) Chrome/80.0.3987.132 Safari/537.36','/material','POST','','21','0',NULL,'1'),
('1237282454319910913','0','修改商城订单价格','admin','1','admin','2020-03-10 15:41:39',NULL,'127.0.0.1','Mozilla/5.0 (Windows NT 10.0; Win64; x64) AppleWebKit/537.36 (KHTML, like Gecko) Chrome/80.0.3987.132 Safari/537.36','/orderinfo/editPrice','PUT','','21','0',NULL,'1'),
('1237285352105824257','0','修改商城订单价格','admin','1','admin','2020-03-10 15:53:10',NULL,'127.0.0.1','Mozilla/5.0 (Windows NT 10.0; Win64; x64) AppleWebKit/537.36 (KHTML, like Gecko) Chrome/80.0.3987.132 Safari/537.36','/orderinfo/editPrice','PUT','','31','0',NULL,'1'),
('1237286233090019329','0','修改商城订单价格','admin','1','admin','2020-03-10 15:56:40',NULL,'127.0.0.1','Mozilla/5.0 (Windows NT 10.0; Win64; x64) AppleWebKit/537.36 (KHTML, like Gecko) Chrome/80.0.3987.132 Safari/537.36','/orderinfo/editPrice','PUT','','14','0',NULL,'1'),
('1237290363028238337','0','修改商城订单价格','admin','1','admin','2020-03-10 16:13:05',NULL,'127.0.0.1','Mozilla/5.0 (Windows NT 10.0; Win64; x64) AppleWebKit/537.36 (KHTML, like Gecko) Chrome/80.0.3987.132 Safari/537.36','/orderinfo/editPrice','PUT','','24','0',NULL,'1'),
('1237292946627186689','0','修改商城订单价格','admin','1','admin','2020-03-10 16:23:21',NULL,'127.0.0.1','Mozilla/5.0 (Windows NT 10.0; Win64; x64) AppleWebKit/537.36 (KHTML, like Gecko) Chrome/80.0.3987.132 Safari/537.36','/orderinfo/editPrice','PUT','','21','0',NULL,'1'),
('1237977382742065154','0','取消商城订单','admin','1','admin','2020-03-12 13:43:03',NULL,'127.0.0.1','Mozilla/5.0 (Windows NT 10.0; Win64; x64) AppleWebKit/537.36 (KHTML, like Gecko) Chrome/80.0.3987.132 Safari/537.36','/orderinfo/cancel/1237970361590464513','PUT','','448','0',NULL,'1'),
('1237977459107758081','0','取消商城订单','admin','1','admin','2020-03-12 13:43:21',NULL,'127.0.0.1','Mozilla/5.0 (Windows NT 10.0; Win64; x64) AppleWebKit/537.36 (KHTML, like Gecko) Chrome/80.0.3987.132 Safari/537.36','/orderinfo/cancel/1237970361590464513','PUT','','3','0',NULL,'1'),
('1237978043185561602','0','取消商城订单','admin','1','admin','2020-03-12 13:45:40',NULL,'127.0.0.1','Mozilla/5.0 (Windows NT 10.0; Win64; x64) AppleWebKit/537.36 (KHTML, like Gecko) Chrome/80.0.3987.132 Safari/537.36','/orderinfo/cancel/1237970361590464513','PUT','','34016','0',NULL,'1'),
('1237978267979284482','0','取消商城订单','admin','1','admin','2020-03-12 13:46:34',NULL,'127.0.0.1','Mozilla/5.0 (Windows NT 10.0; Win64; x64) AppleWebKit/537.36 (KHTML, like Gecko) Chrome/80.0.3987.132 Safari/537.36','/orderinfo/cancel/1237970361590464513','PUT','','48893','0',NULL,'1'),
('1237978658703867906','0','取消商城订单','admin','1','admin','2020-03-12 13:48:07',NULL,'127.0.0.1','Mozilla/5.0 (Windows NT 10.0; Win64; x64) AppleWebKit/537.36 (KHTML, like Gecko) Chrome/80.0.3987.132 Safari/537.36','/orderinfo/cancel/1237972113601576962','PUT','','6331','0',NULL,'1'),
('1237978800727195649','0','取消商城订单','admin','1','admin','2020-03-12 13:48:41',NULL,'127.0.0.1','Mozilla/5.0 (Windows NT 10.0; Win64; x64) AppleWebKit/537.36 (KHTML, like Gecko) Chrome/80.0.3987.132 Safari/537.36','/orderinfo/cancel/1237972951568945153','PUT','','301','0',NULL,'1'),
('1237979991230054401','0','修改商城订单价格','admin','1','admin','2020-03-12 13:53:25',NULL,'127.0.0.1','Mozilla/5.0 (Windows NT 10.0; Win64; x64) AppleWebKit/537.36 (KHTML, like Gecko) Chrome/80.0.3987.132 Safari/537.36','/orderinfo/editPrice','PUT','','21','0',NULL,'1'),
('1237981810563940353','0','操作退款','admin','1','admin','2020-03-12 14:00:38',NULL,'127.0.0.1','Mozilla/5.0 (Windows NT 10.0; Win64; x64) AppleWebKit/537.36 (KHTML, like Gecko) Chrome/80.0.3987.132 Safari/537.36','/orderrefunds/doOrderRefunds','PUT','','1029','0',NULL,'1'),
('1238281198163177473','0','新增微信消息','admin','1','admin','2020-03-13 09:50:18',NULL,'127.0.0.1','Mozilla/5.0 (Windows NT 10.0; Win64; x64) AppleWebKit/537.36 (KHTML, like Gecko) Chrome/80.0.3987.132 Safari/537.36','/wxmsg','POST','','400','0',NULL,'1'),
('1239766267830714369','0','新增菜单','admin','1','admin','2020-03-17 12:11:26',NULL,'127.0.0.1','Mozilla/5.0 (Windows NT 10.0; Win64; x64) AppleWebKit/537.36 (KHTML, like Gecko) Chrome/80.0.3987.132 Safari/537.36','/menu','POST','','73','0',NULL,'1'),
('1239766777174409218','0','新增菜单','admin','1','admin','2020-03-17 12:13:28',NULL,'127.0.0.1','Mozilla/5.0 (Windows NT 10.0; Win64; x64) AppleWebKit/537.36 (KHTML, like Gecko) Chrome/80.0.3987.132 Safari/537.36','/menu','POST','','18','0',NULL,'1'),
('1239766958187986946','0','新增菜单','admin','1','admin','2020-03-17 12:14:11',NULL,'127.0.0.1','Mozilla/5.0 (Windows NT 10.0; Win64; x64) AppleWebKit/537.36 (KHTML, like Gecko) Chrome/80.0.3987.132 Safari/537.36','/menu','POST','','21','0',NULL,'1'),
('1239767051460919298','0','新增菜单','admin','1','admin','2020-03-17 12:14:33',NULL,'127.0.0.1','Mozilla/5.0 (Windows NT 10.0; Win64; x64) AppleWebKit/537.36 (KHTML, like Gecko) Chrome/80.0.3987.132 Safari/537.36','/menu','POST','','49','0',NULL,'1'),
('1239767117458292737','0','新增菜单','admin','1','admin','2020-03-17 12:14:49',NULL,'127.0.0.1','Mozilla/5.0 (Windows NT 10.0; Win64; x64) AppleWebKit/537.36 (KHTML, like Gecko) Chrome/80.0.3987.132 Safari/537.36','/menu','POST','','26','0',NULL,'1'),
('1239767195220688897','0','新增菜单','admin','1','admin','2020-03-17 12:15:07',NULL,'127.0.0.1','Mozilla/5.0 (Windows NT 10.0; Win64; x64) AppleWebKit/537.36 (KHTML, like Gecko) Chrome/80.0.3987.132 Safari/537.36','/menu','POST','','43','0',NULL,'1'),
('1239767264963575810','0','新增菜单','admin','1','admin','2020-03-17 12:15:24',NULL,'127.0.0.1','Mozilla/5.0 (Windows NT 10.0; Win64; x64) AppleWebKit/537.36 (KHTML, like Gecko) Chrome/80.0.3987.132 Safari/537.36','/menu','POST','','15','0',NULL,'1'),
('1239767506320605186','0','新增菜单','admin','1','admin','2020-03-17 12:16:21',NULL,'127.0.0.1','Mozilla/5.0 (Windows NT 10.0; Win64; x64) AppleWebKit/537.36 (KHTML, like Gecko) Chrome/80.0.3987.132 Safari/537.36','/menu','POST','','42','0',NULL,'1'),
('1239767627309498369','0','新增菜单','admin','1','admin','2020-03-17 12:16:50',NULL,'127.0.0.1','Mozilla/5.0 (Windows NT 10.0; Win64; x64) AppleWebKit/537.36 (KHTML, like Gecko) Chrome/80.0.3987.132 Safari/537.36','/menu','POST','','22','0',NULL,'1'),
('1239773818983006209','0','新增拼团','admin','1','admin','2020-03-17 12:41:26',NULL,'127.0.0.1','Mozilla/5.0 (Windows NT 10.0; Win64; x64) AppleWebKit/537.36 (KHTML, like Gecko) Chrome/80.0.3987.132 Safari/537.36','/grouponinfo','POST','','12','0',NULL,'1'),
('1239774739754369026','0','修改拼团','admin','1','admin','2020-03-17 12:45:06',NULL,'127.0.0.1','Mozilla/5.0 (Windows NT 10.0; Win64; x64) AppleWebKit/537.36 (KHTML, like Gecko) Chrome/80.0.3987.132 Safari/537.36','/grouponinfo','PUT','','20','0',NULL,'1'),
('1239774755369762817','0','修改拼团','admin','1','admin','2020-03-17 12:45:10',NULL,'127.0.0.1','Mozilla/5.0 (Windows NT 10.0; Win64; x64) AppleWebKit/537.36 (KHTML, like Gecko) Chrome/80.0.3987.132 Safari/537.36','/grouponinfo','PUT','','16','0',NULL,'1'),
('1239774762646880258','0','修改拼团','admin','1','admin','2020-03-17 12:45:11',NULL,'127.0.0.1','Mozilla/5.0 (Windows NT 10.0; Win64; x64) AppleWebKit/537.36 (KHTML, like Gecko) Chrome/80.0.3987.132 Safari/537.36','/grouponinfo','PUT','','12','0',NULL,'1'),
('1239776941260652546','0','修改拼团','admin','1','admin','2020-03-17 12:53:51',NULL,'127.0.0.1','Mozilla/5.0 (Windows NT 10.0; Win64; x64) AppleWebKit/537.36 (KHTML, like Gecko) Chrome/80.0.3987.132 Safari/537.36','/grouponinfo','PUT','','12','0',NULL,'1'),
('1239844085721710593','0','修改拼团','admin','1','admin','2020-03-17 17:20:39',NULL,'127.0.0.1','Mozilla/5.0 (Windows NT 10.0; Win64; x64) AppleWebKit/537.36 (KHTML, like Gecko) Chrome/80.0.3987.132 Safari/537.36','/grouponinfo','PUT','','24','0',NULL,'1'),
('1240106008753192962','0','修改拼团','admin','1','admin','2020-03-18 10:41:27',NULL,'127.0.0.1','Mozilla/5.0 (Windows NT 10.0; Win64; x64) AppleWebKit/537.36 (KHTML, like Gecko) Chrome/80.0.3987.132 Safari/537.36','/grouponinfo','PUT','','27','0',NULL,'1'),
('1240197511257243649','0','修改拼团','admin','1','admin','2020-03-18 16:45:03',NULL,'127.0.0.1','Mozilla/5.0 (Windows NT 10.0; Win64; x64) AppleWebKit/537.36 (KHTML, like Gecko) Chrome/80.0.3987.132 Safari/537.36','/grouponinfo','PUT','','40','0',NULL,'1'),
('1240199061568471041','0','新增拼团','admin','1','admin','2020-03-18 16:51:12',NULL,'127.0.0.1','Mozilla/5.0 (Windows NT 10.0; Win64; x64) AppleWebKit/537.36 (KHTML, like Gecko) Chrome/80.0.3987.132 Safari/537.36','/grouponinfo','POST','','26','0',NULL,'1'),
('1240202967174332417','0','修改spu商品','admin','1','admin','2020-03-18 17:06:43',NULL,'127.0.0.1','Mozilla/5.0 (Windows NT 10.0; Win64; x64) AppleWebKit/537.36 (KHTML, like Gecko) Chrome/80.0.3987.132 Safari/537.36','/goodsspu','PUT','','78','0',NULL,'1'),
('1240216189453451266','0','修改spu商品','admin','1','admin','2020-03-18 17:59:16',NULL,'127.0.0.1','Mozilla/5.0 (Windows NT 10.0; Win64; x64) AppleWebKit/537.36 (KHTML, like Gecko) Chrome/80.0.3987.132 Safari/537.36','/goodsspu','PUT','','83','0',NULL,'1'),
('1240578435320889346','0','新增微信账号配置','admin','1','admin','2020-03-19 17:58:42',NULL,'127.0.0.1','Mozilla/5.0 (Windows NT 10.0; Win64; x64) AppleWebKit/537.36 (KHTML, like Gecko) Chrome/80.0.3987.132 Safari/537.36','/wxapp','POST','','63','0',NULL,'1'),
('1240586856250195969','0','同步微信用户','admin','1','admin','2020-03-19 18:32:10',NULL,'127.0.0.1','Mozilla/5.0 (Windows NT 10.0; Win64; x64) AppleWebKit/537.36 (KHTML, like Gecko) Chrome/80.0.3987.132 Safari/537.36','/wxuser/synchron','POST','','1094','0',NULL,'1'),
('1240826575206727681','0','修改spu商品','admin','1','admin','2020-03-20 10:24:43',NULL,'127.0.0.1','Mozilla/5.0 (Windows NT 10.0; Win64; x64) AppleWebKit/537.36 (KHTML, like Gecko) Chrome/80.0.3987.132 Safari/537.36','/goodsspu','PUT','','66','0',NULL,'1'),
('1240830878893981698','0','操作退款','admin','1','admin','2020-03-20 10:41:49',NULL,'127.0.0.1','Mozilla/5.0 (Windows NT 10.0; Win64; x64) AppleWebKit/537.36 (KHTML, like Gecko) Chrome/80.0.3987.132 Safari/537.36','/orderrefunds/doOrderRefunds','PUT','','1359','0',NULL,'1'),
('1240838761513730050','0','修改拼团','admin','1','admin','2020-03-20 11:13:09',NULL,'127.0.0.1','Mozilla/5.0 (Windows NT 10.0; Win64; x64) AppleWebKit/537.36 (KHTML, like Gecko) Chrome/80.0.3987.132 Safari/537.36','/grouponinfo','PUT','','7','0',NULL,'1'),
('1240839379036913666','0','修改spu商品','admin','1','admin','2020-03-20 11:15:36',NULL,'127.0.0.1','Mozilla/5.0 (Windows NT 10.0; Win64; x64) AppleWebKit/537.36 (KHTML, like Gecko) Chrome/80.0.3987.132 Safari/537.36','/goodsspu','PUT','','75','0',NULL,'1'),
('1241699298141257729','0','修改消息自动回复','admin','1','admin','2020-03-22 20:12:36',NULL,'127.0.0.1','Mozilla/5.0 (Windows NT 10.0; Win64; x64) AppleWebKit/537.36 (KHTML, like Gecko) Chrome/80.0.3987.132 Safari/537.36','/wxautoreply','PUT','','18','0',NULL,'1'),
('1241699402373906434','0','新增消息自动回复','admin','1','admin','2020-03-22 20:13:01',NULL,'127.0.0.1','Mozilla/5.0 (Windows NT 10.0; Win64; x64) AppleWebKit/537.36 (KHTML, like Gecko) Chrome/80.0.3987.132 Safari/537.36','/wxautoreply','POST','','38','0',NULL,'1'),
('1241699469914783746','0','修改消息自动回复','admin','1','admin','2020-03-22 20:13:17',NULL,'127.0.0.1','Mozilla/5.0 (Windows NT 10.0; Win64; x64) AppleWebKit/537.36 (KHTML, like Gecko) Chrome/80.0.3987.132 Safari/537.36','/wxautoreply','PUT','','28','0',NULL,'1'),
('1241709753639354369','0','微信接口次数进行清零','admin','1','admin','2020-03-22 20:54:09',NULL,'127.0.0.1','Mozilla/5.0 (Windows NT 10.0; Win64; x64) AppleWebKit/537.36 (KHTML, like Gecko) Chrome/80.0.3987.132 Safari/537.36','/wxapp/quota','PUT','','254','0',NULL,'1'),
('1241710793176629249','0','修改消息自动回复','admin','1','admin','2020-03-22 20:58:17',NULL,'127.0.0.1','Mozilla/5.0 (Windows NT 10.0; Win64; x64) AppleWebKit/537.36 (KHTML, like Gecko) Chrome/80.0.3987.132 Safari/537.36','/wxautoreply','PUT','','7','0',NULL,'1'),
('1241710883710681089','0','修改消息自动回复','admin','1','admin','2020-03-22 20:58:39',NULL,'127.0.0.1','Mozilla/5.0 (Windows NT 10.0; Win64; x64) AppleWebKit/537.36 (KHTML, like Gecko) Chrome/80.0.3987.132 Safari/537.36','/wxautoreply','PUT','','16','0',NULL,'1'),
('1241711284082163713','0','修改消息自动回复','admin','1','admin','2020-03-22 21:00:14',NULL,'127.0.0.1','Mozilla/5.0 (Windows NT 10.0; Win64; x64) AppleWebKit/537.36 (KHTML, like Gecko) Chrome/80.0.3987.132 Safari/537.36','/wxautoreply','PUT','','39','0',NULL,'1'),
('1241935331537698817','0','新增拼团','admin','1','admin','2020-03-23 11:50:31',NULL,'127.0.0.1','Mozilla/5.0 (Windows NT 10.0; Win64; x64) AppleWebKit/537.36 (KHTML, like Gecko) Chrome/80.0.3987.149 Safari/537.36','/grouponinfo','POST','','9','0',NULL,'1'),
('1242058499736711169','0','取消商城订单','admin','1','admin','2020-03-23 19:59:57',NULL,'127.0.0.1','Mozilla/5.0 (Windows NT 10.0; Win64; x64) AppleWebKit/537.36 (KHTML, like Gecko) Chrome/80.0.3987.149 Safari/537.36','/orderinfo/cancel/1241935787911417857','PUT','','415','0',NULL,'1'),
('1242058674182008834','0','操作退款','admin','1','admin','2020-03-23 20:00:38',NULL,'127.0.0.1','Mozilla/5.0 (Windows NT 10.0; Win64; x64) AppleWebKit/537.36 (KHTML, like Gecko) Chrome/80.0.3987.149 Safari/537.36','/orderrefunds/doOrderRefunds','PUT','','1112','0',NULL,'1'),
('1242435807362383873','0','编辑终端','admin','1225288078861496321','test2','2020-03-24 20:59:14',NULL,'127.0.0.1','Mozilla/5.0 (Windows NT 10.0; Win64; x64) AppleWebKit/537.36 (KHTML, like Gecko) Chrome/80.0.3987.149 Safari/537.36','/client','PUT','','17','0',NULL,'1'),
('1242447519020883970','0','修改字典项','admin','1','admin','2020-03-24 21:45:46',NULL,'127.0.0.1','Mozilla/5.0 (Windows NT 10.0; Win64; x64) AppleWebKit/537.36 (KHTML, like Gecko) Chrome/80.0.3987.149 Safari/537.36','/dict/item','PUT','','23','0',NULL,'1'),
('1242447552197828610','0','修改编辑器配置','admin','1','admin','2020-03-24 21:45:54',NULL,'127.0.0.1','Mozilla/5.0 (Windows NT 10.0; Win64; x64) AppleWebKit/537.36 (KHTML, like Gecko) Chrome/80.0.3987.149 Safari/537.36','/configeditor','PUT','','5','0',NULL,'1'),
('1242447621982658562','0','更新租户管理员角色菜单','admin','1','admin','2020-03-24 21:46:11',NULL,'127.0.0.1','Mozilla/5.0 (Windows NT 10.0; Win64; x64) AppleWebKit/537.36 (KHTML, like Gecko) Chrome/80.0.3987.149 Safari/537.36','/role/menu/tenant','PUT','','228','0',NULL,'2'),
('1242456444705316865','0','修改商品评价','admin','1','admin','2020-03-24 22:21:14',NULL,'127.0.0.1','Mozilla/5.0 (Windows NT 10.0; Win64; x64) AppleWebKit/537.36 (KHTML, like Gecko) Chrome/80.0.3987.149 Safari/537.36','/goodsappraises','PUT','','21','0',NULL,'1'),
('1242639997900668930','0','删除砍价','admin','1','admin','2020-03-25 10:30:37',NULL,'127.0.0.1','Mozilla/5.0 (Windows NT 10.0; Win64; x64) AppleWebKit/537.36 (KHTML, like Gecko) Chrome/80.0.3987.149 Safari/537.36','/bargaininfo/1235077192670392322','DELETE','','29','0',NULL,'1'),
('1242640880558391298','0','删除砍价','admin','1','admin','2020-03-25 10:34:07',NULL,'127.0.0.1','Mozilla/5.0 (Windows NT 10.0; Win64; x64) AppleWebKit/537.36 (KHTML, like Gecko) Chrome/80.0.3987.149 Safari/537.36','/bargaininfo/1235079134700253185','DELETE','','44','0',NULL,'1'),
('1242641477089083394','0','删除砍价','admin','1','admin','2020-03-25 10:36:29',NULL,'127.0.0.1','Mozilla/5.0 (Windows NT 10.0; Win64; x64) AppleWebKit/537.36 (KHTML, like Gecko) Chrome/80.0.3987.149 Safari/537.36','/bargaininfo/1235079512380551170','DELETE','','31','0',NULL,'1'),
('1242641588699512833','0','删除砍价','admin','1','admin','2020-03-25 10:36:56',NULL,'127.0.0.1','Mozilla/5.0 (Windows NT 10.0; Win64; x64) AppleWebKit/537.36 (KHTML, like Gecko) Chrome/80.0.3987.149 Safari/537.36','/bargaininfo/1235079512380551170','DELETE','','5','0',NULL,'1'),
('1242641935484567554','0','删除砍价','admin','1','admin','2020-03-25 10:38:19',NULL,'127.0.0.1','Mozilla/5.0 (Windows NT 10.0; Win64; x64) AppleWebKit/537.36 (KHTML, like Gecko) Chrome/80.0.3987.149 Safari/537.36','/bargaininfo/1235079512380551170','DELETE','','153','0',NULL,'1'),
('1242642053688442882','0','新增砍价','admin','1','admin','2020-03-25 10:38:47',NULL,'127.0.0.1','Mozilla/5.0 (Windows NT 10.0; Win64; x64) AppleWebKit/537.36 (KHTML, like Gecko) Chrome/80.0.3987.149 Safari/537.36','/bargaininfo','POST','','28','0',NULL,'1'),
('1242642080708149250','0','删除砍价','admin','1','admin','2020-03-25 10:38:53',NULL,'127.0.0.1','Mozilla/5.0 (Windows NT 10.0; Win64; x64) AppleWebKit/537.36 (KHTML, like Gecko) Chrome/80.0.3987.149 Safari/537.36','/bargaininfo/1242642053587759106','DELETE','','26','0',NULL,'1'),
('1242642091424595969','0','删除砍价','admin','1','admin','2020-03-25 10:38:56',NULL,'127.0.0.1','Mozilla/5.0 (Windows NT 10.0; Win64; x64) AppleWebKit/537.36 (KHTML, like Gecko) Chrome/80.0.3987.149 Safari/537.36','/bargaininfo/1235079512380551170','DELETE','','4','0',NULL,'1'),
('1242642124526043138','0','删除拼团','admin','1','admin','2020-03-25 10:39:04',NULL,'127.0.0.1','Mozilla/5.0 (Windows NT 10.0; Win64; x64) AppleWebKit/537.36 (KHTML, like Gecko) Chrome/80.0.3987.149 Safari/537.36','/grouponinfo/1241935330631618561','DELETE','','13','0',NULL,'1'),
('1242642137620660226','0','删除拼团','admin','1','admin','2020-03-25 10:39:07',NULL,'127.0.0.1','Mozilla/5.0 (Windows NT 10.0; Win64; x64) AppleWebKit/537.36 (KHTML, like Gecko) Chrome/80.0.3987.149 Safari/537.36','/grouponinfo/1239773817540141057','DELETE','','3','0',NULL,'1'),
('1242642152359444482','0','删除拼团','admin','1','admin','2020-03-25 10:39:10',NULL,'127.0.0.1','Mozilla/5.0 (Windows NT 10.0; Win64; x64) AppleWebKit/537.36 (KHTML, like Gecko) Chrome/80.0.3987.149 Safari/537.36','/grouponinfo/1240199061186789378','DELETE','','3','0',NULL,'1'),
('1242642251235966978','0','新增拼团','admin','1','admin','2020-03-25 10:39:34',NULL,'127.0.0.1','Mozilla/5.0 (Windows NT 10.0; Win64; x64) AppleWebKit/537.36 (KHTML, like Gecko) Chrome/80.0.3987.149 Safari/537.36','/grouponinfo','POST','','9','0',NULL,'1'),
('1242642299524988930','0','删除拼团','admin','1','admin','2020-03-25 10:39:46',NULL,'127.0.0.1','Mozilla/5.0 (Windows NT 10.0; Win64; x64) AppleWebKit/537.36 (KHTML, like Gecko) Chrome/80.0.3987.149 Safari/537.36','/grouponinfo/1242642251168837634','DELETE','','22','0',NULL,'1'),
('1242644273888739329','0','新增电子券','admin','1','admin','2020-03-25 10:47:36',NULL,'127.0.0.1','Mozilla/5.0 (Windows NT 10.0; Win64; x64) AppleWebKit/537.36 (KHTML, like Gecko) Chrome/80.0.3987.149 Safari/537.36','/couponinfo','POST','','17','0',NULL,'1'),
('1242644400892264450','0','新增电子券','admin','1','admin','2020-03-25 10:48:07',NULL,'127.0.0.1','Mozilla/5.0 (Windows NT 10.0; Win64; x64) AppleWebKit/537.36 (KHTML, like Gecko) Chrome/80.0.3987.149 Safari/537.36','/couponinfo','POST','','10','0',NULL,'1'),
('1242653326484422657','0','删除租户','admin','1','admin','2020-03-25 11:23:35',NULL,'127.0.0.1','Mozilla/5.0 (Windows NT 10.0; Win64; x64) AppleWebKit/537.36 (KHTML, like Gecko) Chrome/80.0.3987.149 Safari/537.36','/tenant/1242653310729850880','DELETE','','34','0',NULL,'1242653310729850880'),
('1242704928616464385','0','修改编辑器配置','admin','1','admin','2020-03-25 14:48:37',NULL,'127.0.0.1','Mozilla/5.0 (Windows NT 10.0; Win64; x64) AppleWebKit/537.36 (KHTML, like Gecko) Chrome/80.0.3987.149 Safari/537.36','/configeditor','PUT','','33','0',NULL,'1'),
('1242711420878962689','0','修改存储配置','admin','1','admin','2020-03-25 15:14:25',NULL,'127.0.0.1','Mozilla/5.0 (Windows NT 10.0; Win64; x64) AppleWebKit/537.36 (KHTML, like Gecko) Chrome/80.0.3987.149 Safari/537.36','/configstorage','PUT','','18','0',NULL,'1'),
('1242714884996579329','0','修改存储配置','admin','1','admin','2020-03-25 15:28:11',NULL,'127.0.0.1','Mozilla/5.0 (Windows NT 10.0; Win64; x64) AppleWebKit/537.36 (KHTML, like Gecko) Chrome/80.0.3987.149 Safari/537.36','/configstorage','PUT','','16','0',NULL,'1'),
('1242995023475097601','0','删除微信账号配置','admin','1','admin','2020-03-26 10:01:21',NULL,'127.0.0.1','Mozilla/5.0 (Windows NT 10.0; Win64; x64) AppleWebKit/537.36 (KHTML, like Gecko) Chrome/80.0.3987.149 Safari/537.36','/wxapp/test','DELETE','','14','0',NULL,'1'),
('1243374137913749506','0','修改编辑器配置','admin','1','admin','2020-03-27 11:07:49',NULL,'127.0.0.1','Mozilla/5.0 (Windows NT 10.0; Win64; x64) AppleWebKit/537.36 (KHTML, like Gecko) Chrome/80.0.3987.149 Safari/537.36','/configeditor','PUT','','27','0',NULL,'1');

/*Table structure for table `sys_menu` */

DROP TABLE IF EXISTS `sys_menu`;

CREATE TABLE `sys_menu` (
  `id` varchar(32) CHARACTER SET utf8 COLLATE utf8_general_ci NOT NULL COMMENT '菜单ID',
  `name` varchar(32) CHARACTER SET utf8 COLLATE utf8_general_ci NOT NULL COMMENT '菜单名称',
  `permission` varchar(32) CHARACTER SET utf8 COLLATE utf8_general_ci DEFAULT NULL COMMENT '菜单权限标识',
  `path` varchar(128) CHARACTER SET utf8 COLLATE utf8_general_ci DEFAULT NULL COMMENT '前端URL',
  `parent_id` varchar(32) CHARACTER SET utf8 COLLATE utf8_general_ci DEFAULT NULL COMMENT '父菜单ID',
  `icon` varchar(32) CHARACTER SET utf8 COLLATE utf8_general_ci DEFAULT NULL COMMENT '图标',
  `component` varchar(500) CHARACTER SET utf8 COLLATE utf8_general_ci DEFAULT NULL COMMENT '页面',
  `sort` int(11) NOT NULL DEFAULT '0' COMMENT '排序值',
  `keep_alive` char(1) CHARACTER SET utf8 COLLATE utf8_general_ci DEFAULT '0' COMMENT '0-开启，1- 关闭',
  `type` char(1) CHARACTER SET utf8 COLLATE utf8_general_ci DEFAULT NULL COMMENT '菜单类型 （0菜单 1按钮）',
  `create_time` timestamp NOT NULL DEFAULT CURRENT_TIMESTAMP COMMENT '创建时间',
  `update_time` timestamp NOT NULL DEFAULT CURRENT_TIMESTAMP ON UPDATE CURRENT_TIMESTAMP COMMENT '更新时间',
  `del_flag` char(1) CHARACTER SET utf8 COLLATE utf8_general_ci DEFAULT '0' COMMENT '逻辑删除标记（0：显示；1：隐藏）',
  PRIMARY KEY (`id`) USING BTREE
) ENGINE=InnoDB DEFAULT CHARSET=utf8 ROW_FORMAT=DYNAMIC COMMENT='菜单权限表';

/*Data for the table `sys_menu` */

insert  into `sys_menu`(`id`,`name`,`permission`,`path`,`parent_id`,`icon`,`component`,`sort`,`keep_alive`,`type`,`create_time`,`update_time`,`del_flag`) values 
('01e9e720e3eedce613a297dcdddb3d63','积分管理',NULL,'points','8000000','el-icon-s-flag','Layout',5,'0','0','2019-12-06 16:33:52','2019-12-11 22:17:07','0'),
('04c920605926e47982b7ede7fa5c3ec6','积分明细',NULL,'pointsrecord','01e9e720e3eedce613a297dcdddb3d63','el-icon-s-order','views/mall/pointsrecord/index',2,'0','0','2019-12-11 11:28:46','2020-02-15 22:30:54','0'),
('0776fdb3afe857025aefeb6500f67fb6','商城订单列表','mall:orderinfo:index',NULL,'70dbfd7911a393a3c50d1eef09a8708f',NULL,NULL,1,'0','1','2019-10-18 21:41:30','2020-03-24 20:19:17','0'),
('088b9371d30c932f9ba555a457a165cb','素材删除','mall:material:del',NULL,'e2ab8932bc86ad98b917c22731205caa',NULL,NULL,1,'0','1','2019-10-26 19:36:09','2020-03-24 20:19:17','0'),
('097f4947ac78faf5074c357f5b1ee8f1','商品评价列表','mall:goodsappraises:index',NULL,'c247293edbfc0ee004f413cb6ee654cd',NULL,NULL,1,'0','1','2019-10-18 21:41:07','2020-03-24 20:19:17','0'),
('0d1cfcbd88e13d75ea9796d08b4964a0','退款单查询','mall:orderrefunds:get',NULL,'6e46351de075ab9febf8ee6ec17bdced',NULL,NULL,1,'0','1','2019-12-13 19:23:25','2020-03-24 20:19:17','0'),
('1000000','权限管理',NULL,'/upms','0','icon-quanxianguanli','Layout',2,'0','0','2018-09-28 08:29:53','2020-02-16 21:16:55','0'),
('10e7a8ca4da4f8cd9e36a375d7266f6a','商品评价修改','mall:goodsappraises:edit',NULL,'c247293edbfc0ee004f413cb6ee654cd',NULL,NULL,1,'0','1','2019-09-25 20:30:13','2020-03-24 20:19:17','0'),
('1100000','用户管理',NULL,'user','1000000','icon-yonghu','views/admin/user/index',1,'0','0','2017-11-02 22:24:37','2019-04-13 12:15:27','0'),
('1101000','用户新增','sys:user:add',NULL,'1100000',NULL,NULL,1,'0','1','2017-11-08 09:52:09','2020-03-24 20:19:17','0'),
('1102000','用户修改','sys:user:edit',NULL,'1100000',NULL,NULL,1,'0','1','2017-11-08 09:52:48','2020-03-24 20:19:17','0'),
('1103000','用户删除','sys:user:del',NULL,'1100000',NULL,NULL,1,'0','1','2017-11-08 09:54:01','2020-03-24 20:19:17','0'),
('1104000','用户详情','sys:user:get',NULL,'1100000',NULL,NULL,1,'0','1','2019-07-27 11:34:23','2020-03-24 20:19:17','0'),
('1105000','用户密码修改','sys:user:password',NULL,'1100000',NULL,NULL,1,'0','1','2019-07-27 18:07:08','2020-03-24 20:19:17','0'),
('1200000','菜单管理',NULL,'menu','1000000','icon-caidanguanli','views/admin/menu/index',4,'0','0','2017-11-08 09:57:27','2019-04-06 19:50:56','0'),
('1201000','菜单新增','sys:menu:add',NULL,'1200000',NULL,NULL,1,'0','1','2017-11-08 10:15:53','2020-03-24 20:19:17','0'),
('1202000','菜单修改','sys:menu:edit',NULL,'1200000',NULL,NULL,1,'0','1','2017-11-08 10:16:23','2020-03-24 20:19:17','0'),
('1203000','菜单删除','sys:menu:del',NULL,'1200000',NULL,NULL,1,'0','1','2017-11-08 10:16:43','2020-03-24 20:19:17','0'),
('1224306298712969218','文件存储配置',NULL,'configstorage','1226762096135340033','el-icon-s-management','views/admin/configstorage/form',15,'0','0','2020-02-03 20:19:02','2020-02-05 22:07:13','0'),
('1224306628599173121','文件存储配置查询','sys:configstorage:get',NULL,'1224306298712969218',NULL,NULL,0,'0','1','2020-02-03 20:20:21','2020-03-24 20:19:17','0'),
('1224307007944609794','文件存储配置修改','sys:configstorage:edit',NULL,'1224306298712969218',NULL,NULL,0,'0','1','2020-02-03 20:21:51','2020-03-24 20:19:17','0'),
('1225254548244733953','菜单查询','sys:menu:get','','1200000','','',0,'0','1','2020-02-06 11:07:03','2020-03-24 20:19:17','0'),
('1226513939979780098','发货地管理','','deliveryplace','f6cb055276971023060a341236237bb2','el-icon-s-home','views/mall/deliveryplace/index',10,'0','0','2020-02-09 22:31:25','2020-02-09 23:15:01','0'),
('1226514140274573313','发货地查询','mall:deliveryplace:get','','1226513939979780098','','',0,'0','1','2020-02-09 22:32:13','2020-03-24 20:19:17','0'),
('1226514304217333762','发货地列表','mall:deliveryplace:index','','1226513939979780098','','',0,'0','1','2020-02-09 22:32:52','2020-03-24 20:19:17','0'),
('1226514436212080641','发货地新增','mall:deliveryplace:add','','1226513939979780098','','',0,'0','1','2020-02-09 22:33:23','2020-03-24 20:19:17','0'),
('1226514630622265346','发货地修改','mall:deliveryplace:edit','','1226513939979780098','','',0,'0','1','2020-02-09 22:34:10','2020-03-24 20:19:17','0'),
('1226514858779820034','发货地删除','mall:deliveryplace:del','','1226513939979780098','','',0,'0','1','2020-02-09 22:35:04','2020-03-24 20:19:17','0'),
('1226525445274419201','保障服务管理','','ensure','f6cb055276971023060a341236237bb2','el-icon-s-management','views/mall/ensure/index',20,'0','0','2020-02-09 23:17:08','2020-02-09 23:34:55','0'),
('1226525576396750849','保障服务列表','mall:ensure:index','','1226525445274419201','','',0,'0','1','2020-02-09 23:17:39','2020-03-24 20:19:17','0'),
('1226525700103553025','保障服务查询','mall:ensure:get','','1226525445274419201','','',0,'0','1','2020-02-09 23:18:09','2020-03-24 20:19:17','0'),
('1226525832920383490','保障服务新增','mall:ensure:add','','1226525445274419201','','',0,'0','1','2020-02-09 23:18:40','2020-03-24 20:19:17','0'),
('1226525967616262146','保障服务修改','mall:ensure:edit','','1226525445274419201','','',0,'0','1','2020-02-09 23:19:13','2020-03-24 20:19:17','0'),
('1226526082179481602','保障服务删除','mall:ensure:del','','1226525445274419201','','',0,'0','1','2020-02-09 23:19:40','2020-03-24 20:19:17','0'),
('1226759608866893825','文本编辑器配置','','configeditor','1226762096135340033','el-icon-s-unfold','views/admin/configeditor/form',30,'0','0','2020-02-10 14:47:37','2020-02-10 14:59:02','0'),
('1226759834914713601','文本编辑器查询','sys:configeditor:get','','1226759608866893825','','',0,'0','1','2020-02-10 14:48:31','2020-03-24 20:19:17','0'),
('1226760046232137729','文本编辑器修改','sys:configeditor:edit','','1226759608866893825','','',0,'0','1','2020-02-10 14:49:21','2020-03-24 20:19:17','0'),
('1226762096135340033','系统配置','','config','2000000','el-icon-s-tools','Layout',20,'0','0','2020-02-10 14:57:30','2020-02-15 22:30:54','0'),
('1227202152985784322','常用工具','','/tool','0','el-icon-s-cooperation','Layout',3,'0','0','2020-02-11 20:06:08','2020-02-16 21:16:55','0'),
('1227202599968567298','邮件管理','','email','1227202152985784322','el-icon-s-promotion','views/admin/email/form',10,'0','0','2020-02-11 20:07:54','2020-02-11 20:11:34','0'),
('1227203300044042241','发送邮件','sys:email:add','','1227202599968567298','','',0,'0','1','2020-02-11 20:10:41','2020-03-24 20:19:17','0'),
('1227524298689736706','短信工具','','sms','1227202152985784322','el-icon-s-comment','views/admin/sms/form',20,'0','0','2020-02-12 17:26:13','2020-02-15 22:30:54','0'),
('1227524435889614850','发短信','sys:sms:add','','1227524298689736706','','',0,'0','1','2020-02-12 17:26:46','2020-03-24 20:19:17','0'),
('1227568833306177537','规格查询','mall:goodsspec:get','','8400000','','',0,'0','1','2020-02-12 20:23:11','2020-03-24 20:19:17','0'),
('1228676296659161089','小程序用户','','wxuser','ae0619ea3e5b86a3e382081680785f7e','el-icon-user-solid','views/wxma/wxuser/index',2,'0','0','2020-02-15 21:43:51','2020-02-15 22:30:54','0'),
('1228676665992794113','小程序用户列表','wxmp:wxuser:index','','1228676296659161089','','',0,'0','1','2020-02-15 21:45:19','2020-03-24 20:19:17','0'),
('1228676836369616897','小程序用户详情','wxmp:wxuser:get','','1228676296659161089','','',0,'0','1','2020-02-15 21:46:00','2020-03-24 20:19:17','0'),
('1229322873778180098','数据统计','','wxsummary','8100000','el-icon-s-marketing','views/wxmp/wxsummary/index',20,'0','0','2020-02-17 16:33:07','2020-02-17 16:33:07','0'),
('1229323003373785090','数据统计列表','wxmp:wxsummary:index','','1229322873778180098','','',0,'0','1','2020-02-17 16:33:38','2020-03-24 20:19:17','0'),
('1229675965086429186','微信模块','','/weixin','0','icon-weixin','Layout',0,'0','0','2020-02-18 15:56:11','2020-02-18 15:58:33','0'),
('1229750327311278082','首页公告','','notice2','ae0619ea3e5b86a3e382081680785f7e','el-icon-message-solid','views/mall/noticeitem/index-text',20,'0','0','2020-02-18 20:51:40','2020-02-18 20:51:40','0'),
('1229750619910119425','通知详情','mall:noticeitem:get','','1229750327311278082','','',0,'0','1','2020-02-18 20:52:50','2020-03-24 20:19:17','0'),
('1229750717675151362','通知修改','mall:noticeitem:edit','','1229750327311278082','','',0,'0','1','2020-02-18 20:53:13','2020-03-24 20:19:17','0'),
('1229750794644824065','通知新增','mall:noticeitem:add','','1229750327311278082','','',0,'0','1','2020-02-18 20:53:31','2020-03-24 20:19:17','0'),
('1229750881777295362','通知列表','mall:noticeitem:index','','1229750327311278082','','',0,'0','1','2020-02-18 20:53:52','2020-03-24 20:19:17','0'),
('1229750964161814530','通知删除','mall:noticeitem:del','','1229750327311278082','','',0,'0','1','2020-02-18 20:54:12','2020-03-24 20:19:17','0'),
('1231205330852978690','菜单分组列表','wxmp:wxmenurule:index','','8140000','','',0,'0','1','2020-02-22 21:13:20','2020-03-24 20:19:17','0'),
('1233957113861967874','服务监控','','server','1227202152985784322','el-icon-s-marketing','views/admin/server/index',30,'0','0','2020-03-01 11:27:56','2020-03-01 11:27:56','0'),
('1233957499251326978','查询服务监控','sys:server:index','','1233957113861967874','','',0,'0','1','2020-03-01 11:29:28','2020-03-24 20:19:17','0'),
('1234086429899862018','数据监控','','druid','1227202152985784322','el-icon-s-operation','views/admin/druid/index',40,'0','0','2020-03-01 20:01:47','2020-03-01 20:26:59','0'),
('1239766266052329473','拼团管理','','groupon','8000000','el-icon-s-management','Layout',20,'0','0','2020-03-17 12:11:26','2020-03-17 12:11:26','0'),
('1239766777090523137','拼团配置','','grouponinfo','1239766266052329473','el-icon-s-tools','views/mall/grouponinfo/index',1,'0','0','2020-03-17 12:13:28','2020-03-17 12:13:28','0'),
('1239766958087323650','拼团列表','mall:grouponinfo:index','','1239766777090523137','','',0,'0','1','2020-03-17 12:14:11','2020-03-24 20:19:17','0'),
('1239767051196678145','拼团查询','mall:grouponinfo:get','','1239766777090523137','','',0,'0','1','2020-03-17 12:14:33','2020-03-24 20:19:17','0'),
('1239767117328269313','拼团新增','mall:grouponinfo:add','','1239766777090523137','','',0,'0','1','2020-03-17 12:14:49','2020-03-24 20:19:17','0'),
('1239767195036139522','拼团修改','mall:grouponinfo:edit','','1239766777090523137','','',0,'0','1','2020-03-17 12:15:07','2020-03-24 20:19:17','0'),
('1239767264883884034','拼团删除','mall:grouponinfo:del','','1239766777090523137','','',0,'0','1','2020-03-17 12:15:24','2020-03-24 20:19:17','0'),
('1239767506106695682','拼团记录','','grouponuser','1239766266052329473','el-icon-s-order','views/mall/grouponuser/index',20,'0','0','2020-03-17 12:16:21','2020-03-17 12:16:21','0'),
('1239767627204640770','拼团记录列表','mall:grouponuser:index','','1239767506106695682','','',0,'0','1','2020-03-17 12:16:50','2020-03-24 20:19:17','0'),
('129a20e268846e9f03e7c7317d34763a','明细修改','mall:pointsrecord:edit',NULL,'04c920605926e47982b7ede7fa5c3ec6',NULL,NULL,1,'0','1','2019-12-11 11:30:23','2020-03-24 20:19:17','0'),
('1300000','角色管理',NULL,'role','1000000','icon-jiaose','views/admin/role/index',2,'0','0','2017-11-08 10:13:37','2019-04-13 12:17:52','0'),
('1301000','角色新增','sys:role:add',NULL,'1300000',NULL,NULL,1,'0','1','2017-11-08 10:14:18','2020-03-24 20:19:17','0'),
('1302000','角色修改','sys:role:edit',NULL,'1300000',NULL,NULL,1,'0','1','2017-11-08 10:14:41','2020-03-24 20:19:17','0'),
('1303000','角色删除','sys:role:del',NULL,'1300000',NULL,NULL,1,'0','1','2017-11-08 10:14:59','2020-03-24 20:19:17','0'),
('1304000','角色详情','sys:role:get',NULL,'1300000',NULL,NULL,1,'0','1','2019-07-27 11:43:06','2020-03-24 20:19:17','0'),
('1305000','分配权限','sys:role:perm',NULL,'1300000',NULL,NULL,1,'0','1','2018-04-20 07:22:55','2020-03-24 20:19:17','0'),
('1400000','机构管理',NULL,'organ','1000000','icon-bumen','views/admin/organ/index',3,'0','0','2018-01-20 13:17:19','2019-04-06 20:14:04','0'),
('1401000','机构新增','sys:organ:add',NULL,'1400000',NULL,NULL,1,'0','1','2018-01-20 14:56:16','2020-03-24 20:19:17','0'),
('1402000','机构修改','sys:organ:edit',NULL,'1400000',NULL,NULL,1,'0','1','2018-01-20 14:56:59','2020-03-24 20:19:17','0'),
('1403000','机构删除','sys:organ:del',NULL,'1400000',NULL,NULL,1,'0','1','2018-01-20 14:57:28','2020-03-24 20:19:17','0'),
('1404000','机构详情','sys:organ:get',NULL,'1400000',NULL,NULL,1,'0','1','2019-07-27 11:31:26','2020-03-24 20:19:17','0'),
('158da8253a07848d3087e27742b90ecf','积分设置查询','mall:pointsconfig:get',NULL,'f9ef6fbe98f64ab0f0076d9d51a34f2e',NULL,NULL,1,'0','1','2019-12-11 22:21:02','2020-03-24 20:19:17','0'),
('17e1ead2dacd1d312105b396b3517032','砍价删除','mall:bargaininfo:del',NULL,'33f86fb25ecde4e2bc5ec0bdf9229e28',NULL,NULL,1,'0','1','2019-12-28 19:04:39','2020-03-24 20:19:17','0'),
('1803c5717dce433515683a91bb6d704b','领券记录查询','mall:couponuser:get',NULL,'6dcb14bf76e04a4f5345a1ec6bd7eacc',NULL,NULL,1,'0','1','2019-12-18 18:30:09','2020-03-24 20:19:17','0'),
('1923c874226184c056658a742f295534','菜单列表','sys:menu:index',NULL,'1200000',NULL,NULL,1,'0','1','2019-10-18 21:20:04','2020-03-24 20:19:17','0'),
('1a722cc14550813e4caeb5dee7bd5597','电子券删除','mall:couponinfo:del',NULL,'ba1273686386588c78b20b93fcb1779f',NULL,NULL,1,'0','1','2019-12-14 12:01:13','2020-03-24 20:19:17','0'),
('1ee60d42f423c8e0b1b0438ab69aaba4','查询用户','mall:userinfo:get',NULL,'db95df20df51a46afa7935f38efb7360',NULL,NULL,1,'0','1','2019-12-10 20:58:21','2020-03-24 20:19:17','0'),
('2000000','系统管理',NULL,'/admin','0','icon-xitongguanli','Layout',1,'0','0','2017-11-07 20:56:00','2020-02-16 21:16:55','0'),
('2100000','日志管理',NULL,'log','2000000','el-icon-s-order','views/admin/log/index',5,'0','0','2017-11-20 14:06:22','2020-02-05 20:38:09','0'),
('2101000','日志删除','sys:log:del',NULL,'2100000',NULL,NULL,1,'0','1','2017-11-20 20:37:37','2020-03-24 20:19:17','0'),
('2185077a9a1a8c4ed3ae2d892e17db1a','租户修改','sys:tenant:edit',NULL,'e9c150621e6bcfd7f0cea479d2ab9236',NULL,NULL,1,'0','1','2019-10-12 20:34:20','2020-03-24 20:19:17','0'),
('2200000','字典管理',NULL,'dict','2000000','icon-zidian','views/admin/dict/index',6,'0','0','2017-11-29 11:30:52','2019-04-06 20:15:43','0'),
('2201000','字典删除','sys:dict:del',NULL,'2200000',NULL,NULL,1,'0','1','2017-11-29 11:30:11','2020-03-24 20:19:17','0'),
('2202000','字典新增','sys:dict:add',NULL,'2200000',NULL,NULL,1,'0','1','2018-05-11 22:34:55','2020-03-24 20:19:17','0'),
('2203000','字典修改','sys:dict:edit',NULL,'2200000',NULL,NULL,1,'0','1','2018-05-11 22:36:03','2020-03-24 20:19:17','0'),
('22dad641b94b70574166204f014e462d','字典详情','sys:dict:get',NULL,'2200000',NULL,NULL,1,'0','1','2019-10-18 21:16:48','2020-03-24 20:19:17','0'),
('2300000','代码生成器','','gen','f513f9e7cb53c16e5de982e12268b070','icon-daimashengcheng','views/gen/index',4,'0','0','2018-01-20 13:17:19','2020-02-18 21:07:24','0'),
('2304aae6101ef1b56160e5cfe63b997a','租户列表','sys:tenant:index',NULL,'e9c150621e6bcfd7f0cea479d2ab9236',NULL,NULL,1,'0','1','2019-10-18 21:26:34','2020-03-24 20:19:17','0'),
('2400000','终端管理','','client','1000000','icon-shouji','views/admin/client/index',9,'0','0','2018-01-20 13:17:19','2019-04-06 19:50:56','0'),
('2401000','客户端新增','sys:client:add',NULL,'2400000','1',NULL,1,'0','1','2018-05-15 21:35:18','2020-03-24 20:19:17','0'),
('2402000','客户端修改','sys:client:edit',NULL,'2400000',NULL,NULL,1,'0','1','2018-05-15 21:37:06','2020-03-24 20:19:17','0'),
('2403000','客户端删除','sys:client:del',NULL,'2400000',NULL,NULL,1,'0','1','2018-05-15 21:39:16','2020-03-24 20:19:17','0'),
('241b84a3f3ae7876271634c094dee5cc','客户端详情','sys:client:get',NULL,'2400000',NULL,NULL,1,'0','1','2019-10-18 21:22:14','2020-03-24 20:19:17','0'),
('2500000','第三方登录管理','','thirdparty','2000000','icon-miyue','views/admin/thirdparty/index',10,'0','0','2018-01-20 13:17:19','2019-05-28 11:27:09','0'),
('2501000','第三方登录新增','sys:third:party:add',NULL,'2500000','1',NULL,0,'0','1','2018-05-15 21:35:18','2020-03-24 20:19:17','0'),
('2502000','第三方登录修改','sys:third:party:edit',NULL,'2500000','1',NULL,1,'0','1','2018-05-15 21:35:18','2020-03-24 20:19:17','0'),
('2503000','第三方登录删除','sys:third:party:del',NULL,'2500000','1',NULL,2,'0','1','2018-05-15 21:35:18','2020-03-24 20:19:17','0'),
('2600000','令牌管理',NULL,'token','2000000','icon-lingpai','views/admin/token/index',11,'0','0','2018-09-04 05:58:41','2019-04-06 20:20:04','0'),
('2601000','令牌删除','sys:token:del',NULL,'2600000',NULL,NULL,1,'0','1','2018-09-04 05:59:50','2020-03-24 20:19:17','0'),
('266d5676deeafd74df0febe6a45cc209','租户新增','sys:tenant:add',NULL,'e9c150621e6bcfd7f0cea479d2ab9236',NULL,NULL,1,'0','1','2019-10-12 20:35:00','2020-03-24 20:19:17','0'),
('2700000','接口文档',NULL,'doc','1227202152985784322','el-icon-s-claim','views/admin/doc/index',8,'0','0','2019-07-31 11:41:39','2020-03-09 14:21:19','0'),
('2a437bae8175be76cb075ea2888f412d','商品类目列表','mall:goodscategory:index',NULL,'8200000',NULL,NULL,1,'0','1','2019-10-18 21:40:11','2020-03-24 20:19:17','0'),
('2b8fa95ebcb3111266ba38f833faf4db','租户删除','sys:tenant:del',NULL,'e9c150621e6bcfd7f0cea479d2ab9236',NULL,NULL,1,'0','1','2019-10-12 20:33:59','2020-03-24 20:19:17','0'),
('2f5d0e7eda34754af13a3d3f519dce19','小程序配置详情','wxmp:wxapp:get',NULL,'a96328161a39450238e8cafa243b7c35',NULL,NULL,1,'0','1','2019-09-25 17:09:49','2020-03-24 20:19:17','0'),
('33f86fb25ecde4e2bc5ec0bdf9229e28','砍价配置',NULL,'bargaininfo','5b1483fcac1c14bcabc28b7e50f21921','el-icon-s-tools','views/mall/bargaininfo/index',1,'0','0','2019-12-28 19:06:53','2019-12-28 19:08:58','0'),
('3412a37e6cdc2de99fd534b9327c6288','素材修改','mall:material:edit',NULL,'e2ab8932bc86ad98b917c22731205caa',NULL,NULL,1,'0','1','2019-10-26 19:35:49','2020-03-24 20:19:17','0'),
('35c3726d4956967e108dd142f71f6627','CRUD表格设计器',NULL,'https://crud.avuejs.com/','f513f9e7cb53c16e5de982e12268b070','el-icon-s-grid','https://crud.avuejs.com/',1,'0','0','2019-11-05 18:19:00','2020-02-15 22:30:54','0'),
('39855c97d751071177ab9e88680b78aa','小程序配置修改','wxmp:wxapp:edit',NULL,'a96328161a39450238e8cafa243b7c35',NULL,NULL,1,'0','1','2019-09-25 17:12:12','2020-03-24 20:19:17','0'),
('3d73a5a1971f8485850e387e00da4381','明细查询','mall:pointsrecord:get',NULL,'04c920605926e47982b7ede7fa5c3ec6',NULL,NULL,1,'0','1','2019-12-11 11:29:44','2020-03-24 20:19:17','0'),
('3fe13d13918b4386750fbc470cb74689','素材列表','mall:material:index',NULL,'e2ab8932bc86ad98b917c22731205caa',NULL,NULL,1,'0','1','2019-10-26 19:35:02','2020-03-24 20:19:17','0'),
('43886e8bc03aa4dbbd56b88bc7616b3f','小程序配置新增','wxmp:wxapp:add',NULL,'a96328161a39450238e8cafa243b7c35',NULL,NULL,1,'0','1','2019-09-25 17:10:24','2020-03-24 20:19:17','0'),
('494aad894d5dd963bbb2b59642ab78a6','第三方登录详情','sys:third:party:get',NULL,'2500000',NULL,NULL,1,'0','1','2019-10-18 21:28:08','2020-03-24 20:19:17','0'),
('4b382a3090885d2783f1f8a1c8e72da9','电子券查询','mall:couponinfo:get',NULL,'ba1273686386588c78b20b93fcb1779f',NULL,NULL,1,'0','1','2019-12-14 12:00:05','2020-03-24 20:19:17','0'),
('4d4ee31e793ab205bd1b0c0796ab464a','明细列表','mall:pointsrecord:index',NULL,'04c920605926e47982b7ede7fa5c3ec6',NULL,NULL,1,'0','1','2019-12-11 11:29:23','2020-03-24 20:19:17','0'),
('4e2f07380b3a3a3c83491b44becc87d1','砍价记录列表','mall:bargainuser:index',NULL,'cb3e50350c8d982ee23474146281f7ed',NULL,NULL,0,'0','1','2020-01-03 19:50:15','2020-03-24 20:19:17','0'),
('56b7671766135eedb032de157694aecb','通知列表','mall:noticeitem:index',NULL,'8bd8eabf33a6b8b56c04392063bade07',NULL,NULL,1,'0','1','2019-11-10 19:09:08','2020-03-24 20:19:17','0'),
('5905015167129a3fd2ac4440132f06e2','通知新增','mall:noticeitem:add',NULL,'8bd8eabf33a6b8b56c04392063bade07',NULL,NULL,1,'0','1','2019-11-10 19:09:56','2020-03-24 20:19:17','0'),
('5a46087c7799d15b3f7dec6373459c18','砍价列表','mall:bargaininfo:index',NULL,'33f86fb25ecde4e2bc5ec0bdf9229e28',NULL,NULL,1,'0','1','2019-12-28 19:03:15','2020-03-24 20:19:17','0'),
('5b1483fcac1c14bcabc28b7e50f21921','砍价管理',NULL,'bargain','8000000','el-icon-watermelon','Layout',7,'0','0','2019-12-28 18:59:37','2019-12-28 19:02:29','0'),
('5b234a22036af9fcacaad011a3a5a207','电子券新增','mall:couponinfo:add',NULL,'ba1273686386588c78b20b93fcb1779f',NULL,NULL,1,'0','1','2019-12-14 12:00:29','2020-03-24 20:19:17','0'),
('5c4d7e01c344912ab0f55f4c951995f7','用户修改','mall:userinfo:edit',NULL,'db95df20df51a46afa7935f38efb7360',NULL,NULL,1,'0','1','2019-12-10 20:59:13','2020-03-24 20:19:17','0'),
('5d7eca401883fb565e5dfc7b855ed566','客户端列表','sys:client:index',NULL,'2400000',NULL,NULL,1,'0','1','2019-10-18 21:21:26','2020-03-24 20:19:17','0'),
('5f3b1faf8a0b5179bf32acd9759f2bfc','角色列表','sys:role:index',NULL,'1300000',NULL,NULL,1,'0','1','2019-10-18 21:25:28','2020-03-24 20:19:17','0'),
('62165a91efcb202e65c55cde8a0ef62a','用户消息列表','wxmp:wxmsg:index',NULL,'8170000',NULL,NULL,1,'0','1','2019-10-18 21:36:15','2020-03-24 20:19:17','0'),
('682cd9c287b1f8eddb5ffaa88711be49','通知修改','mall:noticeitem:edit',NULL,'8bd8eabf33a6b8b56c04392063bade07',NULL,NULL,1,'0','1','2019-11-10 19:10:16','2020-03-24 20:19:17','0'),
('6a6eed170bf8d0d02e2c551992e8dc2d','第三方登录列表','sys:third:party:index',NULL,'2500000',NULL,NULL,1,'0','1','2019-10-18 21:27:42','2020-03-24 20:19:17','0'),
('6c717f6f1ddc913366e4ba902f84aecf','商城订单详情','mall:orderinfo:get',NULL,'70dbfd7911a393a3c50d1eef09a8708f',NULL,NULL,1,'0','1','2019-09-10 15:13:44','2020-03-24 20:19:17','0'),
('6ce1a6e397603915346dc39d2cf2cd8e','用户列表','mall:userinfo:index',NULL,'db95df20df51a46afa7935f38efb7360',NULL,NULL,1,'0','1','2019-12-10 20:57:48','2020-03-24 20:19:17','0'),
('6dcb14bf76e04a4f5345a1ec6bd7eacc','领券记录',NULL,'couponuser','d2d722dc5a535b918e8edc711e77d5c6','el-icon-s-order','views/mall/couponuser/index',2,'0','0','2019-12-18 18:28:31','2020-02-15 22:30:54','0'),
('6e46351de075ab9febf8ee6ec17bdced','退款单',NULL,'orderrefunds','7f2e1c50777c7b3009fb44af37766a54','el-icon-s-release','views/mall/orderrefunds/index',2,'0','0','2019-12-13 19:22:17','2020-02-15 22:30:54','0'),
('70429f02ff42a948929190d7363cb8ae','积分设置修改','mall:pointsconfig:edit',NULL,'f9ef6fbe98f64ab0f0076d9d51a34f2e',NULL,NULL,1,'0','1','2019-12-06 16:37:13','2020-03-24 20:19:17','0'),
('70a667199c0b5af89a9aec25395de035','电子券列表','mall:couponinfo:index',NULL,'ba1273686386588c78b20b93fcb1779f',NULL,NULL,1,'0','1','2019-12-14 11:59:33','2020-03-24 20:19:17','0'),
('70dbfd7911a393a3c50d1eef09a8708f','全部订单','','orderinfo','7f2e1c50777c7b3009fb44af37766a54','el-icon-s-order','views/mall/orderinfo/index',2,'0','0','2019-09-10 15:07:14','2019-09-10 15:07:29','0'),
('71efc9c14c1c83dd30c826e82ea33eda','明细新增','mall:pointsrecord:add',NULL,'04c920605926e47982b7ede7fa5c3ec6',NULL,NULL,1,'0','1','2019-12-11 11:30:03','2020-03-24 20:19:17','0'),
('74008da0be270ec7c90d9b44d5336e24','小程序配置列表','wxmp:wxapp:index',NULL,'a96328161a39450238e8cafa243b7c35',NULL,NULL,1,'0','1','2019-10-18 21:32:44','2020-03-24 20:19:17','0'),
('7b507e991dc0d6364e9ede4a3e3c0f75','规格列表','mall:goodsspec:index',NULL,'8400000',NULL,NULL,1,'0','1','2019-10-18 21:40:42','2020-03-24 20:19:17','0'),
('7b7dce33eb721f48c81c4c245345bf2d','商品列表','mall:goodsspu:index',NULL,'8300000',NULL,NULL,1,'0','1','2019-10-18 21:39:43','2020-03-24 20:19:17','0'),
('7dcb5d797e46db0bfbc8a1bd2b2079b8','消息自动回复列表','wxmp:wxautoreply:index',NULL,'8160000',NULL,NULL,1,'0','1','2019-10-18 21:33:43','2020-03-24 20:19:17','0'),
('7f2e1c50777c7b3009fb44af37766a54','订单管理',NULL,'order','8000000','el-icon-s-order','Layout',4,'0','0','2019-09-25 13:01:14','2019-09-25 13:06:52','0'),
('7f9dde9bc5f370716d2295302b78a5c1','商品评价详情','mall:goodsappraises:get',NULL,'c247293edbfc0ee004f413cb6ee654cd',NULL,NULL,1,'0','1','2019-09-25 20:30:28','2020-03-24 20:19:17','0'),
('8000000','商城模块','','/mall','0','el-icon-s-shop','Layout',0,'0','0','2018-01-20 13:17:19','2020-02-18 16:06:15','0'),
('8100000','公众号管理','','wxmp','1229675965086429186','icon-gongzhonghao','Layout',0,'0','0','2018-01-20 13:17:19','2020-02-18 16:07:41','0'),
('8110000','公众号列表','','wxapp','8100000','icon-peizhi','views/wxmp/wxapp/index',0,'0','0','2018-01-20 13:17:19','2020-02-18 18:15:10','0'),
('8111000','公众号配置新增','wxmp:wxapp:add',NULL,'8110000','1',NULL,0,'0','1','2018-05-15 21:35:18','2020-03-24 20:19:17','0'),
('8112000','公众号配置修改','wxmp:wxapp:edit',NULL,'8110000','1',NULL,1,'0','1','2018-05-15 21:35:18','2020-03-24 20:19:17','0'),
('8113000','公众号配置删除','wxmp:wxapp:del',NULL,'8110000','1',NULL,2,'0','1','2018-05-15 21:35:18','2020-03-24 20:19:17','0'),
('8114000','公众号配置详情','wxmp:wxapp:get',NULL,'8110000','1',NULL,3,'0','1','2018-05-15 21:35:18','2020-03-24 20:19:17','0'),
('8120000','公众号用户','','wxuser','8100000','icon-yonghu','views/wxmp/wxuser/index',2,'0','0','2018-01-20 13:17:19','2019-04-02 09:50:46','0'),
('8121000','公众号用户新增','wxmp:wxuser:add',NULL,'8120000','1',NULL,0,'0','1','2018-05-15 21:35:18','2020-03-24 20:19:17','0'),
('8122000','公众号用户修改','wxmp:wxuser:edit',NULL,'8120000','1',NULL,1,'0','1','2018-05-15 21:35:18','2020-03-24 20:19:17','0'),
('8123000','公众号用户删除','wxmp:wxuser:del',NULL,'8120000','1',NULL,2,'0','1','2018-05-15 21:35:18','2020-03-24 20:19:17','0'),
('8124000','公众号用户详情','wxmp:wxuser:get',NULL,'8120000','1',NULL,3,'0','1','2018-05-15 21:35:18','2020-03-24 20:19:17','0'),
('8125000','公众号用户同步','wxmp:wxuser:synchro',NULL,'8120000',NULL,NULL,1,'0','1','2019-04-14 17:35:01','2020-03-24 20:19:17','0'),
('8126000','公众号用户备注修改','wxmp:wxuser:edit:remark',NULL,'8120000',NULL,NULL,1,'0','1','2019-04-17 14:35:14','2020-03-24 20:19:17','0'),
('8127000','公众号用户打标签','wxmp:wxuser:tagging',NULL,'8120000',NULL,NULL,1,'0','1','2019-04-17 15:26:18','2020-03-24 20:19:17','0'),
('8130000','素材管理','','wxmaterial','8100000','el-icon-s-cooperation','views/wxmp/wxmaterial/index',4,'0','0','2018-01-20 13:17:19','2019-04-02 09:50:46','0'),
('8131000','素材新增','wxmp:wxmaterial:add',NULL,'8130000','1',NULL,0,'0','1','2018-05-15 21:35:18','2020-03-24 20:19:17','0'),
('8132000','素材修改','wxmp:wxmaterial:edit',NULL,'8130000','1',NULL,1,'0','1','2018-05-15 21:35:18','2020-03-24 20:19:17','0'),
('8133000','素材删除','wxmp:wxmaterial:del',NULL,'8130000','1',NULL,2,'0','1','2018-05-15 21:35:18','2020-03-24 20:19:17','0'),
('8134000','素材详情','wxmp:wxmaterial:get',NULL,'8130000','1',NULL,3,'0','1','2018-05-15 21:35:18','2020-03-24 20:19:17','0'),
('8140000','自定义菜单','','wxmenu','8100000','el-icon-s-unfold','views/wxmp/wxmenu/detail',5,'0','0','2018-01-20 13:17:19','2020-02-18 18:15:40','0'),
('8141000','自定义菜单发布','wxmp:wxmenu:add',NULL,'8140000','1',NULL,4,'0','1','2018-05-15 21:35:18','2020-03-24 20:19:17','0'),
('8142000','自定义菜单详情','wxmp:wxmenu:get',NULL,'8140000','1',NULL,5,'0','1','2018-05-15 21:35:18','2020-03-24 20:19:17','0'),
('8150000','用户标签',NULL,'wxusertags','8100000','el-icon-s-flag','views/wxmp/wxusertags/index',1,'0','0','2019-04-16 17:28:44','2020-02-18 18:15:24','0'),
('8151000','用户标签列表','wxmp:wxusertags:list',NULL,'8150000',NULL,NULL,1,'0','1','2019-04-16 17:30:24','2020-03-24 20:19:17','0'),
('8152000','用户标签新增','wxmp:wxusertags:add',NULL,'8150000',NULL,NULL,1,'0','1','2019-04-17 09:03:56','2020-03-24 20:19:17','0'),
('8153000','用户标签修改','wxmp:wxusertags:edit',NULL,'8150000',NULL,NULL,1,'0','1','2019-04-17 09:04:33','2020-03-24 20:19:17','0'),
('8154000','用户标签删除','wxmp:wxusertags:del',NULL,'8150000',NULL,NULL,1,'0','1','2019-04-17 09:05:08','2020-03-24 20:19:17','0'),
('8160000','消息自动回复','','wxautoreply','8100000','el-icon-s-comment','views/wxmp/wxautoreply/index',6,'0','0','2018-01-20 13:17:19','2018-07-29 13:38:19','0'),
('8161000','消息自动回复新增','wxmp:wxautoreply:add',NULL,'8160000','1',NULL,0,'0','1','2018-05-15 21:35:18','2020-03-24 20:19:17','0'),
('8162000','消息自动回复修改','wxmp:wxautoreply:edit',NULL,'8160000','1',NULL,1,'0','1','2018-05-15 21:35:18','2020-03-24 20:19:17','0'),
('8163000','消息自动回复删除','wxmp:wxautoreply:del',NULL,'8160000','1',NULL,2,'0','1','2018-05-15 21:35:18','2020-03-24 20:19:17','0'),
('8164000','消息自动回复详情','wxmp:wxautoreply:get',NULL,'8160000','1',NULL,3,'0','1','2018-05-15 21:35:18','2020-03-24 20:19:17','0'),
('8170000','用户消息','','wxmsg','8100000','el-icon-s-comment','views/wxmp/wxmsg/index',3,'0','0','2019-05-28 16:04:18','2020-02-18 18:15:32','0'),
('8171000','用户消息新增','wxmp:wxmsg:add',NULL,'8170000',NULL,NULL,1,'0','1','2019-05-28 16:05:48','2020-03-24 20:19:17','0'),
('8172000','用户消息修改','wxmp:wxmsg:edit',NULL,'8170000',NULL,NULL,1,'0','1','2019-05-28 16:06:15','2020-03-24 20:19:17','0'),
('8173000','用户消息删除','wxmp:wxmsg:del',NULL,'8170000',NULL,NULL,1,'0','1','2019-05-28 16:11:06','2020-03-24 20:19:17','0'),
('8174000','用户消息详情','wxmp:wxmsg:get',NULL,'8170000',NULL,NULL,1,'0','1','2019-05-28 16:11:35','2020-03-24 20:19:17','0'),
('8180000','消息群发','','wxmassmsg','8100000','el-icon-s-comment','views/wxmp/wxmassmsg/index',8,'0','0','2018-01-20 13:17:19','2020-02-18 18:15:48','0'),
('8181000','微信群发消息新增','wxmp:wxmassmsg:add',NULL,'8180000','1',NULL,0,'0','1','2018-05-15 21:35:18','2020-03-24 20:19:17','0'),
('8182000','微信群发消息修改','wxmp:wxmassmsg:edit',NULL,'8180000','1',NULL,1,'0','1','2018-05-15 21:35:18','2020-03-24 20:19:17','0'),
('8183000','微信群发消息删除','wxmp:wxmassmsg:del',NULL,'8180000','1',NULL,2,'0','1','2018-05-15 21:35:18','2020-03-24 20:19:17','0'),
('8184000','微信群发消息详情','wxmp:wxmassmsg:get',NULL,'8180000','1',NULL,3,'0','1','2018-05-15 21:35:18','2020-03-24 20:19:17','0'),
('8200000','商品类目','','goodscategory','8500000','el-icon-s-finance','views/mall/goodscategory/index',2,'0','0','2019-08-12 14:20:15','2019-08-12 16:15:13','0'),
('8210000','商品类目新增','mall:goodscategory:add',NULL,'8200000',NULL,NULL,1,'0','1','2019-08-12 14:21:10','2020-03-24 20:19:17','0'),
('8220000','商品类目修改','mall:goodscategory:edit',NULL,'8200000',NULL,NULL,1,'0','1','2019-08-12 14:21:46','2020-03-24 20:19:17','0'),
('8230000','商品类目删除','mall:goodscategory:del',NULL,'8200000',NULL,NULL,1,'0','1','2019-08-12 14:22:12','2020-03-24 20:19:17','0'),
('8240000','商品类目详情','mall:goodscategory:get',NULL,'8200000',NULL,NULL,1,'0','1','2019-08-12 14:22:43','2020-03-24 20:19:17','0'),
('82dcc2e0e8ca1c0f8bd4c424a5dda5c5','退款单列表','mall:orderrefunds:index',NULL,'6e46351de075ab9febf8ee6ec17bdced',NULL,NULL,1,'0','1','2019-12-13 19:23:01','2020-03-24 20:19:17','0'),
('8300000','全部商品','','goodsspu','8500000','el-icon-s-goods','views/mall/goodsspu/index',0,'0','0','2019-08-12 16:32:05','2019-08-12 16:32:38','0'),
('8310000','商品新增','mall:goodsspu:add',NULL,'8300000',NULL,NULL,1,'0','1','2019-08-12 16:34:18','2020-03-24 20:19:17','0'),
('8320000','商品修改','mall:goodsspu:edit',NULL,'8300000',NULL,NULL,1,'0','1','2019-08-12 16:34:53','2020-03-24 20:19:17','0'),
('8330000','商品删除','mall:goodsspu:del',NULL,'8300000',NULL,NULL,1,'0','1','2019-08-12 16:35:22','2020-03-24 20:19:17','0'),
('8340000','商品详情','mall:goodsspu:get',NULL,'8300000',NULL,NULL,1,'0','1','2019-08-12 16:35:42','2020-03-24 20:19:17','0'),
('8398b906bfd903c55d3bab220d95d050','运费模板查询','mall:freighttemplat:get',NULL,'e6a73489db9ef754101570b0e6d0d2e5',NULL,NULL,1,'0','1','2019-12-24 16:27:16','2020-03-24 20:19:17','0'),
('8400000','规格管理','','goodsspec','8500000','el-icon-s-operation','views/mall/goodsspec/index',1,'0','0','2019-08-13 16:22:40','2019-08-13 16:23:51','0'),
('8410000','规格新增','mall:goodsspec:add',NULL,'8400000',NULL,NULL,1,'0','1','2019-08-13 16:21:01','2020-03-24 20:19:17','0'),
('8420000','规格删除','mall:goodsspec:del',NULL,'8400000',NULL,NULL,1,'0','1','2019-08-13 16:21:28','2020-03-24 20:19:17','0'),
('8430000','规格修改','mall:goodsspec:edit',NULL,'8400000',NULL,NULL,1,'0','1','2019-08-13 16:28:26','2020-03-24 20:19:17','0'),
('8500000','商品管理',NULL,'goods','8000000','el-icon-goods','Layout',3,'0','0','2019-08-21 09:09:37','2019-08-21 09:15:45','0'),
('8aae802c5e76c10fb00c342870aec822','砍价新增','mall:bargaininfo:add',NULL,'33f86fb25ecde4e2bc5ec0bdf9229e28',NULL,NULL,1,'0','1','2019-12-28 19:03:56','2020-03-24 20:19:17','0'),
('8bd8eabf33a6b8b56c04392063bade07','首页轮播图',NULL,'notice1','ae0619ea3e5b86a3e382081680785f7e','el-icon-picture','views/mall/noticeitem/index',10,'0','0','2019-11-10 19:06:26','2020-02-18 20:49:04','0'),
('92e0817e3f1f38b2f307a12dfb57f973','退款单修改','mall:orderrefunds:edit',NULL,'6e46351de075ab9febf8ee6ec17bdced',NULL,NULL,1,'0','1','2019-12-13 19:24:01','2020-03-24 20:19:17','0'),
('9758015e84ca9001f54651db3e215f22','微信群发消息列表','wxmp:wxmassmsg:index',NULL,'8180000',NULL,NULL,1,'0','1','2019-10-18 21:34:25','2020-03-24 20:19:17','0'),
('997766d975fecca2bbc6d87a1ffa33bc','领券记录列表','mall:couponuser:index',NULL,'6dcb14bf76e04a4f5345a1ec6bd7eacc',NULL,NULL,1,'0','1','2019-12-18 18:29:32','2020-03-24 20:19:17','0'),
('99de545b2709c749074253793b0b3579','砍价修改','mall:bargaininfo:edit',NULL,'33f86fb25ecde4e2bc5ec0bdf9229e28',NULL,NULL,1,'0','1','2019-12-28 19:04:18','2020-03-24 20:19:17','0'),
('9a41a7f503b9ee40f552b8c39d6860a4','通知详情','mall:noticeitem:get',NULL,'8bd8eabf33a6b8b56c04392063bade07',NULL,NULL,1,'0','1','2019-11-10 19:09:30','2020-03-24 20:19:17','0'),
('9de3c01d50199f569d58979adba94190','租户详情','sys:tenant:get',NULL,'e9c150621e6bcfd7f0cea479d2ab9236',NULL,NULL,1,'0','1','2019-10-12 20:34:40','2020-03-24 20:19:17','0'),
('a020c0eda490bc5acbbdab8aed5de286','商城订单修改','mall:orderinfo:edit',NULL,'70dbfd7911a393a3c50d1eef09a8708f',NULL,NULL,1,'0','1','2019-09-10 15:12:47','2020-03-24 20:19:17','0'),
('a18a3759214257e8ad00b4e8e250b097','运费模板删除','mall:freighttemplat:del',NULL,'e6a73489db9ef754101570b0e6d0d2e5',NULL,NULL,1,'0','1','2019-12-24 16:28:12','2020-03-24 20:19:17','0'),
('a1b97d911a253bbb7984d914423edab1','运费模板修改','mall:freighttemplat:edit',NULL,'e6a73489db9ef754101570b0e6d0d2e5',NULL,NULL,1,'0','1','2019-12-24 16:27:43','2020-03-24 20:19:17','0'),
('a1d5a717939198826962f7621f86f53d','商品评价新增','mall:goodsappraises:add',NULL,'c247293edbfc0ee004f413cb6ee654cd',NULL,NULL,1,'0','1','2019-09-25 20:30:58','2020-03-24 20:19:17','0'),
('a24da84b7de0787d578d5f60c3803d2f','公众号用户列表','wxmp:wxuser:index',NULL,'8120000',NULL,NULL,1,'0','1','2019-10-18 21:37:10','2020-03-24 20:19:17','0'),
('a263bd8cbe22bceab8ecd4f6e2b827b4','明细删除','mall:pointsrecord:del',NULL,'04c920605926e47982b7ede7fa5c3ec6',NULL,NULL,1,'0','1','2019-12-11 11:30:40','2020-03-24 20:19:17','0'),
('a96328161a39450238e8cafa243b7c35','小程序列表','','wxapp','ae0619ea3e5b86a3e382081680785f7e','el-icon-s-operation','views/wxma/wxapp/index',0,'0','0','2019-09-25 17:09:00','2020-02-18 18:16:24','0'),
('ae0619ea3e5b86a3e382081680785f7e','小程序管理',NULL,'wxma','1229675965086429186','el-icon-orange','Layout',10,'0','0','2019-09-25 14:25:17','2020-02-18 16:07:54','0'),
('b7fb7e7511057c292f4e7a567803e49c','用户列表','sys:user:index',NULL,'1100000',NULL,NULL,1,'0','1','2019-10-18 21:29:16','2020-03-24 20:19:17','0'),
('ba1273686386588c78b20b93fcb1779f','电子券制作',NULL,'couponinfo','d2d722dc5a535b918e8edc711e77d5c6','el-icon-s-open','views/mall/couponinfo/index',1,'0','0','2019-12-14 11:57:55','2020-02-15 22:30:54','0'),
('bec7e2f7cf4ad760bbe550fa05f7eec4','砍价查询','mall:bargaininfo:get',NULL,'33f86fb25ecde4e2bc5ec0bdf9229e28',NULL,NULL,1,'0','1','2019-12-28 19:03:36','2020-03-24 20:19:17','0'),
('bf99fd6d49b5db3a107848984daff0ba','商城订单新增','mall:orderinfo:add',NULL,'70dbfd7911a393a3c50d1eef09a8708f',NULL,NULL,1,'0','1','2019-09-10 15:12:13','2020-03-24 20:19:17','0'),
('c0ed022164dbf21954ef79dfb3d70ed3','素材新增','mall:material:add',NULL,'e2ab8932bc86ad98b917c22731205caa',NULL,NULL,1,'0','1','2019-10-26 19:35:23','2020-03-24 20:19:17','0'),
('c247293edbfc0ee004f413cb6ee654cd','商品评价','','goodsappraises','8500000','el-icon-s-open','views/mall/goodsappraises/index',3,'0','0','2019-09-25 20:27:30','2019-09-25 21:39:59','0'),
('c35e06fc6b2b474a14aff1d7a69aaef9','商城订单删除','mall:orderinfo:del',NULL,'70dbfd7911a393a3c50d1eef09a8708f',NULL,NULL,1,'0','1','2019-09-10 15:13:12','2020-03-24 20:19:17','0'),
('cb3e50350c8d982ee23474146281f7ed','砍价记录',NULL,'bargainuser','5b1483fcac1c14bcabc28b7e50f21921','el-icon-s-order','views/mall/bargainuser/index',2,'0','0','2020-01-03 19:49:23','2020-01-03 19:49:37','0'),
('d2d722dc5a535b918e8edc711e77d5c6','电子券管理',NULL,'coupon','8000000','el-icon-s-ticket','Layout',6,'0','0','2019-12-14 11:52:39','2019-12-14 11:53:56','0'),
('d56d79f193c43e90ef3bef5b1d19bee8','令牌列表','sys:token:index',NULL,'2600000',NULL,NULL,1,'0','1','2019-10-18 21:30:11','2020-03-24 20:19:17','0'),
('d9c8041c62c50f859b049e86357d1c41','日志列表','sys:log:index',NULL,'2100000',NULL,NULL,1,'0','1','2019-10-18 21:18:38','2020-03-24 20:19:17','0'),
('db95df20df51a46afa7935f38efb7360','商城用户',NULL,'userInfo','8000000','el-icon-user','views/mall/userinfo/index',2,'0','0','2019-12-10 20:57:03','2019-12-10 21:00:26','0'),
('e2ab8932bc86ad98b917c22731205caa','素材库',NULL,'material','f6cb055276971023060a341236237bb2','el-icon-s-platform','views/mall/material/index',30,'0','0','2019-10-26 19:33:45','2020-02-10 11:46:41','0'),
('e3a14107a9e90f90922f7053a379a719','FORM表单设计器',NULL,'https://form.avuejs.com/','f513f9e7cb53c16e5de982e12268b070','el-icon-s-management','https://form.avuejs.com/',1,'0','0','2019-11-05 18:18:12','2020-02-15 22:30:54','0'),
('e6a73489db9ef754101570b0e6d0d2e5','运费模板',NULL,'freighttemplat','f6cb055276971023060a341236237bb2','el-icon-s-promotion','views/mall/freighttemplat/index',1,'0','0','2019-12-24 16:22:03','2019-12-24 16:23:32','0'),
('e6ae905517592d8b3f30a0a5a1bfb65b','商品评价删除','mall:goodsappraises:del',NULL,'c247293edbfc0ee004f413cb6ee654cd',NULL,NULL,1,'0','1','2019-09-25 20:29:32','2020-03-24 20:19:17','0'),
('e9c150621e6bcfd7f0cea479d2ab9236','租户管理','','tenant','1000000','el-icon-s-grid','views/admin/tenant/index',1,'0','0','2019-10-12 20:33:27','2019-10-18 21:26:15','0'),
('eace6e697073de815152466b9c493c4d','素材详情','mall:material:get',NULL,'e2ab8932bc86ad98b917c22731205caa',NULL,NULL,1,'0','1','2019-10-26 19:36:25','2020-03-24 20:19:17','0'),
('ec18bd25c6ed99faaa7cc8190fa23db1','素材列表','wxmp:wxmaterial:index',NULL,'8130000',NULL,NULL,1,'0','1','2019-10-18 21:35:34','2020-03-24 20:19:17','0'),
('ec1b689468ac0eab23713ce41273ae4b','机构列表','sys:organ:index',NULL,'1400000',NULL,NULL,1,'0','1','2019-10-18 21:24:07','2020-03-24 20:19:17','0'),
('ec21dec4d5791af4e30c34f7d077f06d','运费模板新增','mall:freighttemplat:add',NULL,'e6a73489db9ef754101570b0e6d0d2e5',NULL,NULL,1,'0','1','2019-12-24 16:23:17','2020-03-24 20:19:17','0'),
('edcaca9d4cc487aefe2c0c043bb95c30','字典列表','sys:dict:index',NULL,'2200000',NULL,NULL,1,'0','1','2019-10-18 21:17:36','2020-03-24 20:19:17','0'),
('f277b11dd1a5bafe707e4694eb506899','通知删除','mall:noticeitem:del',NULL,'8bd8eabf33a6b8b56c04392063bade07',NULL,NULL,1,'0','1','2019-11-10 19:10:41','2020-03-24 20:19:17','0'),
('f4eae5341815bec413ef64e3e6524385','小程序配置删除','wxmp:wxapp:del',NULL,'a96328161a39450238e8cafa243b7c35',NULL,NULL,1,'0','1','2019-09-25 17:11:16','2020-03-24 20:19:17','0'),
('f513f9e7cb53c16e5de982e12268b070','代码生成',NULL,'develop','1227202152985784322','el-icon-s-marketing','Layout',4,'0','0','2019-11-05 18:12:32','2020-02-18 21:07:16','0'),
('f6cb055276971023060a341236237bb2','商城设置',NULL,'config','8000000','el-icon-s-tools','Layout',100,'0','0','2019-12-24 16:15:35','2020-02-15 22:30:54','0'),
('f9ef6fbe98f64ab0f0076d9d51a34f2e','积分设置','','pointsconfig','01e9e720e3eedce613a297dcdddb3d63','el-icon-s-operation','views/mall/pointsconfig/form',1,'0','0','2019-12-06 16:36:33','2019-12-06 16:38:55','0'),
('fda6b16ece50ede8a7a5bb16213753d0','电子券修改','mall:couponinfo:edit',NULL,'ba1273686386588c78b20b93fcb1779f',NULL,NULL,1,'0','1','2019-12-14 12:00:49','2020-03-24 20:19:17','0'),
('fe8074f23fa08934775bc7d06401fd3f','运费模板列表','mall:freighttemplat:index',NULL,'e6a73489db9ef754101570b0e6d0d2e5',NULL,NULL,1,'0','1','2019-12-24 16:26:39','2020-03-24 20:19:17','0'),
('fef4dfeeb78c4f299e0e6e1a43be3585','公众号列表','wxmp:wxapp:index',NULL,'8110000',NULL,NULL,1,'0','1','2019-10-18 21:31:53','2020-03-24 20:19:17','0');

/*Table structure for table `sys_oauth_client` */

DROP TABLE IF EXISTS `sys_oauth_client`;

CREATE TABLE `sys_oauth_client` (
  `id` varchar(32) CHARACTER SET utf8mb4 COLLATE utf8mb4_0900_ai_ci NOT NULL,
  `resource_ids` varchar(256) CHARACTER SET utf8mb4 COLLATE utf8mb4_0900_ai_ci DEFAULT NULL,
  `client_secret` varchar(64) CHARACTER SET utf8mb4 COLLATE utf8mb4_0900_ai_ci DEFAULT NULL COMMENT '密钥',
  `scope` varchar(64) CHARACTER SET utf8mb4 COLLATE utf8mb4_0900_ai_ci DEFAULT NULL COMMENT '域',
  `authorized_grant_types` varchar(100) CHARACTER SET utf8mb4 COLLATE utf8mb4_0900_ai_ci DEFAULT NULL COMMENT '授权模式',
  `web_server_redirect_uri` varchar(256) CHARACTER SET utf8mb4 COLLATE utf8mb4_0900_ai_ci DEFAULT NULL,
  `authorities` varchar(256) CHARACTER SET utf8mb4 COLLATE utf8mb4_0900_ai_ci DEFAULT NULL,
  `access_token_validity` int(11) DEFAULT NULL,
  `refresh_token_validity` int(11) DEFAULT NULL,
  `additional_information` varchar(256) CHARACTER SET utf8mb4 COLLATE utf8mb4_0900_ai_ci DEFAULT NULL,
  `autoapprove` char(10) CHARACTER SET utf8mb4 COLLATE utf8mb4_0900_ai_ci DEFAULT NULL,
  PRIMARY KEY (`id`) USING BTREE
) ENGINE=InnoDB DEFAULT CHARSET=utf8mb4 COLLATE=utf8mb4_0900_ai_ci ROW_FORMAT=DYNAMIC COMMENT='终端信息表';

/*Data for the table `sys_oauth_client` */

insert  into `sys_oauth_client`(`id`,`resource_ids`,`client_secret`,`scope`,`authorized_grant_types`,`web_server_redirect_uri`,`authorities`,`access_token_validity`,`refresh_token_validity`,`additional_information`,`autoapprove`) values 
('admin',NULL,'admin','server','password,refresh_token,authorization_code,client_credentials','',NULL,NULL,NULL,NULL,'true'),
('gen',NULL,'gen','server','password,refresh_token',NULL,NULL,NULL,NULL,NULL,'true'),
('miniapp','','miniapp','server','refresh_token,password','','',NULL,NULL,'','true'),
('swagger','','swagger','server','password,refresh_token','','',NULL,NULL,'','true'),
('weixin','','weixin','server','password,refresh_token','','',NULL,NULL,'','true');

/*Table structure for table `sys_organ` */

DROP TABLE IF EXISTS `sys_organ`;

CREATE TABLE `sys_organ` (
  `id` varchar(32) CHARACTER SET utf8 COLLATE utf8_general_ci NOT NULL,
  `create_time` timestamp NULL DEFAULT CURRENT_TIMESTAMP COMMENT '创建时间',
  `update_time` timestamp NULL DEFAULT NULL ON UPDATE CURRENT_TIMESTAMP COMMENT '修改时间',
  `parent_id` varchar(32) CHARACTER SET utf8 COLLATE utf8_general_ci DEFAULT NULL,
  `sort` int(11) DEFAULT '1' COMMENT '排序',
  `type` char(2) CHARACTER SET utf8mb4 COLLATE utf8mb4_0900_ai_ci NOT NULL COMMENT '机构类型',
  `code` varchar(32) CHARACTER SET utf8mb4 COLLATE utf8mb4_0900_ai_ci NOT NULL COMMENT '机构编码',
  `name` varchar(50) CHARACTER SET utf8 COLLATE utf8_general_ci DEFAULT NULL COMMENT '机构名称',
  `phone` varchar(20) CHARACTER SET utf8mb4 COLLATE utf8mb4_0900_ai_ci DEFAULT NULL COMMENT '电话',
  `fax` varchar(32) CHARACTER SET utf8mb4 COLLATE utf8mb4_0900_ai_ci DEFAULT NULL COMMENT '传真',
  `email` varchar(32) CHARACTER SET utf8mb4 COLLATE utf8mb4_0900_ai_ci DEFAULT NULL COMMENT '邮箱',
  `address` varchar(500) CHARACTER SET utf8mb4 COLLATE utf8mb4_0900_ai_ci DEFAULT NULL COMMENT '地址',
  `remarks` varchar(255) CHARACTER SET utf8mb4 COLLATE utf8mb4_0900_ai_ci DEFAULT NULL COMMENT '备注',
  `del_flag` char(1) CHARACTER SET utf8 COLLATE utf8_general_ci DEFAULT '0' COMMENT '逻辑删除标记（0：显示；1：隐藏）',
  `tenant_id` varchar(32) CHARACTER SET utf8 COLLATE utf8_general_ci NOT NULL COMMENT '租户ID',
  `status` char(2) CHARACTER SET utf8mb4 COLLATE utf8mb4_0900_ai_ci DEFAULT NULL COMMENT '0:正常，9:冻结',
  PRIMARY KEY (`id`) USING BTREE,
  UNIQUE KEY `uk_tenant_id_code` (`code`,`tenant_id`) USING BTREE,
  KEY `ids_tenant_id` (`tenant_id`) USING BTREE
) ENGINE=InnoDB DEFAULT CHARSET=utf8mb4 COLLATE=utf8mb4_0900_ai_ci ROW_FORMAT=DYNAMIC COMMENT='机构管理';

/*Data for the table `sys_organ` */

insert  into `sys_organ`(`id`,`create_time`,`update_time`,`parent_id`,`sort`,`type`,`code`,`name`,`phone`,`fax`,`email`,`address`,`remarks`,`del_flag`,`tenant_id`,`status`) values 
('1','2018-01-22 19:00:23','2020-02-12 22:39:26','0',1,'1','10000','腾讯公司',NULL,NULL,NULL,NULL,NULL,'0','1','0'),
('1232901074731294721','2020-02-27 13:31:37',NULL,'4',4,'2','6656546','服务部','','','','',NULL,'0','1',NULL),
('2','2018-01-22 19:00:38','2020-02-27 21:38:46','0',2,'1','20000','阿里公司',NULL,NULL,NULL,NULL,NULL,'0','2','0'),
('29a4609f543eb7a1b0f8b38ce01cc125','2019-12-15 17:28:18','2020-02-12 22:39:09','3',1,'2','ge235235','技术部','','','','',NULL,'0','1',NULL),
('3','2018-01-22 19:00:44','2020-02-12 22:39:09','1',0,'2','10001','腾讯部门一','188888888','556558444','156545588@qq.com','中国广东省深圳高南山区机械厂32号',NULL,'0','1',NULL),
('4','2018-01-22 19:00:52','2020-02-12 22:39:09','1',2,'2','10002','腾讯部门二',NULL,NULL,NULL,NULL,NULL,'0','1',NULL),
('7','2018-01-22 19:01:57','2020-02-27 21:38:48','2',1,'2','20001','阿里一公司',NULL,NULL,NULL,NULL,NULL,'0','2',NULL),
('8','2018-01-22 19:02:03','2020-02-27 21:38:51','2',2,'2','20002','阿里二公司',NULL,NULL,NULL,NULL,NULL,'0','2',NULL);

/*Table structure for table `sys_organ_relation` */

DROP TABLE IF EXISTS `sys_organ_relation`;

CREATE TABLE `sys_organ_relation` (
  `ancestor` varchar(32) CHARACTER SET latin1 COLLATE latin1_swedish_ci NOT NULL COMMENT '祖先节点',
  `descendant` varchar(32) CHARACTER SET latin1 COLLATE latin1_swedish_ci NOT NULL COMMENT '后代节点',
  `tenant_id` varchar(32) NOT NULL COMMENT '所属租户',
  PRIMARY KEY (`ancestor`,`descendant`) USING BTREE,
  KEY `idx1` (`ancestor`) USING BTREE,
  KEY `idx2` (`descendant`) USING BTREE
) ENGINE=InnoDB DEFAULT CHARSET=latin1 ROW_FORMAT=DYNAMIC COMMENT='机构关系表';

/*Data for the table `sys_organ_relation` */

insert  into `sys_organ_relation`(`ancestor`,`descendant`,`tenant_id`) values 
('1','1','1'),
('1','1232901074731294721','1'),
('1','29a4609f543eb7a1b0f8b38ce01cc125','1'),
('1','3','1'),
('1','4','1'),
('1232901074731294721','1232901074731294721','1'),
('2','2','2'),
('2','7','2'),
('2','8','2'),
('29a4609f543eb7a1b0f8b38ce01cc125','29a4609f543eb7a1b0f8b38ce01cc125','1'),
('3','29a4609f543eb7a1b0f8b38ce01cc125','1'),
('3','3','1'),
('4','1232901074731294721','1'),
('4','4','1'),
('7','7','2'),
('8','8','2');

/*Table structure for table `sys_role` */

DROP TABLE IF EXISTS `sys_role`;

CREATE TABLE `sys_role` (
  `id` varchar(32) CHARACTER SET utf8mb4 COLLATE utf8mb4_bin NOT NULL COMMENT 'PK',
  `role_name` varchar(64) CHARACTER SET utf8mb4 COLLATE utf8mb4_bin NOT NULL COMMENT '角色名',
  `role_code` varchar(64) CHARACTER SET utf8mb4 COLLATE utf8mb4_bin NOT NULL COMMENT '角色编码',
  `role_desc` varchar(255) CHARACTER SET utf8mb4 COLLATE utf8mb4_bin DEFAULT NULL COMMENT '角色描述',
  `ds_type` char(1) CHARACTER SET utf8mb4 COLLATE utf8mb4_bin NOT NULL DEFAULT '2' COMMENT '数据权限类型',
  `ds_scope` varchar(255) CHARACTER SET utf8mb4 COLLATE utf8mb4_bin DEFAULT NULL COMMENT '数据权限范围',
  `create_time` timestamp NOT NULL DEFAULT CURRENT_TIMESTAMP COMMENT '新增时间',
  `update_time` timestamp NULL DEFAULT NULL ON UPDATE CURRENT_TIMESTAMP COMMENT '修改时间',
  `del_flag` char(1) CHARACTER SET utf8mb4 COLLATE utf8mb4_bin DEFAULT '0' COMMENT '逻辑删除标记（0：显示；1：隐藏）',
  `tenant_id` varchar(32) CHARACTER SET utf8mb4 COLLATE utf8mb4_bin NOT NULL COMMENT '租户id',
  PRIMARY KEY (`id`) USING BTREE,
  UNIQUE KEY `role_idx1_role_code` (`role_code`,`tenant_id`) USING BTREE,
  KEY `ids_tenant_id` (`tenant_id`) USING BTREE
) ENGINE=InnoDB DEFAULT CHARSET=utf8mb4 COLLATE=utf8mb4_bin ROW_FORMAT=DYNAMIC COMMENT='系统角色表';

/*Data for the table `sys_role` */

insert  into `sys_role`(`id`,`role_name`,`role_code`,`role_desc`,`ds_type`,`ds_scope`,`create_time`,`update_time`,`del_flag`,`tenant_id`) values 
('1','管理员','ROLE_ADMIN','管理员','0','','2017-10-29 15:45:51','2019-07-27 12:06:49','0','1'),
('1225287929196146689','test2','test2','test2','2','','2020-02-06 13:19:41',NULL,'0','1'),
('2','管理员','ROLE_ADMIN','管理员实例（自助注册会用到，请勿删除）','0',NULL,'2018-11-11 19:42:26','2019-07-27 12:29:43','0','2'),
('3','test','test','test','2','3,4','2019-03-30 17:44:20','2019-07-18 15:01:23','0','1');

/*Table structure for table `sys_role_menu` */

DROP TABLE IF EXISTS `sys_role_menu`;

CREATE TABLE `sys_role_menu` (
  `role_id` varchar(32) CHARACTER SET utf8 COLLATE utf8_general_ci NOT NULL COMMENT '角色ID',
  `menu_id` varchar(32) CHARACTER SET utf8 COLLATE utf8_general_ci NOT NULL COMMENT '菜单ID',
  `create_time` timestamp NULL DEFAULT CURRENT_TIMESTAMP COMMENT '创建时间',
  `tenant_id` varchar(32) NOT NULL COMMENT '所属租户',
  PRIMARY KEY (`role_id`,`menu_id`) USING BTREE
) ENGINE=InnoDB DEFAULT CHARSET=utf8 ROW_FORMAT=DYNAMIC COMMENT='角色菜单表';

/*Data for the table `sys_role_menu` */

insert  into `sys_role_menu`(`role_id`,`menu_id`,`create_time`,`tenant_id`) values 
('1','01e9e720e3eedce613a297dcdddb3d63','2019-12-14 11:55:14','1'),
('1','04c920605926e47982b7ede7fa5c3ec6','2019-12-14 11:55:14','1'),
('1','0776fdb3afe857025aefeb6500f67fb6','2019-12-14 11:55:14','1'),
('1','088b9371d30c932f9ba555a457a165cb','2019-12-14 11:55:14','1'),
('1','097f4947ac78faf5074c357f5b1ee8f1','2019-12-14 11:55:14','1'),
('1','0d1cfcbd88e13d75ea9796d08b4964a0','2019-12-14 11:55:14','1'),
('1','1000000','2019-12-14 11:55:14','1'),
('1','10e7a8ca4da4f8cd9e36a375d7266f6a','2019-12-14 11:55:14','1'),
('1','1100000','2019-12-14 11:55:14','1'),
('1','1101000','2019-12-14 11:55:14','1'),
('1','1102000','2019-12-14 11:55:14','1'),
('1','1103000','2019-12-14 11:55:14','1'),
('1','1104000','2019-12-14 11:55:14','1'),
('1','1105000','2019-12-14 11:55:14','1'),
('1','1200000','2019-12-14 11:55:14','1'),
('1','1201000','2019-12-14 11:55:14','1'),
('1','1202000','2019-12-14 11:55:14','1'),
('1','1203000','2019-12-14 11:55:14','1'),
('1','1224306298712969218','2020-02-03 20:19:02','1'),
('1','1224306628599173121','2020-02-03 20:20:21','1'),
('1','1224307007944609794','2020-02-03 20:21:51','1'),
('1','1225254548244733953','2020-02-06 11:07:03','1'),
('1','1226513939979780098','2020-02-09 22:31:25','1'),
('1','1226514140274573313','2020-02-09 22:32:13','1'),
('1','1226514304217333762','2020-02-09 22:32:52','1'),
('1','1226514436212080641','2020-02-09 22:33:23','1'),
('1','1226514630622265346','2020-02-09 22:34:10','1'),
('1','1226514858779820034','2020-02-09 22:35:04','1'),
('1','1226525445274419201','2020-02-09 23:17:08','1'),
('1','1226525576396750849','2020-02-09 23:17:39','1'),
('1','1226525700103553025','2020-02-09 23:18:09','1'),
('1','1226525832920383490','2020-02-09 23:18:40','1'),
('1','1226525967616262146','2020-02-09 23:19:13','1'),
('1','1226526082179481602','2020-02-09 23:19:40','1'),
('1','1226759608866893825','2020-02-10 14:47:37','1'),
('1','1226759834914713601','2020-02-10 14:48:31','1'),
('1','1226760046232137729','2020-02-10 14:49:21','1'),
('1','1226762096135340033','2020-02-10 14:57:30','1'),
('1','1227202152985784322','2020-02-11 20:06:08','1'),
('1','1227202599968567298','2020-02-11 20:07:54','1'),
('1','1227203300044042241','2020-02-11 20:10:41','1'),
('1','1227524298689736706','2020-02-12 17:26:13','1'),
('1','1227524435889614850','2020-02-12 17:26:46','1'),
('1','1227568833306177537','2020-02-12 20:23:11','1'),
('1','1228676296659161089','2020-02-15 21:43:51','1'),
('1','1228676665992794113','2020-02-15 21:45:19','1'),
('1','1228676836369616897','2020-02-15 21:46:00','1'),
('1','1229322873778180098','2020-02-17 16:33:07','1'),
('1','1229323003373785090','2020-02-17 16:33:38','1'),
('1','1229675965086429186','2020-02-18 15:56:11','1'),
('1','1229750327311278082','2020-02-18 20:51:40','1'),
('1','1229750619910119425','2020-02-18 20:52:50','1'),
('1','1229750717675151362','2020-02-18 20:53:13','1'),
('1','1229750794644824065','2020-02-18 20:53:31','1'),
('1','1229750881777295362','2020-02-18 20:53:52','1'),
('1','1229750964161814530','2020-02-18 20:54:12','1'),
('1','1231205330852978690','2020-02-22 21:13:20','1'),
('1','1233957113861967874','2020-03-01 11:27:56','1'),
('1','1233957499251326978','2020-03-01 11:29:28','1'),
('1','1234086429899862018','2020-03-01 20:01:47','1'),
('1','1239766266052329473','2020-03-17 12:11:26','1'),
('1','1239766777090523137','2020-03-17 12:13:28','1'),
('1','1239766958087323650','2020-03-17 12:14:11','1'),
('1','1239767051196678145','2020-03-17 12:14:33','1'),
('1','1239767117328269313','2020-03-17 12:14:49','1'),
('1','1239767195036139522','2020-03-17 12:15:07','1'),
('1','1239767264883884034','2020-03-17 12:15:24','1'),
('1','1239767506106695682','2020-03-17 12:16:21','1'),
('1','1239767627204640770','2020-03-17 12:16:50','1'),
('1','129a20e268846e9f03e7c7317d34763a','2019-12-14 11:55:14','1'),
('1','1300000','2019-12-14 11:55:14','1'),
('1','1301000','2019-12-14 11:55:14','1'),
('1','1302000','2019-12-14 11:55:14','1'),
('1','1303000','2019-12-14 11:55:14','1'),
('1','1304000','2019-12-14 11:55:14','1'),
('1','1305000','2019-12-14 11:55:14','1'),
('1','1400000','2019-12-14 11:55:14','1'),
('1','1401000','2019-12-14 11:55:14','1'),
('1','1402000','2019-12-14 11:55:14','1'),
('1','1403000','2019-12-14 11:55:14','1'),
('1','1404000','2019-12-14 11:55:14','1'),
('1','158da8253a07848d3087e27742b90ecf','2019-12-14 11:55:14','1'),
('1','17e1ead2dacd1d312105b396b3517032','2019-12-28 19:04:39','1'),
('1','1803c5717dce433515683a91bb6d704b','2019-12-18 18:30:09','1'),
('1','1923c874226184c056658a742f295534','2019-12-14 11:55:14','1'),
('1','1a722cc14550813e4caeb5dee7bd5597','2019-12-14 12:01:13','1'),
('1','1ee60d42f423c8e0b1b0438ab69aaba4','2019-12-14 11:55:14','1'),
('1','2000000','2019-12-14 11:55:14','1'),
('1','2100000','2019-12-14 11:55:14','1'),
('1','2101000','2019-12-14 11:55:14','1'),
('1','2185077a9a1a8c4ed3ae2d892e17db1a','2019-12-14 11:55:14','1'),
('1','2200000','2019-12-14 11:55:14','1'),
('1','2201000','2019-12-14 11:55:14','1'),
('1','2202000','2019-12-14 11:55:14','1'),
('1','2203000','2019-12-14 11:55:14','1'),
('1','22dad641b94b70574166204f014e462d','2019-12-14 11:55:14','1'),
('1','2300000','2019-12-14 11:55:14','1'),
('1','2304aae6101ef1b56160e5cfe63b997a','2019-12-14 11:55:14','1'),
('1','2400000','2019-12-14 11:55:14','1'),
('1','2401000','2019-12-14 11:55:14','1'),
('1','2402000','2019-12-14 11:55:14','1'),
('1','2403000','2019-12-14 11:55:14','1'),
('1','241b84a3f3ae7876271634c094dee5cc','2019-12-14 11:55:14','1'),
('1','2500000','2019-12-14 11:55:14','1'),
('1','2501000','2019-12-14 11:55:14','1'),
('1','2502000','2019-12-14 11:55:14','1'),
('1','2503000','2019-12-14 11:55:14','1'),
('1','2600000','2019-12-14 11:55:14','1'),
('1','2601000','2019-12-14 11:55:14','1'),
('1','266d5676deeafd74df0febe6a45cc209','2019-12-14 11:55:14','1'),
('1','2700000','2019-12-14 11:55:14','1'),
('1','2a437bae8175be76cb075ea2888f412d','2019-12-14 11:55:14','1'),
('1','2b8fa95ebcb3111266ba38f833faf4db','2019-12-14 11:55:14','1'),
('1','2f5d0e7eda34754af13a3d3f519dce19','2019-12-14 11:55:14','1'),
('1','33f86fb25ecde4e2bc5ec0bdf9229e28','2019-12-28 19:06:53','1'),
('1','3412a37e6cdc2de99fd534b9327c6288','2019-12-14 11:55:14','1'),
('1','35c3726d4956967e108dd142f71f6627','2019-12-14 11:55:14','1'),
('1','39855c97d751071177ab9e88680b78aa','2019-12-14 11:55:14','1'),
('1','3d73a5a1971f8485850e387e00da4381','2019-12-14 11:55:14','1'),
('1','3fe13d13918b4386750fbc470cb74689','2019-12-14 11:55:14','1'),
('1','43886e8bc03aa4dbbd56b88bc7616b3f','2019-12-14 11:55:14','1'),
('1','494aad894d5dd963bbb2b59642ab78a6','2019-12-14 11:55:14','1'),
('1','4b382a3090885d2783f1f8a1c8e72da9','2019-12-14 12:00:05','1'),
('1','4d4ee31e793ab205bd1b0c0796ab464a','2019-12-14 11:55:14','1'),
('1','4e2f07380b3a3a3c83491b44becc87d1','2020-01-03 19:50:15','1'),
('1','56b7671766135eedb032de157694aecb','2019-12-14 11:55:14','1'),
('1','5905015167129a3fd2ac4440132f06e2','2019-12-14 11:55:14','1'),
('1','5a46087c7799d15b3f7dec6373459c18','2019-12-28 19:03:15','1'),
('1','5b1483fcac1c14bcabc28b7e50f21921','2019-12-28 18:59:37','1'),
('1','5b234a22036af9fcacaad011a3a5a207','2019-12-14 12:00:29','1'),
('1','5c4d7e01c344912ab0f55f4c951995f7','2019-12-14 11:55:14','1'),
('1','5d7eca401883fb565e5dfc7b855ed566','2019-12-14 11:55:14','1'),
('1','5f3b1faf8a0b5179bf32acd9759f2bfc','2019-12-14 11:55:14','1'),
('1','62165a91efcb202e65c55cde8a0ef62a','2019-12-14 11:55:14','1'),
('1','682cd9c287b1f8eddb5ffaa88711be49','2019-12-14 11:55:14','1'),
('1','6a6eed170bf8d0d02e2c551992e8dc2d','2019-12-14 11:55:14','1'),
('1','6c717f6f1ddc913366e4ba902f84aecf','2019-12-14 11:55:14','1'),
('1','6ce1a6e397603915346dc39d2cf2cd8e','2019-12-14 11:55:14','1'),
('1','6dcb14bf76e04a4f5345a1ec6bd7eacc','2019-12-18 18:28:31','1'),
('1','6e46351de075ab9febf8ee6ec17bdced','2019-12-14 11:55:14','1'),
('1','70429f02ff42a948929190d7363cb8ae','2019-12-14 11:55:14','1'),
('1','70a667199c0b5af89a9aec25395de035','2019-12-14 11:59:33','1'),
('1','70dbfd7911a393a3c50d1eef09a8708f','2019-12-14 11:55:14','1'),
('1','71efc9c14c1c83dd30c826e82ea33eda','2019-12-14 11:55:14','1'),
('1','74008da0be270ec7c90d9b44d5336e24','2019-12-14 11:55:14','1'),
('1','7b507e991dc0d6364e9ede4a3e3c0f75','2019-12-14 11:55:14','1'),
('1','7b7dce33eb721f48c81c4c245345bf2d','2019-12-14 11:55:14','1'),
('1','7dcb5d797e46db0bfbc8a1bd2b2079b8','2019-12-14 11:55:14','1'),
('1','7f2e1c50777c7b3009fb44af37766a54','2019-12-14 11:55:14','1'),
('1','7f9dde9bc5f370716d2295302b78a5c1','2019-12-14 11:55:14','1'),
('1','8000000','2019-12-14 11:55:14','1'),
('1','8100000','2019-12-14 11:55:14','1'),
('1','8110000','2019-12-14 11:55:14','1'),
('1','8111000','2019-12-14 11:55:14','1'),
('1','8112000','2019-12-14 11:55:14','1'),
('1','8113000','2019-12-14 11:55:14','1'),
('1','8114000','2019-12-14 11:55:14','1'),
('1','8120000','2019-12-14 11:55:14','1'),
('1','8121000','2019-12-14 11:55:14','1'),
('1','8122000','2019-12-14 11:55:14','1'),
('1','8123000','2019-12-14 11:55:14','1'),
('1','8124000','2019-12-14 11:55:14','1'),
('1','8125000','2019-12-14 11:55:14','1'),
('1','8126000','2019-12-14 11:55:14','1'),
('1','8127000','2019-12-14 11:55:14','1'),
('1','8130000','2019-12-14 11:55:14','1'),
('1','8131000','2019-12-14 11:55:14','1'),
('1','8132000','2019-12-14 11:55:14','1'),
('1','8133000','2019-12-14 11:55:14','1'),
('1','8134000','2019-12-14 11:55:14','1'),
('1','8140000','2019-12-14 11:55:14','1'),
('1','8141000','2019-12-14 11:55:14','1'),
('1','8142000','2019-12-14 11:55:14','1'),
('1','8150000','2019-12-14 11:55:14','1'),
('1','8151000','2019-12-14 11:55:14','1'),
('1','8152000','2019-12-14 11:55:14','1'),
('1','8153000','2019-12-14 11:55:14','1'),
('1','8154000','2019-12-14 11:55:14','1'),
('1','8160000','2019-12-14 11:55:14','1'),
('1','8161000','2019-12-14 11:55:14','1'),
('1','8162000','2019-12-14 11:55:14','1'),
('1','8163000','2019-12-14 11:55:14','1'),
('1','8164000','2019-12-14 11:55:14','1'),
('1','8170000','2019-12-14 11:55:14','1'),
('1','8171000','2019-12-14 11:55:14','1'),
('1','8172000','2019-12-14 11:55:14','1'),
('1','8173000','2019-12-14 11:55:14','1'),
('1','8174000','2019-12-14 11:55:14','1'),
('1','8180000','2019-12-14 11:55:14','1'),
('1','8181000','2019-12-14 11:55:14','1'),
('1','8182000','2019-12-14 11:55:14','1'),
('1','8183000','2019-12-14 11:55:14','1'),
('1','8184000','2019-12-14 11:55:14','1'),
('1','8200000','2019-12-14 11:55:14','1'),
('1','8210000','2019-12-14 11:55:14','1'),
('1','8220000','2019-12-14 11:55:14','1'),
('1','8230000','2019-12-14 11:55:14','1'),
('1','8240000','2019-12-14 11:55:14','1'),
('1','82dcc2e0e8ca1c0f8bd4c424a5dda5c5','2019-12-14 11:55:14','1'),
('1','8300000','2019-12-14 11:55:14','1'),
('1','8310000','2019-12-14 11:55:14','1'),
('1','8320000','2019-12-14 11:55:14','1'),
('1','8330000','2019-12-14 11:55:14','1'),
('1','8340000','2019-12-14 11:55:14','1'),
('1','8398b906bfd903c55d3bab220d95d050','2019-12-24 16:27:16','1'),
('1','8400000','2019-12-14 11:55:14','1'),
('1','8410000','2019-12-14 11:55:14','1'),
('1','8420000','2019-12-14 11:55:14','1'),
('1','8430000','2019-12-14 11:55:14','1'),
('1','8500000','2019-12-14 11:55:14','1'),
('1','8aae802c5e76c10fb00c342870aec822','2019-12-28 19:03:56','1'),
('1','8bd8eabf33a6b8b56c04392063bade07','2019-12-14 11:55:14','1'),
('1','92e0817e3f1f38b2f307a12dfb57f973','2019-12-14 11:55:14','1'),
('1','9758015e84ca9001f54651db3e215f22','2019-12-14 11:55:14','1'),
('1','997766d975fecca2bbc6d87a1ffa33bc','2019-12-18 18:29:32','1'),
('1','99de545b2709c749074253793b0b3579','2019-12-28 19:04:18','1'),
('1','9a41a7f503b9ee40f552b8c39d6860a4','2019-12-14 11:55:14','1'),
('1','9de3c01d50199f569d58979adba94190','2019-12-14 11:55:14','1'),
('1','a020c0eda490bc5acbbdab8aed5de286','2019-12-14 11:55:14','1'),
('1','a18a3759214257e8ad00b4e8e250b097','2019-12-24 16:28:12','1'),
('1','a1b97d911a253bbb7984d914423edab1','2019-12-24 16:27:43','1'),
('1','a1d5a717939198826962f7621f86f53d','2019-12-14 11:55:14','1'),
('1','a24da84b7de0787d578d5f60c3803d2f','2019-12-14 11:55:14','1'),
('1','a263bd8cbe22bceab8ecd4f6e2b827b4','2019-12-14 11:55:14','1'),
('1','a96328161a39450238e8cafa243b7c35','2019-12-14 11:55:14','1'),
('1','ae0619ea3e5b86a3e382081680785f7e','2019-12-14 11:55:14','1'),
('1','b7fb7e7511057c292f4e7a567803e49c','2019-12-14 11:55:14','1'),
('1','ba1273686386588c78b20b93fcb1779f','2019-12-14 11:57:55','1'),
('1','bec7e2f7cf4ad760bbe550fa05f7eec4','2019-12-28 19:03:36','1'),
('1','bf99fd6d49b5db3a107848984daff0ba','2019-12-14 11:55:14','1'),
('1','c0ed022164dbf21954ef79dfb3d70ed3','2019-12-14 11:55:14','1'),
('1','c247293edbfc0ee004f413cb6ee654cd','2019-12-14 11:55:14','1'),
('1','c35e06fc6b2b474a14aff1d7a69aaef9','2019-12-14 11:55:14','1'),
('1','cb3e50350c8d982ee23474146281f7ed','2020-01-03 19:49:23','1'),
('1','d2d722dc5a535b918e8edc711e77d5c6','2019-12-14 11:55:14','1'),
('1','d56d79f193c43e90ef3bef5b1d19bee8','2019-12-14 11:55:14','1'),
('1','d9c8041c62c50f859b049e86357d1c41','2019-12-14 11:55:14','1'),
('1','db95df20df51a46afa7935f38efb7360','2019-12-14 11:55:14','1'),
('1','e2ab8932bc86ad98b917c22731205caa','2019-12-14 11:55:14','1'),
('1','e3a14107a9e90f90922f7053a379a719','2019-12-14 11:55:14','1'),
('1','e6a73489db9ef754101570b0e6d0d2e5','2019-12-24 16:22:03','1'),
('1','e6ae905517592d8b3f30a0a5a1bfb65b','2019-12-14 11:55:14','1'),
('1','e9c150621e6bcfd7f0cea479d2ab9236','2019-12-14 11:55:14','1'),
('1','eace6e697073de815152466b9c493c4d','2019-12-14 11:55:14','1'),
('1','ec18bd25c6ed99faaa7cc8190fa23db1','2019-12-14 11:55:14','1'),
('1','ec1b689468ac0eab23713ce41273ae4b','2019-12-14 11:55:14','1'),
('1','ec21dec4d5791af4e30c34f7d077f06d','2019-12-24 16:23:17','1'),
('1','edcaca9d4cc487aefe2c0c043bb95c30','2019-12-14 11:55:14','1'),
('1','f277b11dd1a5bafe707e4694eb506899','2019-12-14 11:55:14','1'),
('1','f4eae5341815bec413ef64e3e6524385','2019-12-14 11:55:14','1'),
('1','f513f9e7cb53c16e5de982e12268b070','2019-12-14 11:55:14','1'),
('1','f6cb055276971023060a341236237bb2','2019-12-24 16:15:35','1'),
('1','f9ef6fbe98f64ab0f0076d9d51a34f2e','2019-12-14 11:55:14','1'),
('1','fda6b16ece50ede8a7a5bb16213753d0','2019-12-14 12:00:49','1'),
('1','fe8074f23fa08934775bc7d06401fd3f','2019-12-24 16:26:39','1'),
('1','fef4dfeeb78c4f299e0e6e1a43be3585','2019-12-14 11:55:14','1'),
('1225287929196146689','1000000','2020-02-23 15:06:33','1'),
('1225287929196146689','1100000','2020-02-23 15:06:33','1'),
('1225287929196146689','1101000','2020-02-23 15:06:33','1'),
('1225287929196146689','1102000','2020-02-23 15:06:33','1'),
('1225287929196146689','1103000','2020-02-23 15:06:33','1'),
('1225287929196146689','1104000','2020-02-23 15:06:33','1'),
('1225287929196146689','1105000','2020-02-23 15:06:33','1'),
('1225287929196146689','1200000','2020-02-23 15:06:33','1'),
('1225287929196146689','1201000','2020-02-23 15:06:33','1'),
('1225287929196146689','1202000','2020-02-23 15:06:33','1'),
('1225287929196146689','1203000','2020-02-23 15:06:33','1'),
('1225287929196146689','1224306298712969218','2020-02-23 15:06:33','1'),
('1225287929196146689','1224306628599173121','2020-02-23 15:06:33','1'),
('1225287929196146689','1224307007944609794','2020-02-23 15:06:33','1'),
('1225287929196146689','1225254548244733953','2020-02-23 15:06:33','1'),
('1225287929196146689','1226759608866893825','2020-02-23 15:06:33','1'),
('1225287929196146689','1226759834914713601','2020-02-23 15:06:33','1'),
('1225287929196146689','1226760046232137729','2020-02-23 15:06:33','1'),
('1225287929196146689','1226762096135340033','2020-02-23 15:06:33','1'),
('1225287929196146689','1227202152985784322','2020-02-23 15:06:33','1'),
('1225287929196146689','1227202599968567298','2020-02-23 15:06:33','1'),
('1225287929196146689','1227203300044042241','2020-02-23 15:06:33','1'),
('1225287929196146689','1227524298689736706','2020-02-23 15:06:33','1'),
('1225287929196146689','1227524435889614850','2020-02-23 15:06:33','1'),
('1225287929196146689','1229322873778180098','2020-02-23 15:06:33','1'),
('1225287929196146689','1229323003373785090','2020-02-23 15:06:33','1'),
('1225287929196146689','1229675965086429186','2020-02-23 15:06:33','1'),
('1225287929196146689','1231205330852978690','2020-02-23 15:06:33','1'),
('1225287929196146689','1300000','2020-02-23 15:06:33','1'),
('1225287929196146689','1301000','2020-02-23 15:06:33','1'),
('1225287929196146689','1302000','2020-02-23 15:06:33','1'),
('1225287929196146689','1303000','2020-02-23 15:06:33','1'),
('1225287929196146689','1304000','2020-02-23 15:06:33','1'),
('1225287929196146689','1305000','2020-02-23 15:06:33','1'),
('1225287929196146689','1400000','2020-02-23 15:06:33','1'),
('1225287929196146689','1401000','2020-02-23 15:06:33','1'),
('1225287929196146689','1402000','2020-02-23 15:06:33','1'),
('1225287929196146689','1403000','2020-02-23 15:06:33','1'),
('1225287929196146689','1404000','2020-02-23 15:06:33','1'),
('1225287929196146689','1923c874226184c056658a742f295534','2020-02-23 15:06:33','1'),
('1225287929196146689','2000000','2020-02-23 15:06:33','1'),
('1225287929196146689','2100000','2020-02-23 15:06:33','1'),
('1225287929196146689','2101000','2020-02-23 15:06:33','1'),
('1225287929196146689','2185077a9a1a8c4ed3ae2d892e17db1a','2020-02-23 15:06:33','1'),
('1225287929196146689','2200000','2020-02-23 15:06:33','1'),
('1225287929196146689','2201000','2020-02-23 15:06:33','1'),
('1225287929196146689','2202000','2020-02-23 15:06:33','1'),
('1225287929196146689','2203000','2020-02-23 15:06:33','1'),
('1225287929196146689','22dad641b94b70574166204f014e462d','2020-02-23 15:06:33','1'),
('1225287929196146689','2300000','2020-02-23 15:06:33','1'),
('1225287929196146689','2304aae6101ef1b56160e5cfe63b997a','2020-02-23 15:06:33','1'),
('1225287929196146689','2400000','2020-02-23 15:06:33','1'),
('1225287929196146689','2401000','2020-02-23 15:06:33','1'),
('1225287929196146689','2402000','2020-02-23 15:06:33','1'),
('1225287929196146689','2403000','2020-02-23 15:06:33','1'),
('1225287929196146689','241b84a3f3ae7876271634c094dee5cc','2020-02-23 15:06:33','1'),
('1225287929196146689','2500000','2020-02-23 15:06:33','1'),
('1225287929196146689','2501000','2020-02-23 15:06:33','1'),
('1225287929196146689','2502000','2020-02-23 15:06:33','1'),
('1225287929196146689','2503000','2020-02-23 15:06:33','1'),
('1225287929196146689','2600000','2020-02-23 15:06:33','1'),
('1225287929196146689','2601000','2020-02-23 15:06:33','1'),
('1225287929196146689','266d5676deeafd74df0febe6a45cc209','2020-02-23 15:06:33','1'),
('1225287929196146689','2700000','2020-02-23 15:06:33','1'),
('1225287929196146689','2b8fa95ebcb3111266ba38f833faf4db','2020-02-23 15:06:33','1'),
('1225287929196146689','35c3726d4956967e108dd142f71f6627','2020-02-23 15:06:33','1'),
('1225287929196146689','494aad894d5dd963bbb2b59642ab78a6','2020-02-23 15:06:33','1'),
('1225287929196146689','5d7eca401883fb565e5dfc7b855ed566','2020-02-23 15:06:33','1'),
('1225287929196146689','5f3b1faf8a0b5179bf32acd9759f2bfc','2020-02-23 15:06:33','1'),
('1225287929196146689','62165a91efcb202e65c55cde8a0ef62a','2020-02-23 15:06:33','1'),
('1225287929196146689','6a6eed170bf8d0d02e2c551992e8dc2d','2020-02-23 15:06:33','1'),
('1225287929196146689','7dcb5d797e46db0bfbc8a1bd2b2079b8','2020-02-23 15:06:33','1'),
('1225287929196146689','8100000','2020-02-23 15:06:33','1'),
('1225287929196146689','8110000','2020-02-23 15:06:33','1'),
('1225287929196146689','8111000','2020-02-23 15:06:33','1'),
('1225287929196146689','8112000','2020-02-23 15:06:33','1'),
('1225287929196146689','8113000','2020-02-23 15:06:33','1'),
('1225287929196146689','8114000','2020-02-23 15:06:33','1'),
('1225287929196146689','8120000','2020-02-23 15:06:33','1'),
('1225287929196146689','8121000','2020-02-23 15:06:33','1'),
('1225287929196146689','8122000','2020-02-23 15:06:33','1'),
('1225287929196146689','8123000','2020-02-23 15:06:33','1'),
('1225287929196146689','8124000','2020-02-23 15:06:33','1'),
('1225287929196146689','8125000','2020-02-23 15:06:33','1'),
('1225287929196146689','8126000','2020-02-23 15:06:33','1'),
('1225287929196146689','8127000','2020-02-23 15:06:33','1'),
('1225287929196146689','8130000','2020-02-23 15:06:33','1'),
('1225287929196146689','8131000','2020-02-23 15:06:33','1'),
('1225287929196146689','8132000','2020-02-23 15:06:33','1'),
('1225287929196146689','8133000','2020-02-23 15:06:33','1'),
('1225287929196146689','8134000','2020-02-23 15:06:33','1'),
('1225287929196146689','8140000','2020-02-23 15:06:33','1'),
('1225287929196146689','8141000','2020-02-23 15:06:33','1'),
('1225287929196146689','8142000','2020-02-23 15:06:33','1'),
('1225287929196146689','8150000','2020-02-23 15:06:33','1'),
('1225287929196146689','8151000','2020-02-23 15:06:33','1'),
('1225287929196146689','8152000','2020-02-23 15:06:33','1'),
('1225287929196146689','8153000','2020-02-23 15:06:33','1'),
('1225287929196146689','8154000','2020-02-23 15:06:33','1'),
('1225287929196146689','8160000','2020-02-23 15:06:33','1'),
('1225287929196146689','8161000','2020-02-23 15:06:33','1'),
('1225287929196146689','8162000','2020-02-23 15:06:33','1'),
('1225287929196146689','8163000','2020-02-23 15:06:33','1'),
('1225287929196146689','8164000','2020-02-23 15:06:33','1'),
('1225287929196146689','8170000','2020-02-23 15:06:33','1'),
('1225287929196146689','8171000','2020-02-23 15:06:33','1'),
('1225287929196146689','8172000','2020-02-23 15:06:33','1'),
('1225287929196146689','8173000','2020-02-23 15:06:33','1'),
('1225287929196146689','8174000','2020-02-23 15:06:33','1'),
('1225287929196146689','8180000','2020-02-23 15:06:33','1'),
('1225287929196146689','8181000','2020-02-23 15:06:33','1'),
('1225287929196146689','8182000','2020-02-23 15:06:33','1'),
('1225287929196146689','8183000','2020-02-23 15:06:33','1'),
('1225287929196146689','8184000','2020-02-23 15:06:33','1'),
('1225287929196146689','9758015e84ca9001f54651db3e215f22','2020-02-23 15:06:33','1'),
('1225287929196146689','9de3c01d50199f569d58979adba94190','2020-02-23 15:06:33','1'),
('1225287929196146689','a24da84b7de0787d578d5f60c3803d2f','2020-02-23 15:06:33','1'),
('1225287929196146689','b7fb7e7511057c292f4e7a567803e49c','2020-02-23 15:06:33','1'),
('1225287929196146689','d56d79f193c43e90ef3bef5b1d19bee8','2020-02-23 15:06:33','1'),
('1225287929196146689','d9c8041c62c50f859b049e86357d1c41','2020-02-23 15:06:33','1'),
('1225287929196146689','e3a14107a9e90f90922f7053a379a719','2020-02-23 15:06:33','1'),
('1225287929196146689','e9c150621e6bcfd7f0cea479d2ab9236','2020-02-23 15:06:33','1'),
('1225287929196146689','ec18bd25c6ed99faaa7cc8190fa23db1','2020-02-23 15:06:33','1'),
('1225287929196146689','ec1b689468ac0eab23713ce41273ae4b','2020-02-23 15:06:33','1'),
('1225287929196146689','edcaca9d4cc487aefe2c0c043bb95c30','2020-02-23 15:06:33','1'),
('1225287929196146689','f513f9e7cb53c16e5de982e12268b070','2020-02-23 15:06:33','1'),
('1225287929196146689','fef4dfeeb78c4f299e0e6e1a43be3585','2020-02-23 15:06:33','1'),
('2','01e9e720e3eedce613a297dcdddb3d63','2020-03-24 21:46:11','2'),
('2','04c920605926e47982b7ede7fa5c3ec6','2020-03-24 21:46:11','2'),
('2','0776fdb3afe857025aefeb6500f67fb6','2020-03-24 21:46:11','2'),
('2','088b9371d30c932f9ba555a457a165cb','2020-03-24 21:46:11','2'),
('2','097f4947ac78faf5074c357f5b1ee8f1','2020-03-24 21:46:11','2'),
('2','0d1cfcbd88e13d75ea9796d08b4964a0','2020-03-24 21:46:11','2'),
('2','1000000','2020-03-24 21:46:11','2'),
('2','10e7a8ca4da4f8cd9e36a375d7266f6a','2020-03-24 21:46:11','2'),
('2','1100000','2020-03-24 21:46:11','2'),
('2','1101000','2020-03-24 21:46:11','2'),
('2','1102000','2020-03-24 21:46:11','2'),
('2','1103000','2020-03-24 21:46:11','2'),
('2','1104000','2020-03-24 21:46:11','2'),
('2','1105000','2020-03-24 21:46:11','2'),
('2','1200000','2020-03-24 21:46:11','2'),
('2','1224306298712969218','2020-03-24 21:46:11','2'),
('2','1224306628599173121','2020-03-24 21:46:11','2'),
('2','1224307007944609794','2020-03-24 21:46:11','2'),
('2','1226513939979780098','2020-03-24 21:46:11','2'),
('2','1226514140274573313','2020-03-24 21:46:11','2'),
('2','1226514304217333762','2020-03-24 21:46:11','2'),
('2','1226514436212080641','2020-03-24 21:46:11','2'),
('2','1226514630622265346','2020-03-24 21:46:11','2'),
('2','1226514858779820034','2020-03-24 21:46:11','2'),
('2','1226525445274419201','2020-03-24 21:46:11','2'),
('2','1226525576396750849','2020-03-24 21:46:11','2'),
('2','1226525700103553025','2020-03-24 21:46:11','2'),
('2','1226525832920383490','2020-03-24 21:46:11','2'),
('2','1226525967616262146','2020-03-24 21:46:11','2'),
('2','1226526082179481602','2020-03-24 21:46:11','2'),
('2','1226759608866893825','2020-03-24 21:46:11','2'),
('2','1226759834914713601','2020-03-24 21:46:11','2'),
('2','1226760046232137729','2020-03-24 21:46:11','2'),
('2','1226762096135340033','2020-03-24 21:46:11','2'),
('2','1227202152985784322','2020-03-24 21:46:11','2'),
('2','1227202599968567298','2020-03-24 21:46:11','2'),
('2','1227203300044042241','2020-03-24 21:46:11','2'),
('2','1227524298689736706','2020-03-24 21:46:11','2'),
('2','1227524435889614850','2020-03-24 21:46:11','2'),
('2','1227568833306177537','2020-03-24 21:46:11','2'),
('2','1228676296659161089','2020-03-24 21:46:11','2'),
('2','1228676665992794113','2020-03-24 21:46:11','2'),
('2','1228676836369616897','2020-03-24 21:46:11','2'),
('2','1229322873778180098','2020-03-24 21:46:11','2'),
('2','1229323003373785090','2020-03-24 21:46:11','2'),
('2','1229675965086429186','2020-03-24 21:46:11','2'),
('2','1229750327311278082','2020-03-24 21:46:11','2'),
('2','1229750619910119425','2020-03-24 21:46:11','2'),
('2','1229750717675151362','2020-03-24 21:46:11','2'),
('2','1229750794644824065','2020-03-24 21:46:11','2'),
('2','1229750881777295362','2020-03-24 21:46:11','2'),
('2','1229750964161814530','2020-03-24 21:46:11','2'),
('2','1231205330852978690','2020-03-24 21:46:11','2'),
('2','1239766266052329473','2020-03-24 21:46:11','2'),
('2','1239766777090523137','2020-03-24 21:46:11','2'),
('2','1239766958087323650','2020-03-24 21:46:11','2'),
('2','1239767051196678145','2020-03-24 21:46:11','2'),
('2','1239767117328269313','2020-03-24 21:46:11','2'),
('2','1239767195036139522','2020-03-24 21:46:11','2'),
('2','1239767264883884034','2020-03-24 21:46:11','2'),
('2','1239767506106695682','2020-03-24 21:46:11','2'),
('2','1239767627204640770','2020-03-24 21:46:11','2'),
('2','129a20e268846e9f03e7c7317d34763a','2020-03-24 21:46:11','2'),
('2','1300000','2020-03-24 21:46:11','2'),
('2','1301000','2020-03-24 21:46:11','2'),
('2','1302000','2020-03-24 21:46:11','2'),
('2','1303000','2020-03-24 21:46:11','2'),
('2','1304000','2020-03-24 21:46:11','2'),
('2','1305000','2020-03-24 21:46:11','2'),
('2','1400000','2020-03-24 21:46:11','2'),
('2','1401000','2020-03-24 21:46:11','2'),
('2','1402000','2020-03-24 21:46:11','2'),
('2','1403000','2020-03-24 21:46:11','2'),
('2','1404000','2020-03-24 21:46:11','2'),
('2','158da8253a07848d3087e27742b90ecf','2020-03-24 21:46:11','2'),
('2','17e1ead2dacd1d312105b396b3517032','2020-03-24 21:46:11','2'),
('2','1803c5717dce433515683a91bb6d704b','2020-03-24 21:46:11','2'),
('2','1923c874226184c056658a742f295534','2020-03-24 21:46:11','2'),
('2','1a722cc14550813e4caeb5dee7bd5597','2020-03-24 21:46:11','2'),
('2','1ee60d42f423c8e0b1b0438ab69aaba4','2020-03-24 21:46:11','2'),
('2','2000000','2020-03-24 21:46:11','2'),
('2','2100000','2020-03-24 21:46:11','2'),
('2','2101000','2020-03-24 21:46:11','2'),
('2','2200000','2020-03-24 21:46:11','2'),
('2','22dad641b94b70574166204f014e462d','2020-03-24 21:46:11','2'),
('2','2300000','2020-03-24 21:46:11','2'),
('2','2400000','2020-03-24 21:46:11','2'),
('2','241b84a3f3ae7876271634c094dee5cc','2020-03-24 21:46:11','2'),
('2','2500000','2020-03-24 21:46:11','2'),
('2','2600000','2020-03-24 21:46:11','2'),
('2','2601000','2020-03-24 21:46:11','2'),
('2','2700000','2020-03-24 21:46:11','2'),
('2','2a437bae8175be76cb075ea2888f412d','2020-03-24 21:46:11','2'),
('2','2f5d0e7eda34754af13a3d3f519dce19','2020-03-24 21:46:11','2'),
('2','33f86fb25ecde4e2bc5ec0bdf9229e28','2020-03-24 21:46:11','2'),
('2','3412a37e6cdc2de99fd534b9327c6288','2020-03-24 21:46:11','2'),
('2','35c3726d4956967e108dd142f71f6627','2020-03-24 21:46:11','2'),
('2','39855c97d751071177ab9e88680b78aa','2020-03-24 21:46:11','2'),
('2','3d73a5a1971f8485850e387e00da4381','2020-03-24 21:46:11','2'),
('2','3fe13d13918b4386750fbc470cb74689','2020-03-24 21:46:11','2'),
('2','43886e8bc03aa4dbbd56b88bc7616b3f','2020-03-24 21:46:11','2'),
('2','4b382a3090885d2783f1f8a1c8e72da9','2020-03-24 21:46:11','2'),
('2','4d4ee31e793ab205bd1b0c0796ab464a','2020-03-24 21:46:11','2'),
('2','4e2f07380b3a3a3c83491b44becc87d1','2020-03-24 21:46:11','2'),
('2','56b7671766135eedb032de157694aecb','2020-03-24 21:46:11','2'),
('2','5905015167129a3fd2ac4440132f06e2','2020-03-24 21:46:11','2'),
('2','5a46087c7799d15b3f7dec6373459c18','2020-03-24 21:46:11','2'),
('2','5b1483fcac1c14bcabc28b7e50f21921','2020-03-24 21:46:11','2'),
('2','5b234a22036af9fcacaad011a3a5a207','2020-03-24 21:46:11','2'),
('2','5c4d7e01c344912ab0f55f4c951995f7','2020-03-24 21:46:11','2'),
('2','5d7eca401883fb565e5dfc7b855ed566','2020-03-24 21:46:11','2'),
('2','5f3b1faf8a0b5179bf32acd9759f2bfc','2020-03-24 21:46:11','2'),
('2','62165a91efcb202e65c55cde8a0ef62a','2020-03-24 21:46:11','2'),
('2','682cd9c287b1f8eddb5ffaa88711be49','2020-03-24 21:46:11','2'),
('2','6a6eed170bf8d0d02e2c551992e8dc2d','2020-03-24 21:46:11','2'),
('2','6c717f6f1ddc913366e4ba902f84aecf','2020-03-24 21:46:11','2'),
('2','6ce1a6e397603915346dc39d2cf2cd8e','2020-03-24 21:46:11','2'),
('2','6dcb14bf76e04a4f5345a1ec6bd7eacc','2020-03-24 21:46:11','2'),
('2','6e46351de075ab9febf8ee6ec17bdced','2020-03-24 21:46:11','2'),
('2','70429f02ff42a948929190d7363cb8ae','2020-03-24 21:46:11','2'),
('2','70a667199c0b5af89a9aec25395de035','2020-03-24 21:46:11','2'),
('2','70dbfd7911a393a3c50d1eef09a8708f','2020-03-24 21:46:11','2'),
('2','71efc9c14c1c83dd30c826e82ea33eda','2020-03-24 21:46:11','2'),
('2','74008da0be270ec7c90d9b44d5336e24','2020-03-24 21:46:11','2'),
('2','7b507e991dc0d6364e9ede4a3e3c0f75','2020-03-24 21:46:11','2'),
('2','7b7dce33eb721f48c81c4c245345bf2d','2020-03-24 21:46:11','2'),
('2','7dcb5d797e46db0bfbc8a1bd2b2079b8','2020-03-24 21:46:11','2'),
('2','7f2e1c50777c7b3009fb44af37766a54','2020-03-24 21:46:11','2'),
('2','7f9dde9bc5f370716d2295302b78a5c1','2020-03-24 21:46:11','2'),
('2','8000000','2020-03-24 21:46:11','2'),
('2','8100000','2020-03-24 21:46:11','2'),
('2','8110000','2020-03-24 21:46:11','2'),
('2','8111000','2020-03-24 21:46:11','2'),
('2','8112000','2020-03-24 21:46:11','2'),
('2','8113000','2020-03-24 21:46:11','2'),
('2','8114000','2020-03-24 21:46:11','2'),
('2','8120000','2020-03-24 21:46:11','2'),
('2','8121000','2020-03-24 21:46:11','2'),
('2','8122000','2020-03-24 21:46:11','2'),
('2','8123000','2020-03-24 21:46:11','2'),
('2','8124000','2020-03-24 21:46:11','2'),
('2','8125000','2020-03-24 21:46:11','2'),
('2','8126000','2020-03-24 21:46:11','2'),
('2','8127000','2020-03-24 21:46:11','2'),
('2','8130000','2020-03-24 21:46:11','2'),
('2','8131000','2020-03-24 21:46:11','2'),
('2','8132000','2020-03-24 21:46:11','2'),
('2','8133000','2020-03-24 21:46:11','2'),
('2','8134000','2020-03-24 21:46:11','2'),
('2','8140000','2020-03-24 21:46:11','2'),
('2','8141000','2020-03-24 21:46:11','2'),
('2','8142000','2020-03-24 21:46:11','2'),
('2','8150000','2020-03-24 21:46:11','2'),
('2','8151000','2020-03-24 21:46:11','2'),
('2','8152000','2020-03-24 21:46:11','2'),
('2','8153000','2020-03-24 21:46:11','2'),
('2','8154000','2020-03-24 21:46:11','2'),
('2','8160000','2020-03-24 21:46:11','2'),
('2','8161000','2020-03-24 21:46:11','2'),
('2','8162000','2020-03-24 21:46:11','2'),
('2','8163000','2020-03-24 21:46:11','2'),
('2','8164000','2020-03-24 21:46:11','2'),
('2','8170000','2020-03-24 21:46:11','2'),
('2','8171000','2020-03-24 21:46:11','2'),
('2','8172000','2020-03-24 21:46:11','2'),
('2','8173000','2020-03-24 21:46:11','2'),
('2','8174000','2020-03-24 21:46:11','2'),
('2','8180000','2020-03-24 21:46:11','2'),
('2','8181000','2020-03-24 21:46:11','2'),
('2','8182000','2020-03-24 21:46:11','2'),
('2','8183000','2020-03-24 21:46:11','2'),
('2','8184000','2020-03-24 21:46:11','2'),
('2','8200000','2020-03-24 21:46:11','2'),
('2','8210000','2020-03-24 21:46:11','2'),
('2','8220000','2020-03-24 21:46:11','2'),
('2','8230000','2020-03-24 21:46:11','2'),
('2','8240000','2020-03-24 21:46:11','2'),
('2','82dcc2e0e8ca1c0f8bd4c424a5dda5c5','2020-03-24 21:46:11','2'),
('2','8300000','2020-03-24 21:46:11','2'),
('2','8310000','2020-03-24 21:46:11','2'),
('2','8320000','2020-03-24 21:46:11','2'),
('2','8330000','2020-03-24 21:46:11','2'),
('2','8340000','2020-03-24 21:46:11','2'),
('2','8398b906bfd903c55d3bab220d95d050','2020-03-24 21:46:11','2'),
('2','8400000','2020-03-24 21:46:11','2'),
('2','8410000','2020-03-24 21:46:11','2'),
('2','8420000','2020-03-24 21:46:11','2'),
('2','8430000','2020-03-24 21:46:11','2'),
('2','8500000','2020-03-24 21:46:11','2'),
('2','8aae802c5e76c10fb00c342870aec822','2020-03-24 21:46:11','2'),
('2','8bd8eabf33a6b8b56c04392063bade07','2020-03-24 21:46:11','2'),
('2','92e0817e3f1f38b2f307a12dfb57f973','2020-03-24 21:46:11','2'),
('2','9758015e84ca9001f54651db3e215f22','2020-03-24 21:46:11','2'),
('2','997766d975fecca2bbc6d87a1ffa33bc','2020-03-24 21:46:11','2'),
('2','99de545b2709c749074253793b0b3579','2020-03-24 21:46:11','2'),
('2','9a41a7f503b9ee40f552b8c39d6860a4','2020-03-24 21:46:11','2'),
('2','a020c0eda490bc5acbbdab8aed5de286','2020-03-24 21:46:11','2'),
('2','a18a3759214257e8ad00b4e8e250b097','2020-03-24 21:46:11','2'),
('2','a1b97d911a253bbb7984d914423edab1','2020-03-24 21:46:11','2'),
('2','a1d5a717939198826962f7621f86f53d','2020-03-24 21:46:11','2'),
('2','a24da84b7de0787d578d5f60c3803d2f','2020-03-24 21:46:11','2'),
('2','a263bd8cbe22bceab8ecd4f6e2b827b4','2020-03-24 21:46:11','2'),
('2','a96328161a39450238e8cafa243b7c35','2020-03-24 21:46:11','2'),
('2','ae0619ea3e5b86a3e382081680785f7e','2020-03-24 21:46:11','2'),
('2','b7fb7e7511057c292f4e7a567803e49c','2020-03-24 21:46:11','2'),
('2','ba1273686386588c78b20b93fcb1779f','2020-03-24 21:46:11','2'),
('2','bec7e2f7cf4ad760bbe550fa05f7eec4','2020-03-24 21:46:11','2'),
('2','bf99fd6d49b5db3a107848984daff0ba','2020-03-24 21:46:11','2'),
('2','c0ed022164dbf21954ef79dfb3d70ed3','2020-03-24 21:46:11','2'),
('2','c247293edbfc0ee004f413cb6ee654cd','2020-03-24 21:46:11','2'),
('2','c35e06fc6b2b474a14aff1d7a69aaef9','2020-03-24 21:46:11','2'),
('2','cb3e50350c8d982ee23474146281f7ed','2020-03-24 21:46:11','2'),
('2','d2d722dc5a535b918e8edc711e77d5c6','2020-03-24 21:46:11','2'),
('2','d56d79f193c43e90ef3bef5b1d19bee8','2020-03-24 21:46:11','2'),
('2','d9c8041c62c50f859b049e86357d1c41','2020-03-24 21:46:11','2'),
('2','db95df20df51a46afa7935f38efb7360','2020-03-24 21:46:11','2'),
('2','e2ab8932bc86ad98b917c22731205caa','2020-03-24 21:46:11','2'),
('2','e3a14107a9e90f90922f7053a379a719','2020-03-24 21:46:11','2'),
('2','e6a73489db9ef754101570b0e6d0d2e5','2020-03-24 21:46:11','2'),
('2','e6ae905517592d8b3f30a0a5a1bfb65b','2020-03-24 21:46:11','2'),
('2','eace6e697073de815152466b9c493c4d','2020-03-24 21:46:11','2'),
('2','ec18bd25c6ed99faaa7cc8190fa23db1','2020-03-24 21:46:11','2'),
('2','ec1b689468ac0eab23713ce41273ae4b','2020-03-24 21:46:11','2'),
('2','ec21dec4d5791af4e30c34f7d077f06d','2020-03-24 21:46:11','2'),
('2','edcaca9d4cc487aefe2c0c043bb95c30','2020-03-24 21:46:11','2'),
('2','f277b11dd1a5bafe707e4694eb506899','2020-03-24 21:46:11','2'),
('2','f4eae5341815bec413ef64e3e6524385','2020-03-24 21:46:11','2'),
('2','f513f9e7cb53c16e5de982e12268b070','2020-03-24 21:46:11','2'),
('2','f6cb055276971023060a341236237bb2','2020-03-24 21:46:11','2'),
('2','f9ef6fbe98f64ab0f0076d9d51a34f2e','2020-03-24 21:46:11','2'),
('2','fda6b16ece50ede8a7a5bb16213753d0','2020-03-24 21:46:11','2'),
('2','fe8074f23fa08934775bc7d06401fd3f','2020-03-24 21:46:11','2'),
('2','fef4dfeeb78c4f299e0e6e1a43be3585','2020-03-24 21:46:11','2'),
('3','01e9e720e3eedce613a297dcdddb3d63','2020-02-27 13:33:42','1'),
('3','04c920605926e47982b7ede7fa5c3ec6','2020-02-27 13:33:42','1'),
('3','0776fdb3afe857025aefeb6500f67fb6','2020-02-27 13:33:42','1'),
('3','088b9371d30c932f9ba555a457a165cb','2020-02-27 13:33:42','1'),
('3','097f4947ac78faf5074c357f5b1ee8f1','2020-02-27 13:33:42','1'),
('3','0d1cfcbd88e13d75ea9796d08b4964a0','2020-02-27 13:33:42','1'),
('3','1000000','2020-02-27 13:33:42','1'),
('3','10e7a8ca4da4f8cd9e36a375d7266f6a','2020-02-27 13:33:42','1'),
('3','1100000','2020-02-27 13:33:42','1'),
('3','1101000','2020-02-27 13:33:42','1'),
('3','1102000','2020-02-27 13:33:42','1'),
('3','1103000','2020-02-27 13:33:42','1'),
('3','1104000','2020-02-27 13:33:42','1'),
('3','1105000','2020-02-27 13:33:42','1'),
('3','1200000','2020-02-27 13:33:42','1'),
('3','1201000','2020-02-27 13:33:42','1'),
('3','1202000','2020-02-27 13:33:42','1'),
('3','1203000','2020-02-27 13:33:42','1'),
('3','1224306298712969218','2020-02-27 13:33:42','1'),
('3','1224306628599173121','2020-02-27 13:33:42','1'),
('3','1224307007944609794','2020-02-27 13:33:42','1'),
('3','1225254548244733953','2020-02-27 13:33:42','1'),
('3','1226513939979780098','2020-02-27 13:33:42','1'),
('3','1226514140274573313','2020-02-27 13:33:42','1'),
('3','1226514304217333762','2020-02-27 13:33:42','1'),
('3','1226514436212080641','2020-02-27 13:33:42','1'),
('3','1226514630622265346','2020-02-27 13:33:42','1'),
('3','1226514858779820034','2020-02-27 13:33:42','1'),
('3','1226525445274419201','2020-02-27 13:33:42','1'),
('3','1226525576396750849','2020-02-27 13:33:42','1'),
('3','1226525700103553025','2020-02-27 13:33:42','1'),
('3','1226525832920383490','2020-02-27 13:33:42','1'),
('3','1226525967616262146','2020-02-27 13:33:42','1'),
('3','1226526082179481602','2020-02-27 13:33:42','1'),
('3','1226759608866893825','2020-02-27 13:33:42','1'),
('3','1226759834914713601','2020-02-27 13:33:42','1'),
('3','1226760046232137729','2020-02-27 13:33:42','1'),
('3','1226762096135340033','2020-02-27 13:33:42','1'),
('3','1227202152985784322','2020-02-27 13:33:42','1'),
('3','1227202599968567298','2020-02-27 13:33:42','1'),
('3','1227203300044042241','2020-02-27 13:33:42','1'),
('3','1227524298689736706','2020-02-27 13:33:42','1'),
('3','1227524435889614850','2020-02-27 13:33:42','1'),
('3','1227568833306177537','2020-02-27 13:33:42','1'),
('3','1228676296659161089','2020-02-27 13:33:42','1'),
('3','1228676665992794113','2020-02-27 13:33:42','1'),
('3','1228676836369616897','2020-02-27 13:33:42','1'),
('3','1229322873778180098','2020-02-27 13:33:42','1'),
('3','1229323003373785090','2020-02-27 13:33:42','1'),
('3','1229675965086429186','2020-02-27 13:33:42','1'),
('3','1229750327311278082','2020-02-27 13:33:42','1'),
('3','1229750619910119425','2020-02-27 13:33:42','1'),
('3','1229750717675151362','2020-02-27 13:33:42','1'),
('3','1229750794644824065','2020-02-27 13:33:42','1'),
('3','1229750881777295362','2020-02-27 13:33:42','1'),
('3','1229750964161814530','2020-02-27 13:33:42','1'),
('3','1231205330852978690','2020-02-27 13:33:42','1'),
('3','129a20e268846e9f03e7c7317d34763a','2020-02-27 13:33:42','1'),
('3','1300000','2020-02-27 13:33:42','1'),
('3','1301000','2020-02-27 13:33:42','1'),
('3','1302000','2020-02-27 13:33:42','1'),
('3','1303000','2020-02-27 13:33:42','1'),
('3','1304000','2020-02-27 13:33:42','1'),
('3','1305000','2020-02-27 13:33:42','1'),
('3','1400000','2020-02-27 13:33:42','1'),
('3','1401000','2020-02-27 13:33:42','1'),
('3','1402000','2020-02-27 13:33:42','1'),
('3','1403000','2020-02-27 13:33:42','1'),
('3','1404000','2020-02-27 13:33:42','1'),
('3','158da8253a07848d3087e27742b90ecf','2020-02-27 13:33:42','1'),
('3','17e1ead2dacd1d312105b396b3517032','2020-02-27 13:33:42','1'),
('3','1803c5717dce433515683a91bb6d704b','2020-02-27 13:33:42','1'),
('3','1923c874226184c056658a742f295534','2020-02-27 13:33:42','1'),
('3','1a722cc14550813e4caeb5dee7bd5597','2020-02-27 13:33:42','1'),
('3','1ee60d42f423c8e0b1b0438ab69aaba4','2020-02-27 13:33:42','1'),
('3','2000000','2020-02-27 13:33:42','1'),
('3','2100000','2020-02-27 13:33:42','1'),
('3','2101000','2020-02-27 13:33:42','1'),
('3','2185077a9a1a8c4ed3ae2d892e17db1a','2020-02-27 13:33:42','1'),
('3','2200000','2020-02-27 13:33:42','1'),
('3','2201000','2020-02-27 13:33:42','1'),
('3','2202000','2020-02-27 13:33:42','1'),
('3','2203000','2020-02-27 13:33:42','1'),
('3','22dad641b94b70574166204f014e462d','2020-02-27 13:33:42','1'),
('3','2300000','2020-02-27 13:33:42','1'),
('3','2304aae6101ef1b56160e5cfe63b997a','2020-02-27 13:33:42','1'),
('3','2400000','2020-02-27 13:33:42','1'),
('3','2401000','2020-02-27 13:33:42','1'),
('3','2402000','2020-02-27 13:33:42','1'),
('3','2403000','2020-02-27 13:33:42','1'),
('3','241b84a3f3ae7876271634c094dee5cc','2020-02-27 13:33:42','1'),
('3','2500000','2020-02-27 13:33:42','1'),
('3','2501000','2020-02-27 13:33:42','1'),
('3','2502000','2020-02-27 13:33:42','1'),
('3','2503000','2020-02-27 13:33:42','1'),
('3','2600000','2020-02-27 13:33:42','1'),
('3','2601000','2020-02-27 13:33:42','1'),
('3','266d5676deeafd74df0febe6a45cc209','2020-02-27 13:33:42','1'),
('3','2700000','2020-02-27 13:33:42','1'),
('3','2a437bae8175be76cb075ea2888f412d','2020-02-27 13:33:42','1'),
('3','2b8fa95ebcb3111266ba38f833faf4db','2020-02-27 13:33:42','1'),
('3','2f5d0e7eda34754af13a3d3f519dce19','2020-02-27 13:33:42','1'),
('3','33f86fb25ecde4e2bc5ec0bdf9229e28','2020-02-27 13:33:42','1'),
('3','3412a37e6cdc2de99fd534b9327c6288','2020-02-27 13:33:42','1'),
('3','35c3726d4956967e108dd142f71f6627','2020-02-27 13:33:42','1'),
('3','39855c97d751071177ab9e88680b78aa','2020-02-27 13:33:42','1'),
('3','3d73a5a1971f8485850e387e00da4381','2020-02-27 13:33:42','1'),
('3','3fe13d13918b4386750fbc470cb74689','2020-02-27 13:33:42','1'),
('3','43886e8bc03aa4dbbd56b88bc7616b3f','2020-02-27 13:33:42','1'),
('3','494aad894d5dd963bbb2b59642ab78a6','2020-02-27 13:33:42','1'),
('3','4b382a3090885d2783f1f8a1c8e72da9','2020-02-27 13:33:42','1'),
('3','4d4ee31e793ab205bd1b0c0796ab464a','2020-02-27 13:33:42','1'),
('3','4e2f07380b3a3a3c83491b44becc87d1','2020-02-27 13:33:42','1'),
('3','56b7671766135eedb032de157694aecb','2020-02-27 13:33:42','1'),
('3','5905015167129a3fd2ac4440132f06e2','2020-02-27 13:33:42','1'),
('3','5a46087c7799d15b3f7dec6373459c18','2020-02-27 13:33:42','1'),
('3','5b1483fcac1c14bcabc28b7e50f21921','2020-02-27 13:33:42','1'),
('3','5b234a22036af9fcacaad011a3a5a207','2020-02-27 13:33:42','1'),
('3','5c4d7e01c344912ab0f55f4c951995f7','2020-02-27 13:33:42','1'),
('3','5d7eca401883fb565e5dfc7b855ed566','2020-02-27 13:33:42','1'),
('3','5f3b1faf8a0b5179bf32acd9759f2bfc','2020-02-27 13:33:42','1'),
('3','62165a91efcb202e65c55cde8a0ef62a','2020-02-27 13:33:42','1'),
('3','682cd9c287b1f8eddb5ffaa88711be49','2020-02-27 13:33:42','1'),
('3','6a6eed170bf8d0d02e2c551992e8dc2d','2020-02-27 13:33:42','1'),
('3','6c717f6f1ddc913366e4ba902f84aecf','2020-02-27 13:33:42','1'),
('3','6ce1a6e397603915346dc39d2cf2cd8e','2020-02-27 13:33:42','1'),
('3','6dcb14bf76e04a4f5345a1ec6bd7eacc','2020-02-27 13:33:42','1'),
('3','6e46351de075ab9febf8ee6ec17bdced','2020-02-27 13:33:42','1'),
('3','70429f02ff42a948929190d7363cb8ae','2020-02-27 13:33:42','1'),
('3','70a667199c0b5af89a9aec25395de035','2020-02-27 13:33:42','1'),
('3','70dbfd7911a393a3c50d1eef09a8708f','2020-02-27 13:33:42','1'),
('3','71efc9c14c1c83dd30c826e82ea33eda','2020-02-27 13:33:42','1'),
('3','74008da0be270ec7c90d9b44d5336e24','2020-02-27 13:33:42','1'),
('3','7b507e991dc0d6364e9ede4a3e3c0f75','2020-02-27 13:33:42','1'),
('3','7b7dce33eb721f48c81c4c245345bf2d','2020-02-27 13:33:42','1'),
('3','7dcb5d797e46db0bfbc8a1bd2b2079b8','2020-02-27 13:33:42','1'),
('3','7f2e1c50777c7b3009fb44af37766a54','2020-02-27 13:33:42','1'),
('3','7f9dde9bc5f370716d2295302b78a5c1','2020-02-27 13:33:42','1'),
('3','8000000','2020-02-27 13:33:42','1'),
('3','8100000','2020-02-27 13:33:42','1'),
('3','8110000','2020-02-27 13:33:42','1'),
('3','8111000','2020-02-27 13:33:42','1'),
('3','8112000','2020-02-27 13:33:42','1'),
('3','8113000','2020-02-27 13:33:42','1'),
('3','8114000','2020-02-27 13:33:42','1'),
('3','8120000','2020-02-27 13:33:42','1'),
('3','8121000','2020-02-27 13:33:42','1'),
('3','8122000','2020-02-27 13:33:42','1'),
('3','8123000','2020-02-27 13:33:42','1'),
('3','8124000','2020-02-27 13:33:42','1'),
('3','8125000','2020-02-27 13:33:42','1'),
('3','8126000','2020-02-27 13:33:42','1'),
('3','8127000','2020-02-27 13:33:42','1'),
('3','8130000','2020-02-27 13:33:42','1'),
('3','8131000','2020-02-27 13:33:42','1'),
('3','8132000','2020-02-27 13:33:42','1'),
('3','8133000','2020-02-27 13:33:42','1'),
('3','8134000','2020-02-27 13:33:42','1'),
('3','8140000','2020-02-27 13:33:42','1'),
('3','8141000','2020-02-27 13:33:42','1'),
('3','8142000','2020-02-27 13:33:42','1'),
('3','8150000','2020-02-27 13:33:42','1'),
('3','8151000','2020-02-27 13:33:42','1'),
('3','8152000','2020-02-27 13:33:42','1'),
('3','8153000','2020-02-27 13:33:42','1'),
('3','8154000','2020-02-27 13:33:42','1'),
('3','8160000','2020-02-27 13:33:42','1'),
('3','8161000','2020-02-27 13:33:42','1'),
('3','8162000','2020-02-27 13:33:42','1'),
('3','8163000','2020-02-27 13:33:42','1'),
('3','8164000','2020-02-27 13:33:42','1'),
('3','8170000','2020-02-27 13:33:42','1'),
('3','8171000','2020-02-27 13:33:42','1'),
('3','8172000','2020-02-27 13:33:42','1'),
('3','8173000','2020-02-27 13:33:42','1'),
('3','8174000','2020-02-27 13:33:42','1'),
('3','8180000','2020-02-27 13:33:42','1'),
('3','8181000','2020-02-27 13:33:42','1'),
('3','8182000','2020-02-27 13:33:42','1'),
('3','8183000','2020-02-27 13:33:42','1'),
('3','8184000','2020-02-27 13:33:42','1'),
('3','8200000','2020-02-27 13:33:42','1'),
('3','8210000','2020-02-27 13:33:42','1'),
('3','8220000','2020-02-27 13:33:42','1'),
('3','8230000','2020-02-27 13:33:42','1'),
('3','8240000','2020-02-27 13:33:42','1'),
('3','82dcc2e0e8ca1c0f8bd4c424a5dda5c5','2020-02-27 13:33:42','1'),
('3','8300000','2020-02-27 13:33:42','1'),
('3','8310000','2020-02-27 13:33:42','1'),
('3','8320000','2020-02-27 13:33:42','1'),
('3','8330000','2020-02-27 13:33:42','1'),
('3','8340000','2020-02-27 13:33:42','1'),
('3','8398b906bfd903c55d3bab220d95d050','2020-02-27 13:33:42','1'),
('3','8400000','2020-02-27 13:33:42','1'),
('3','8410000','2020-02-27 13:33:42','1'),
('3','8420000','2020-02-27 13:33:42','1'),
('3','8430000','2020-02-27 13:33:42','1'),
('3','8500000','2020-02-27 13:33:42','1'),
('3','8aae802c5e76c10fb00c342870aec822','2020-02-27 13:33:42','1'),
('3','8bd8eabf33a6b8b56c04392063bade07','2020-02-27 13:33:42','1'),
('3','92e0817e3f1f38b2f307a12dfb57f973','2020-02-27 13:33:42','1'),
('3','9758015e84ca9001f54651db3e215f22','2020-02-27 13:33:42','1'),
('3','997766d975fecca2bbc6d87a1ffa33bc','2020-02-27 13:33:42','1'),
('3','99de545b2709c749074253793b0b3579','2020-02-27 13:33:42','1'),
('3','9a41a7f503b9ee40f552b8c39d6860a4','2020-02-27 13:33:42','1'),
('3','9de3c01d50199f569d58979adba94190','2020-02-27 13:33:42','1'),
('3','a020c0eda490bc5acbbdab8aed5de286','2020-02-27 13:33:42','1'),
('3','a18a3759214257e8ad00b4e8e250b097','2020-02-27 13:33:42','1'),
('3','a1b97d911a253bbb7984d914423edab1','2020-02-27 13:33:42','1'),
('3','a1d5a717939198826962f7621f86f53d','2020-02-27 13:33:42','1'),
('3','a24da84b7de0787d578d5f60c3803d2f','2020-02-27 13:33:42','1'),
('3','a263bd8cbe22bceab8ecd4f6e2b827b4','2020-02-27 13:33:42','1'),
('3','a96328161a39450238e8cafa243b7c35','2020-02-27 13:33:42','1'),
('3','ae0619ea3e5b86a3e382081680785f7e','2020-02-27 13:33:42','1'),
('3','b7fb7e7511057c292f4e7a567803e49c','2020-02-27 13:33:42','1'),
('3','ba1273686386588c78b20b93fcb1779f','2020-02-27 13:33:42','1'),
('3','bec7e2f7cf4ad760bbe550fa05f7eec4','2020-02-27 13:33:42','1'),
('3','bf99fd6d49b5db3a107848984daff0ba','2020-02-27 13:33:42','1'),
('3','c0ed022164dbf21954ef79dfb3d70ed3','2020-02-27 13:33:42','1'),
('3','c247293edbfc0ee004f413cb6ee654cd','2020-02-27 13:33:42','1'),
('3','c35e06fc6b2b474a14aff1d7a69aaef9','2020-02-27 13:33:42','1'),
('3','cb3e50350c8d982ee23474146281f7ed','2020-02-27 13:33:42','1'),
('3','d2d722dc5a535b918e8edc711e77d5c6','2020-02-27 13:33:42','1'),
('3','d56d79f193c43e90ef3bef5b1d19bee8','2020-02-27 13:33:42','1'),
('3','d9c8041c62c50f859b049e86357d1c41','2020-02-27 13:33:42','1'),
('3','db95df20df51a46afa7935f38efb7360','2020-02-27 13:33:42','1'),
('3','e2ab8932bc86ad98b917c22731205caa','2020-02-27 13:33:42','1'),
('3','e3a14107a9e90f90922f7053a379a719','2020-02-27 13:33:42','1'),
('3','e6a73489db9ef754101570b0e6d0d2e5','2020-02-27 13:33:42','1'),
('3','e6ae905517592d8b3f30a0a5a1bfb65b','2020-02-27 13:33:42','1'),
('3','e9c150621e6bcfd7f0cea479d2ab9236','2020-02-27 13:33:42','1'),
('3','eace6e697073de815152466b9c493c4d','2020-02-27 13:33:42','1'),
('3','ec18bd25c6ed99faaa7cc8190fa23db1','2020-02-27 13:33:42','1'),
('3','ec1b689468ac0eab23713ce41273ae4b','2020-02-27 13:33:42','1'),
('3','ec21dec4d5791af4e30c34f7d077f06d','2020-02-27 13:33:42','1'),
('3','edcaca9d4cc487aefe2c0c043bb95c30','2020-02-27 13:33:42','1'),
('3','f277b11dd1a5bafe707e4694eb506899','2020-02-27 13:33:42','1'),
('3','f4eae5341815bec413ef64e3e6524385','2020-02-27 13:33:42','1'),
('3','f513f9e7cb53c16e5de982e12268b070','2020-02-27 13:33:42','1'),
('3','f6cb055276971023060a341236237bb2','2020-02-27 13:33:42','1'),
('3','f9ef6fbe98f64ab0f0076d9d51a34f2e','2020-02-27 13:33:42','1'),
('3','fda6b16ece50ede8a7a5bb16213753d0','2020-02-27 13:33:42','1'),
('3','fe8074f23fa08934775bc7d06401fd3f','2020-02-27 13:33:42','1'),
('3','fef4dfeeb78c4f299e0e6e1a43be3585','2020-02-27 13:33:42','1');

/*Table structure for table `sys_third_party` */

DROP TABLE IF EXISTS `sys_third_party`;

CREATE TABLE `sys_third_party` (
  `id` varchar(32) CHARACTER SET utf8mb4 COLLATE utf8mb4_0900_ai_ci NOT NULL COMMENT '主鍵',
  `type` varchar(16) CHARACTER SET utf8mb4 COLLATE utf8mb4_0900_ai_ci NOT NULL COMMENT '类型',
  `remark` varchar(64) CHARACTER SET utf8mb4 COLLATE utf8mb4_0900_ai_ci DEFAULT NULL COMMENT '描述',
  `app_id` varchar(64) CHARACTER SET utf8mb4 COLLATE utf8mb4_0900_ai_ci NOT NULL COMMENT 'appid',
  `app_secret` varchar(64) CHARACTER SET utf8mb4 COLLATE utf8mb4_0900_ai_ci NOT NULL COMMENT 'app_secret',
  `redirect_url` varchar(128) CHARACTER SET utf8mb4 COLLATE utf8mb4_0900_ai_ci DEFAULT NULL COMMENT '回调地址',
  `create_time` datetime DEFAULT CURRENT_TIMESTAMP COMMENT '创建时间',
  `update_time` datetime DEFAULT CURRENT_TIMESTAMP ON UPDATE CURRENT_TIMESTAMP COMMENT '更新时间',
  `del_flag` char(1) CHARACTER SET utf8mb4 COLLATE utf8mb4_0900_ai_ci NOT NULL DEFAULT '0' COMMENT '逻辑删除标记（0：显示；1：隐藏）',
  PRIMARY KEY (`id`) USING BTREE
) ENGINE=InnoDB DEFAULT CHARSET=utf8mb4 COLLATE=utf8mb4_0900_ai_ci ROW_FORMAT=DYNAMIC COMMENT='第三方登录配置表';

/*Data for the table `sys_third_party` */

insert  into `sys_third_party`(`id`,`type`,`remark`,`app_id`,`app_secret`,`redirect_url`,`create_time`,`update_time`,`del_flag`) values 
('1','WX','微信','wx35654735724y56','346565464575475498e8534','demo.joolun.com','2018-08-16 14:24:25','2019-07-12 15:31:06','0');

/*Table structure for table `sys_user` */

DROP TABLE IF EXISTS `sys_user`;

CREATE TABLE `sys_user` (
  `id` varchar(32) CHARACTER SET utf8mb4 COLLATE utf8mb4_bin NOT NULL COMMENT '主键ID',
  `username` varchar(64) CHARACTER SET utf8mb4 COLLATE utf8mb4_bin NOT NULL COMMENT '用户名',
  `email` varchar(64) CHARACTER SET utf8mb4 COLLATE utf8mb4_bin DEFAULT NULL COMMENT '邮箱',
  `password` varchar(255) CHARACTER SET utf8mb4 COLLATE utf8mb4_bin NOT NULL,
  `salt` varchar(255) CHARACTER SET utf8mb4 COLLATE utf8mb4_bin DEFAULT NULL COMMENT '随机盐',
  `phone` varchar(20) CHARACTER SET utf8mb4 COLLATE utf8mb4_bin DEFAULT NULL COMMENT '简介',
  `avatar` varchar(255) CHARACTER SET utf8mb4 COLLATE utf8mb4_bin DEFAULT NULL COMMENT '头像',
  `organ_id` varchar(32) CHARACTER SET utf8mb4 COLLATE utf8mb4_bin DEFAULT NULL COMMENT '机构ID',
  `create_time` timestamp NULL DEFAULT CURRENT_TIMESTAMP COMMENT '创建时间',
  `update_time` timestamp NULL DEFAULT NULL ON UPDATE CURRENT_TIMESTAMP COMMENT '修改时间',
  `lock_flag` char(1) CHARACTER SET utf8mb4 COLLATE utf8mb4_bin DEFAULT '0' COMMENT '0-正常，9-锁定',
  `del_flag` char(1) CHARACTER SET utf8mb4 COLLATE utf8mb4_bin DEFAULT '0' COMMENT '逻辑删除标记（0：显示；1：隐藏）',
  `wx_openid` varchar(32) CHARACTER SET utf8mb4 COLLATE utf8mb4_bin DEFAULT NULL COMMENT '微信openid',
  `qq_openid` varchar(32) CHARACTER SET utf8mb4 COLLATE utf8mb4_bin DEFAULT NULL COMMENT 'QQ openid',
  `gitee_login` varchar(100) CHARACTER SET utf8mb4 COLLATE utf8mb4_bin DEFAULT NULL,
  `osc_id` varchar(100) CHARACTER SET utf8mb4 COLLATE utf8mb4_bin DEFAULT NULL,
  `tenant_id` varchar(32) CHARACTER SET utf8mb4 COLLATE utf8mb4_bin NOT NULL DEFAULT '0' COMMENT '所属租户',
  PRIMARY KEY (`id`) USING BTREE,
  UNIQUE KEY `uk_username` (`username`) USING BTREE,
  UNIQUE KEY `uk_email` (`email`) USING BTREE,
  KEY `user_wx_openid` (`wx_openid`) USING BTREE,
  KEY `user_qq_openid` (`qq_openid`) USING BTREE,
  KEY `ids_tenant_id` (`tenant_id`) USING BTREE
) ENGINE=InnoDB DEFAULT CHARSET=utf8mb4 COLLATE=utf8mb4_bin ROW_FORMAT=DYNAMIC COMMENT='用户表';

/*Data for the table `sys_user` */

insert  into `sys_user`(`id`,`username`,`email`,`password`,`salt`,`phone`,`avatar`,`organ_id`,`create_time`,`update_time`,`lock_flag`,`del_flag`,`wx_openid`,`qq_openid`,`gitee_login`,`osc_id`,`tenant_id`) values 
('1','admin','8888@qq.com','$2a$10$2wE33oQTpnBAu7OwGiwvLeee6Lm6R4g2lR.GsnRyXzUrxII9Ld8tC',NULL,'18652368888','http://joolun-base-test.oss-cn-zhangjiakou.aliyuncs.com/5.png','1','2018-04-20 07:15:18','2019-12-23 14:02:50','0','0','',NULL,NULL,NULL,'1'),
('1225288078861496321','test2','12365365325@qq.com','$2a$10$C0bivkLyUBlQGGr72rfugu1YN.Vw2lfnXBh1C8MwEwtjlEi5zsGRe',NULL,'',NULL,'1','2020-02-06 13:20:17','2020-02-12 21:21:59','0','0',NULL,NULL,NULL,NULL,'1'),
('4','admin2',NULL,'$2a$10$QOfWxxFyAMmEEmnuw9UI/..1s4B4eF/u9PzE2ZaGO.ij9YfmcUy.u',NULL,NULL,'http://joolun-base-test.oss-cn-zhangjiakou.aliyuncs.com/2.png','2','2019-07-27 17:02:42','2019-07-27 17:06:47','0','0',NULL,NULL,NULL,NULL,'2'),
('5','test','6666668@qq.com','$2a$10$vbhPmGL2fmnEDwAlDskgI.1C5ovXtlG5Vs51MocE/O67ni1hJOrDa',NULL,'','http://joolun-base-test.oss-cn-zhangjiakou.aliyuncs.com/u%3D392081896%2C3689918515%26fm%3D173.jpg','3','2019-07-13 15:46:06','2020-02-13 11:38:12','0','0',NULL,NULL,NULL,NULL,'1');

/*Table structure for table `sys_user_role` */

DROP TABLE IF EXISTS `sys_user_role`;

CREATE TABLE `sys_user_role` (
  `user_id` varchar(32) CHARACTER SET utf8 COLLATE utf8_general_ci NOT NULL COMMENT '用户ID',
  `role_id` varchar(32) CHARACTER SET utf8 COLLATE utf8_general_ci NOT NULL COMMENT '角色ID',
  `tenant_id` varchar(32) NOT NULL COMMENT '所属租户',
  PRIMARY KEY (`user_id`,`role_id`) USING BTREE
) ENGINE=InnoDB DEFAULT CHARSET=utf8 ROW_FORMAT=DYNAMIC COMMENT='用户角色表';

/*Data for the table `sys_user_role` */

insert  into `sys_user_role`(`user_id`,`role_id`,`tenant_id`) values 
('1','1','1'),
('1225288078861496321','1225287929196146689','1'),
('4','2','2'),
('5','3','1');

/*!40101 SET SQL_MODE=@OLD_SQL_MODE */;
/*!40014 SET FOREIGN_KEY_CHECKS=@OLD_FOREIGN_KEY_CHECKS */;
/*!40014 SET UNIQUE_CHECKS=@OLD_UNIQUE_CHECKS */;
/*!40111 SET SQL_NOTES=@OLD_SQL_NOTES */;
